Instance_Name,Execution_Time,Initial_Solution,Final_Solution
adapted_instance1000_m=3_n=25_l=15_c=10_s=0_1.txt,0.075238,57,51
adapted_instance1000_m=3_n=25_l=15_c=10_s=0_2.txt,0.052742,56,52
adapted_instance1000_m=3_n=25_l=15_c=10_s=0_3.txt,0.044087,56,53
adapted_instance1000_m=3_n=25_l=15_c=10_s=0_4.txt,0.065047,57,51
adapted_instance1000_m=3_n=25_l=15_c=10_s=0_5.txt,0.064715,56,51
adapted_instance1000_m=3_n=25_l=15_c=10_s=0_6.txt,0.054876,56,51
adapted_instance1000_m=3_n=25_l=15_c=10_s=0_7.txt,0.064556,58,51
adapted_instance1000_m=3_n=25_l=15_c=10_s=0_8.txt,0.053881,57,52
adapted_instance1000_m=3_n=25_l=15_c=10_s=0_9.txt,0.064241,57,52
adapted_instance1000_m=3_n=25_l=15_c=10_s=0_10.txt,0.052392,55,51
adapted_instance1002_m=3_n=25_l=15_c=10_s=2_1.txt,0.042562,55,50
adapted_instance1002_m=3_n=25_l=15_c=10_s=2_2.txt,0.06267,56,49
adapted_instance1002_m=3_n=25_l=15_c=10_s=2_3.txt,0.042154,54,50
adapted_instance1002_m=3_n=25_l=15_c=10_s=2_4.txt,0.033469,52,50
adapted_instance1002_m=3_n=25_l=15_c=10_s=2_5.txt,0.052841,57,51
adapted_instance1002_m=3_n=25_l=15_c=10_s=2_6.txt,0.053788,53,49
adapted_instance1002_m=3_n=25_l=15_c=10_s=2_7.txt,0.064983,55,50
adapted_instance1002_m=3_n=25_l=15_c=10_s=2_8.txt,0.065179,57,50
adapted_instance1002_m=3_n=25_l=15_c=10_s=2_9.txt,0.064465,55,49
adapted_instance1002_m=3_n=25_l=15_c=10_s=2_10.txt,0.066932,56,50
adapted_instance1004_m=3_n=25_l=15_c=10_s=1_1.txt,0.043734,54,50
adapted_instance1004_m=3_n=25_l=15_c=10_s=1_2.txt,0.052609,56,50
adapted_instance1004_m=3_n=25_l=15_c=10_s=1_3.txt,0.054364,58,51
adapted_instance1004_m=3_n=25_l=15_c=10_s=1_4.txt,0.054948,57,49
adapted_instance1004_m=3_n=25_l=15_c=10_s=1_5.txt,0.067948,57,51
adapted_instance1004_m=3_n=25_l=15_c=10_s=1_6.txt,0.05394,56,51
adapted_instance1004_m=3_n=25_l=15_c=10_s=1_7.txt,0.077448,57,50
adapted_instance1004_m=3_n=25_l=15_c=10_s=1_8.txt,0.074066,59,51
adapted_instance1004_m=3_n=25_l=15_c=10_s=1_9.txt,0.043859,57,52
adapted_instance1004_m=3_n=25_l=15_c=10_s=1_10.txt,0.063338,59,51
adapted_instance1006_m=3_n=25_l=15_c=10_s=0_1.txt,0.043574,52,50
adapted_instance1006_m=3_n=25_l=15_c=10_s=0_2.txt,0.052161,55,50
adapted_instance1006_m=3_n=25_l=15_c=10_s=0_3.txt,0.064733,57,50
adapted_instance1006_m=3_n=25_l=15_c=10_s=0_4.txt,0.063399,56,50
adapted_instance1006_m=3_n=25_l=15_c=10_s=0_5.txt,0.053243,55,50
adapted_instance1006_m=3_n=25_l=15_c=10_s=0_6.txt,0.044166,53,50
adapted_instance1006_m=3_n=25_l=15_c=10_s=0_7.txt,0.063945,56,50
adapted_instance1006_m=3_n=25_l=15_c=10_s=0_8.txt,0.05499,56,51
adapted_instance1006_m=3_n=25_l=15_c=10_s=0_9.txt,0.043089,53,50
adapted_instance1006_m=3_n=25_l=15_c=10_s=0_10.txt,0.051639,57,50
adapted_instance1008_m=3_n=25_l=15_c=10_s=2_1.txt,0.054683,57,52
adapted_instance1008_m=3_n=25_l=15_c=10_s=2_2.txt,0.043056,57,52
adapted_instance1008_m=3_n=25_l=15_c=10_s=2_3.txt,0.06402,56,52
adapted_instance1008_m=3_n=25_l=15_c=10_s=2_4.txt,0.045005,58,52
adapted_instance1008_m=3_n=25_l=15_c=10_s=2_5.txt,0.043158,54,52
adapted_instance1008_m=3_n=25_l=15_c=10_s=2_6.txt,0.044086,57,52
adapted_instance1008_m=3_n=25_l=15_c=10_s=2_7.txt,0.045519,59,52
adapted_instance1008_m=3_n=25_l=15_c=10_s=2_8.txt,0.054297,61,52
adapted_instance1008_m=3_n=25_l=15_c=10_s=2_9.txt,0.041634,56,52
adapted_instance1008_m=3_n=25_l=15_c=10_s=2_10.txt,0.043264,56,52
adapted_instance1010_m=3_n=25_l=15_c=10_s=1_1.txt,0.052459,61,57
adapted_instance1010_m=3_n=25_l=15_c=10_s=1_2.txt,0.052644,63,57
adapted_instance1010_m=3_n=25_l=15_c=10_s=1_3.txt,0.053716,60,57
adapted_instance1010_m=3_n=25_l=15_c=10_s=1_4.txt,0.041555,61,58
adapted_instance1010_m=3_n=25_l=15_c=10_s=1_5.txt,0.05423,60,57
adapted_instance1010_m=3_n=25_l=15_c=10_s=1_6.txt,0.055002,60,57
adapted_instance1010_m=3_n=25_l=15_c=10_s=1_7.txt,0.044248,62,57
adapted_instance1010_m=3_n=25_l=15_c=10_s=1_8.txt,0.055897,62,58
adapted_instance1010_m=3_n=25_l=15_c=10_s=1_9.txt,0.044046,60,57
adapted_instance1010_m=3_n=25_l=15_c=10_s=1_10.txt,0.04224,61,57
adapted_instance1012_m=3_n=25_l=15_c=10_s=0_1.txt,0.054043,55,50
adapted_instance1012_m=3_n=25_l=15_c=10_s=0_2.txt,0.052862,55,50
adapted_instance1012_m=3_n=25_l=15_c=10_s=0_3.txt,0.053619,55,50
adapted_instance1012_m=3_n=25_l=15_c=10_s=0_4.txt,0.052214,57,50
adapted_instance1012_m=3_n=25_l=15_c=10_s=0_5.txt,0.075461,57,50
adapted_instance1012_m=3_n=25_l=15_c=10_s=0_6.txt,0.04339,57,51
adapted_instance1012_m=3_n=25_l=15_c=10_s=0_7.txt,0.052141,58,50
adapted_instance1012_m=3_n=25_l=15_c=10_s=0_8.txt,0.052599,53,50
adapted_instance1012_m=3_n=25_l=15_c=10_s=0_9.txt,0.043516,56,51
adapted_instance1012_m=3_n=25_l=15_c=10_s=0_10.txt,0.032469,52,50
adapted_instance1014_m=3_n=25_l=15_c=10_s=2_1.txt,0.054224,54,50
adapted_instance1014_m=3_n=25_l=15_c=10_s=2_2.txt,0.071159,56,49
adapted_instance1014_m=3_n=25_l=15_c=10_s=2_3.txt,0.054173,52,49
adapted_instance1014_m=3_n=25_l=15_c=10_s=2_4.txt,0.043548,53,50
adapted_instance1014_m=3_n=25_l=15_c=10_s=2_5.txt,0.054162,53,49
adapted_instance1014_m=3_n=25_l=15_c=10_s=2_6.txt,0.042892,55,49
adapted_instance1014_m=3_n=25_l=15_c=10_s=2_7.txt,0.064422,58,49
adapted_instance1014_m=3_n=25_l=15_c=10_s=2_8.txt,0.053594,55,49
adapted_instance1014_m=3_n=25_l=15_c=10_s=2_9.txt,0.054414,55,50
adapted_instance1014_m=3_n=25_l=15_c=10_s=2_10.txt,0.053953,55,49
adapted_instance1016_m=3_n=25_l=15_c=10_s=1_1.txt,0.053279,52,44
adapted_instance1016_m=3_n=25_l=15_c=10_s=1_2.txt,0.05446,49,44
adapted_instance1016_m=3_n=25_l=15_c=10_s=1_3.txt,0.053929,48,44
adapted_instance1016_m=3_n=25_l=15_c=10_s=1_4.txt,0.063932,52,44
adapted_instance1016_m=3_n=25_l=15_c=10_s=1_5.txt,0.063436,51,44
adapted_instance1016_m=3_n=25_l=15_c=10_s=1_6.txt,0.064954,50,44
adapted_instance1016_m=3_n=25_l=15_c=10_s=1_7.txt,0.054006,52,45
adapted_instance1016_m=3_n=25_l=15_c=10_s=1_8.txt,0.053137,49,44
adapted_instance1016_m=3_n=25_l=15_c=10_s=1_9.txt,0.052472,52,45
adapted_instance1016_m=3_n=25_l=15_c=10_s=1_10.txt,0.066259,52,45
adapted_instance1018_m=3_n=25_l=15_c=10_s=0_1.txt,0.044657,60,57
adapted_instance1018_m=3_n=25_l=15_c=10_s=0_2.txt,0.074712,62,56
adapted_instance1018_m=3_n=25_l=15_c=10_s=0_3.txt,0.053796,63,56
adapted_instance1018_m=3_n=25_l=15_c=10_s=0_4.txt,0.053634,59,56
adapted_instance1018_m=3_n=25_l=15_c=10_s=0_5.txt,0.077727,65,56
adapted_instance1018_m=3_n=25_l=15_c=10_s=0_6.txt,0.063918,64,56
adapted_instance1018_m=3_n=25_l=15_c=10_s=0_7.txt,0.053873,62,57
adapted_instance1018_m=3_n=25_l=15_c=10_s=0_8.txt,0.04348,63,56
adapted_instance1018_m=3_n=25_l=15_c=10_s=0_9.txt,0.053525,59,56
adapted_instance1018_m=3_n=25_l=15_c=10_s=0_10.txt,0.073939,63,56
adapted_instance1020_m=3_n=25_l=15_c=10_s=2_1.txt,0.053669,61,56
adapted_instance1020_m=3_n=25_l=15_c=10_s=2_2.txt,0.043494,61,57
adapted_instance1020_m=3_n=25_l=15_c=10_s=2_3.txt,0.033306,63,56
adapted_instance1020_m=3_n=25_l=15_c=10_s=2_4.txt,0.043321,62,57
adapted_instance1020_m=3_n=25_l=15_c=10_s=2_5.txt,0.054989,62,56
adapted_instance1020_m=3_n=25_l=15_c=10_s=2_6.txt,0.04403,61,57
adapted_instance1020_m=3_n=25_l=15_c=10_s=2_7.txt,0.06664,61,56
adapted_instance1020_m=3_n=25_l=15_c=10_s=2_8.txt,0.073557,62,56
adapted_instance1020_m=3_n=25_l=15_c=10_s=2_9.txt,0.032511,58,57
adapted_instance1020_m=3_n=25_l=15_c=10_s=2_10.txt,0.05211,63,57
adapted_instance1022_m=3_n=25_l=15_c=10_s=1_1.txt,0.078167,71,61
adapted_instance1022_m=3_n=25_l=15_c=10_s=1_2.txt,0.067154,68,61
adapted_instance1022_m=3_n=25_l=15_c=10_s=1_3.txt,0.092255,66,60
adapted_instance1022_m=3_n=25_l=15_c=10_s=1_4.txt,0.079391,69,60
adapted_instance1022_m=3_n=25_l=15_c=10_s=1_5.txt,0.058023,68,61
adapted_instance1022_m=3_n=25_l=15_c=10_s=1_6.txt,0.056914,68,62
adapted_instance1022_m=3_n=25_l=15_c=10_s=1_7.txt,0.06828,69,62
adapted_instance1022_m=3_n=25_l=15_c=10_s=1_8.txt,0.047165,72,63
adapted_instance1022_m=3_n=25_l=15_c=10_s=1_9.txt,0.044401,63,61
adapted_instance1022_m=3_n=25_l=15_c=10_s=1_10.txt,0.044185,69,62
adapted_instance1024_m=3_n=25_l=15_c=10_s=0_1.txt,0.081325,67,60
adapted_instance1024_m=3_n=25_l=15_c=10_s=0_2.txt,0.056591,66,61
adapted_instance1024_m=3_n=25_l=15_c=10_s=0_3.txt,0.044647,65,61
adapted_instance1024_m=3_n=25_l=15_c=10_s=0_4.txt,0.055496,66,61
adapted_instance1024_m=3_n=25_l=15_c=10_s=0_5.txt,0.046086,66,62
adapted_instance1024_m=3_n=25_l=15_c=10_s=0_6.txt,0.079988,69,60
adapted_instance1024_m=3_n=25_l=15_c=10_s=0_7.txt,0.056507,67,61
adapted_instance1024_m=3_n=25_l=15_c=10_s=0_8.txt,0.056103,65,61
adapted_instance1024_m=3_n=25_l=15_c=10_s=0_9.txt,0.058426,70,61
adapted_instance1024_m=3_n=25_l=15_c=10_s=0_10.txt,0.058734,69,61
adapted_instance1026_m=3_n=25_l=15_c=10_s=2_1.txt,0.06995,64,58
adapted_instance1026_m=3_n=25_l=15_c=10_s=2_2.txt,0.057602,65,59
adapted_instance1026_m=3_n=25_l=15_c=10_s=2_3.txt,0.060214,65,58
adapted_instance1026_m=3_n=25_l=15_c=10_s=2_4.txt,0.069504,69,59
adapted_instance1026_m=3_n=25_l=15_c=10_s=2_5.txt,0.080469,68,58
adapted_instance1026_m=3_n=25_l=15_c=10_s=2_6.txt,0.071425,66,60
adapted_instance1026_m=3_n=25_l=15_c=10_s=2_7.txt,0.082741,67,58
adapted_instance1026_m=3_n=25_l=15_c=10_s=2_8.txt,0.05352,66,59
adapted_instance1026_m=3_n=25_l=15_c=10_s=2_9.txt,0.057165,63,59
adapted_instance1026_m=3_n=25_l=15_c=10_s=2_10.txt,0.046524,64,59
adapted_instance1030_m=3_n=25_l=15_c=10_s=0_1.txt,0.044782,60,56
adapted_instance1030_m=3_n=25_l=15_c=10_s=0_2.txt,0.05466,59,55
adapted_instance1030_m=3_n=25_l=15_c=10_s=0_3.txt,0.056286,61,56
adapted_instance1030_m=3_n=25_l=15_c=10_s=0_4.txt,0.068818,61,56
adapted_instance1030_m=3_n=25_l=15_c=10_s=0_5.txt,0.0567,61,55
adapted_instance1030_m=3_n=25_l=15_c=10_s=0_6.txt,0.058853,63,56
adapted_instance1030_m=3_n=25_l=15_c=10_s=0_7.txt,0.070875,61,55
adapted_instance1030_m=3_n=25_l=15_c=10_s=0_8.txt,0.04715,60,56
adapted_instance1030_m=3_n=25_l=15_c=10_s=0_9.txt,0.07842,61,54
adapted_instance1030_m=3_n=25_l=15_c=10_s=0_10.txt,0.035068,59,56
adapted_instance1032_m=3_n=25_l=15_c=10_s=2_1.txt,0.071617,64,59
adapted_instance1032_m=3_n=25_l=15_c=10_s=2_2.txt,0.085567,70,59
adapted_instance1032_m=3_n=25_l=15_c=10_s=2_3.txt,0.071345,67,60
adapted_instance1032_m=3_n=25_l=15_c=10_s=2_4.txt,0.05762,64,59
adapted_instance1032_m=3_n=25_l=15_c=10_s=2_5.txt,0.059934,65,59
adapted_instance1032_m=3_n=25_l=15_c=10_s=2_6.txt,0.084735,65,58
adapted_instance1032_m=3_n=25_l=15_c=10_s=2_7.txt,0.071264,66,58
adapted_instance1032_m=3_n=25_l=15_c=10_s=2_8.txt,0.069095,66,58
adapted_instance1032_m=3_n=25_l=15_c=10_s=2_9.txt,0.072225,63,58
adapted_instance1032_m=3_n=25_l=15_c=10_s=2_10.txt,0.068769,65,59
adapted_instance1034_m=3_n=25_l=15_c=10_s=1_1.txt,0.057212,57,50
adapted_instance1034_m=3_n=25_l=15_c=10_s=1_2.txt,0.058037,59,49
adapted_instance1034_m=3_n=25_l=15_c=10_s=1_3.txt,0.095865,61,49
adapted_instance1034_m=3_n=25_l=15_c=10_s=1_4.txt,0.075878,59,49
adapted_instance1034_m=3_n=25_l=15_c=10_s=1_5.txt,0.065982,56,50
adapted_instance1034_m=3_n=25_l=15_c=10_s=1_6.txt,0.057129,58,51
adapted_instance1034_m=3_n=25_l=15_c=10_s=1_7.txt,0.059052,58,50
adapted_instance1034_m=3_n=25_l=15_c=10_s=1_8.txt,0.065525,56,50
adapted_instance1034_m=3_n=25_l=15_c=10_s=1_9.txt,0.066157,56,49
adapted_instance1034_m=3_n=25_l=15_c=10_s=1_10.txt,0.05583,58,50
adapted_instance1040_m=3_n=25_l=15_c=10_s=1_1.txt,0.055185,68,64
adapted_instance1040_m=3_n=25_l=15_c=10_s=1_2.txt,0.037064,66,64
adapted_instance1040_m=3_n=25_l=15_c=10_s=1_3.txt,0.056475,69,64
adapted_instance1040_m=3_n=25_l=15_c=10_s=1_4.txt,0.072466,72,63
adapted_instance1040_m=3_n=25_l=15_c=10_s=1_5.txt,0.059373,68,64
adapted_instance1040_m=3_n=25_l=15_c=10_s=1_6.txt,0.047798,73,65
adapted_instance1040_m=3_n=25_l=15_c=10_s=1_7.txt,0.05779,69,64
adapted_instance1040_m=3_n=25_l=15_c=10_s=1_8.txt,0.057806,67,63
adapted_instance1040_m=3_n=25_l=15_c=10_s=1_9.txt,0.059629,71,64
adapted_instance1040_m=3_n=25_l=15_c=10_s=1_10.txt,0.033695,67,65
adapted_instance1042_m=3_n=25_l=15_c=10_s=0_1.txt,0.067501,60,51
adapted_instance1042_m=3_n=25_l=15_c=10_s=0_2.txt,0.066673,58,50
adapted_instance1042_m=3_n=25_l=15_c=10_s=0_3.txt,0.045063,58,50
adapted_instance1042_m=3_n=25_l=15_c=10_s=0_4.txt,0.06985,58,50
adapted_instance1042_m=3_n=25_l=15_c=10_s=0_5.txt,0.066095,57,50
adapted_instance1042_m=3_n=25_l=15_c=10_s=0_6.txt,0.077244,59,51
adapted_instance1042_m=3_n=25_l=15_c=10_s=0_7.txt,0.073956,61,51
adapted_instance1042_m=3_n=25_l=15_c=10_s=0_8.txt,0.067637,58,51
adapted_instance1042_m=3_n=25_l=15_c=10_s=0_9.txt,0.079753,60,51
adapted_instance1042_m=3_n=25_l=15_c=10_s=0_10.txt,0.07748,59,50
adapted_instance1044_m=3_n=25_l=15_c=10_s=2_1.txt,0.072605,60,50
adapted_instance1044_m=3_n=25_l=15_c=10_s=2_2.txt,0.035365,55,52
adapted_instance1044_m=3_n=25_l=15_c=10_s=2_3.txt,0.092076,59,50
adapted_instance1044_m=3_n=25_l=15_c=10_s=2_4.txt,0.044825,58,51
adapted_instance1044_m=3_n=25_l=15_c=10_s=2_5.txt,0.033535,54,50
adapted_instance1044_m=3_n=25_l=15_c=10_s=2_6.txt,0.067028,60,50
adapted_instance1044_m=3_n=25_l=15_c=10_s=2_7.txt,0.056221,56,50
adapted_instance1044_m=3_n=25_l=15_c=10_s=2_8.txt,0.036683,57,52
adapted_instance1044_m=3_n=25_l=15_c=10_s=2_9.txt,0.069528,60,50
adapted_instance1044_m=3_n=25_l=15_c=10_s=2_10.txt,0.05864,58,50
adapted_instance1046_m=3_n=25_l=15_c=10_s=1_1.txt,0.078161,62,52
adapted_instance1046_m=3_n=25_l=15_c=10_s=1_2.txt,0.067162,62,54
adapted_instance1046_m=3_n=25_l=15_c=10_s=1_3.txt,0.080633,60,52
adapted_instance1046_m=3_n=25_l=15_c=10_s=1_4.txt,0.069575,59,52
adapted_instance1046_m=3_n=25_l=15_c=10_s=1_5.txt,0.067132,61,52
adapted_instance1046_m=3_n=25_l=15_c=10_s=1_6.txt,0.045111,59,54
adapted_instance1046_m=3_n=25_l=15_c=10_s=1_7.txt,0.092236,59,50
adapted_instance1046_m=3_n=25_l=15_c=10_s=1_8.txt,0.081775,62,52
adapted_instance1046_m=3_n=25_l=15_c=10_s=1_9.txt,0.06685,60,52
adapted_instance1046_m=3_n=25_l=15_c=10_s=1_10.txt,0.055685,59,53
adapted_instance1048_m=3_n=25_l=15_c=10_s=0_1.txt,0.045037,68,64
adapted_instance1048_m=3_n=25_l=15_c=10_s=0_2.txt,0.080319,68,61
adapted_instance1048_m=3_n=25_l=15_c=10_s=0_3.txt,0.070237,67,61
adapted_instance1048_m=3_n=25_l=15_c=10_s=0_4.txt,0.067114,68,62
adapted_instance1048_m=3_n=25_l=15_c=10_s=0_5.txt,0.057664,68,62
adapted_instance1048_m=3_n=25_l=15_c=10_s=0_6.txt,0.112773,70,60
adapted_instance1048_m=3_n=25_l=15_c=10_s=0_7.txt,0.066858,70,61
adapted_instance1048_m=3_n=25_l=15_c=10_s=0_8.txt,0.082911,69,60
adapted_instance1048_m=3_n=25_l=15_c=10_s=0_9.txt,0.06698,69,62
adapted_instance1048_m=3_n=25_l=15_c=10_s=0_10.txt,0.077783,69,60
adapted_instance1050_m=3_n=25_l=15_c=10_s=2_1.txt,0.067799,72,66
adapted_instance1050_m=3_n=25_l=15_c=10_s=2_2.txt,0.059594,72,66
adapted_instance1050_m=3_n=25_l=15_c=10_s=2_3.txt,0.059835,72,66
adapted_instance1050_m=3_n=25_l=15_c=10_s=2_4.txt,0.058637,72,67
adapted_instance1050_m=3_n=25_l=15_c=10_s=2_5.txt,0.056598,72,66
adapted_instance1050_m=3_n=25_l=15_c=10_s=2_6.txt,0.079981,75,65
adapted_instance1050_m=3_n=25_l=15_c=10_s=2_7.txt,0.069905,72,66
adapted_instance1050_m=3_n=25_l=15_c=10_s=2_8.txt,0.056857,70,65
adapted_instance1050_m=3_n=25_l=15_c=10_s=2_9.txt,0.056369,68,65
adapted_instance1050_m=3_n=25_l=15_c=10_s=2_10.txt,0.069322,73,65
adapted_instance1054_m=3_n=25_l=15_c=10_s=0_1.txt,0.062816,64,57
adapted_instance1054_m=3_n=25_l=15_c=10_s=0_2.txt,0.064212,64,58
adapted_instance1054_m=3_n=25_l=15_c=10_s=0_3.txt,0.043558,63,59
adapted_instance1054_m=3_n=25_l=15_c=10_s=0_4.txt,0.054797,65,59
adapted_instance1054_m=3_n=25_l=15_c=10_s=0_5.txt,0.054354,64,58
adapted_instance1054_m=3_n=25_l=15_c=10_s=0_6.txt,0.055344,64,58
adapted_instance1054_m=3_n=25_l=15_c=10_s=0_7.txt,0.052996,62,57
adapted_instance1054_m=3_n=25_l=15_c=10_s=0_8.txt,0.042801,63,59
adapted_instance1054_m=3_n=25_l=15_c=10_s=0_9.txt,0.063978,64,58
adapted_instance1054_m=3_n=25_l=15_c=10_s=0_10.txt,0.042829,61,58
adapted_instance1056_m=3_n=25_l=15_c=10_s=2_1.txt,0.06308,62,55
adapted_instance1056_m=3_n=25_l=15_c=10_s=2_2.txt,0.055652,61,55
adapted_instance1056_m=3_n=25_l=15_c=10_s=2_3.txt,0.043417,63,55
adapted_instance1056_m=3_n=25_l=15_c=10_s=2_4.txt,0.068204,61,54
adapted_instance1056_m=3_n=25_l=15_c=10_s=2_5.txt,0.064533,62,54
adapted_instance1056_m=3_n=25_l=15_c=10_s=2_6.txt,0.04207,58,54
adapted_instance1056_m=3_n=25_l=15_c=10_s=2_7.txt,0.042108,61,55
adapted_instance1056_m=3_n=25_l=15_c=10_s=2_8.txt,0.064928,61,54
adapted_instance1056_m=3_n=25_l=15_c=10_s=2_9.txt,0.064969,59,55
adapted_instance1056_m=3_n=25_l=15_c=10_s=2_10.txt,0.077086,62,54
adapted_instance1060_m=3_n=25_l=15_c=10_s=0_1.txt,0.044304,52,49
adapted_instance1060_m=3_n=25_l=15_c=10_s=0_2.txt,0.043767,54,50
adapted_instance1060_m=3_n=25_l=15_c=10_s=0_3.txt,0.067393,55,49
adapted_instance1060_m=3_n=25_l=15_c=10_s=0_4.txt,0.053172,54,49
adapted_instance1060_m=3_n=25_l=15_c=10_s=0_5.txt,0.064726,57,49
adapted_instance1060_m=3_n=25_l=15_c=10_s=0_6.txt,0.055565,56,49
adapted_instance1060_m=3_n=25_l=15_c=10_s=0_7.txt,0.056082,56,49
adapted_instance1060_m=3_n=25_l=15_c=10_s=0_8.txt,0.043356,55,49
adapted_instance1060_m=3_n=25_l=15_c=10_s=0_9.txt,0.063916,58,49
adapted_instance1060_m=3_n=25_l=15_c=10_s=0_10.txt,0.043897,55,50
adapted_instance1062_m=3_n=25_l=15_c=10_s=2_1.txt,0.055914,55,51
adapted_instance1062_m=3_n=25_l=15_c=10_s=2_2.txt,0.044194,56,52
adapted_instance1062_m=3_n=25_l=15_c=10_s=2_3.txt,0.06624,57,51
adapted_instance1062_m=3_n=25_l=15_c=10_s=2_4.txt,0.068466,59,51
adapted_instance1062_m=3_n=25_l=15_c=10_s=2_5.txt,0.067117,57,51
adapted_instance1062_m=3_n=25_l=15_c=10_s=2_6.txt,0.054386,56,52
adapted_instance1062_m=3_n=25_l=15_c=10_s=2_7.txt,0.054584,59,51
adapted_instance1062_m=3_n=25_l=15_c=10_s=2_8.txt,0.044646,57,52
adapted_instance1062_m=3_n=25_l=15_c=10_s=2_9.txt,0.054225,56,51
adapted_instance1062_m=3_n=25_l=15_c=10_s=2_10.txt,0.043883,56,52
adapted_instance1072_m=3_n=25_l=15_c=10_s=0_1.txt,0.065372,59,51
adapted_instance1072_m=3_n=25_l=15_c=10_s=0_2.txt,0.06717,56,52
adapted_instance1072_m=3_n=25_l=15_c=10_s=0_3.txt,0.044802,54,52
adapted_instance1072_m=3_n=25_l=15_c=10_s=0_4.txt,0.087999,58,50
adapted_instance1072_m=3_n=25_l=15_c=10_s=0_5.txt,0.0535,55,51
adapted_instance1072_m=3_n=25_l=15_c=10_s=0_6.txt,0.077429,60,51
adapted_instance1072_m=3_n=25_l=15_c=10_s=0_7.txt,0.081152,62,51
adapted_instance1072_m=3_n=25_l=15_c=10_s=0_8.txt,0.056544,57,51
adapted_instance1072_m=3_n=25_l=15_c=10_s=0_9.txt,0.042664,56,51
adapted_instance1072_m=3_n=25_l=15_c=10_s=0_10.txt,0.057767,58,52
adapted_instance1074_m=3_n=25_l=15_c=10_s=2_1.txt,0.065057,59,53
adapted_instance1074_m=3_n=25_l=15_c=10_s=2_2.txt,0.056177,57,53
adapted_instance1074_m=3_n=25_l=15_c=10_s=2_3.txt,0.056015,58,53
adapted_instance1074_m=3_n=25_l=15_c=10_s=2_4.txt,0.076079,61,53
adapted_instance1074_m=3_n=25_l=15_c=10_s=2_5.txt,0.045877,59,53
adapted_instance1074_m=3_n=25_l=15_c=10_s=2_6.txt,0.066962,60,53
adapted_instance1074_m=3_n=25_l=15_c=10_s=2_7.txt,0.059451,58,53
adapted_instance1074_m=3_n=25_l=15_c=10_s=2_8.txt,0.034066,58,55
adapted_instance1074_m=3_n=25_l=15_c=10_s=2_9.txt,0.076525,61,53
adapted_instance1074_m=3_n=25_l=15_c=10_s=2_10.txt,0.055261,57,53
adapted_instance1078_m=3_n=25_l=15_c=10_s=0_1.txt,0.054878,61,54
adapted_instance1078_m=3_n=25_l=15_c=10_s=0_2.txt,0.067716,61,54
adapted_instance1078_m=3_n=25_l=15_c=10_s=0_3.txt,0.056387,56,53
adapted_instance1078_m=3_n=25_l=15_c=10_s=0_4.txt,0.042826,57,54
adapted_instance1078_m=3_n=25_l=15_c=10_s=0_5.txt,0.056136,58,53
adapted_instance1078_m=3_n=25_l=15_c=10_s=0_6.txt,0.079368,59,53
adapted_instance1078_m=3_n=25_l=15_c=10_s=0_7.txt,0.087413,62,53
adapted_instance1078_m=3_n=25_l=15_c=10_s=0_8.txt,0.042681,60,54
adapted_instance1078_m=3_n=25_l=15_c=10_s=0_9.txt,0.044332,58,53
adapted_instance1078_m=3_n=25_l=15_c=10_s=0_10.txt,0.053557,56,53
adapted_instance1080_m=3_n=25_l=15_c=10_s=2_1.txt,0.043695,56,48
adapted_instance1080_m=3_n=25_l=15_c=10_s=2_2.txt,0.054117,51,48
adapted_instance1080_m=3_n=25_l=15_c=10_s=2_3.txt,0.067086,56,48
adapted_instance1080_m=3_n=25_l=15_c=10_s=2_4.txt,0.054711,56,48
adapted_instance1080_m=3_n=25_l=15_c=10_s=2_5.txt,0.054246,56,48
adapted_instance1080_m=3_n=25_l=15_c=10_s=2_6.txt,0.043185,54,49
adapted_instance1080_m=3_n=25_l=15_c=10_s=2_7.txt,0.052959,56,49
adapted_instance1080_m=3_n=25_l=15_c=10_s=2_8.txt,0.053309,52,48
adapted_instance1080_m=3_n=25_l=15_c=10_s=2_9.txt,0.066117,54,48
adapted_instance1080_m=3_n=25_l=15_c=10_s=2_10.txt,0.043496,52,48
adapted_instance1142_m=3_n=25_l=20_c=15_s=1_1.txt,0.116582,104,96
adapted_instance1142_m=3_n=25_l=20_c=15_s=1_2.txt,0.098908,104,97
adapted_instance1142_m=3_n=25_l=20_c=15_s=1_3.txt,0.112537,107,96
adapted_instance1142_m=3_n=25_l=20_c=15_s=1_4.txt,0.133687,105,94
adapted_instance1142_m=3_n=25_l=20_c=15_s=1_5.txt,0.114776,106,95
adapted_instance1142_m=3_n=25_l=20_c=15_s=1_6.txt,0.133996,112,94
adapted_instance1142_m=3_n=25_l=20_c=15_s=1_7.txt,0.064023,104,97
adapted_instance1142_m=3_n=25_l=20_c=15_s=1_8.txt,0.134287,105,95
adapted_instance1142_m=3_n=25_l=20_c=15_s=1_9.txt,0.115671,106,96
adapted_instance1142_m=3_n=25_l=20_c=15_s=1_10.txt,0.132003,106,95
adapted_instance1144_m=3_n=25_l=20_c=15_s=0_1.txt,0.096904,91,86
adapted_instance1144_m=3_n=25_l=20_c=15_s=0_2.txt,0.101439,101,86
adapted_instance1144_m=3_n=25_l=20_c=15_s=0_3.txt,0.162384,102,86
adapted_instance1144_m=3_n=25_l=20_c=15_s=0_4.txt,0.104461,94,85
adapted_instance1144_m=3_n=25_l=20_c=15_s=0_5.txt,0.09444,93,85
adapted_instance1144_m=3_n=25_l=20_c=15_s=0_6.txt,0.097591,96,85
adapted_instance1144_m=3_n=25_l=20_c=15_s=0_7.txt,0.117281,94,85
adapted_instance1144_m=3_n=25_l=20_c=15_s=0_8.txt,0.078494,95,86
adapted_instance1144_m=3_n=25_l=20_c=15_s=0_9.txt,0.081164,93,87
adapted_instance1144_m=3_n=25_l=20_c=15_s=0_10.txt,0.115717,96,85
adapted_instance1146_m=3_n=25_l=20_c=15_s=2_1.txt,0.115144,95,84
adapted_instance1146_m=3_n=25_l=20_c=15_s=2_2.txt,0.090094,95,87
adapted_instance1146_m=3_n=25_l=20_c=15_s=2_3.txt,0.108094,95,83
adapted_instance1146_m=3_n=25_l=20_c=15_s=2_4.txt,0.084951,96,87
adapted_instance1146_m=3_n=25_l=20_c=15_s=2_5.txt,0.115331,97,86
adapted_instance1146_m=3_n=25_l=20_c=15_s=2_6.txt,0.100586,93,85
adapted_instance1146_m=3_n=25_l=20_c=15_s=2_7.txt,0.067313,92,85
adapted_instance1146_m=3_n=25_l=20_c=15_s=2_8.txt,0.099635,96,86
adapted_instance1146_m=3_n=25_l=20_c=15_s=2_9.txt,0.099942,96,87
adapted_instance1146_m=3_n=25_l=20_c=15_s=2_10.txt,0.08112,96,87
adapted_instance1148_m=3_n=25_l=20_c=15_s=1_1.txt,0.100034,107,96
adapted_instance1148_m=3_n=25_l=20_c=15_s=1_2.txt,0.103253,109,97
adapted_instance1148_m=3_n=25_l=20_c=15_s=1_3.txt,0.118017,113,97
adapted_instance1148_m=3_n=25_l=20_c=15_s=1_4.txt,0.083938,108,97
adapted_instance1148_m=3_n=25_l=20_c=15_s=1_5.txt,0.088538,104,98
adapted_instance1148_m=3_n=25_l=20_c=15_s=1_6.txt,0.13396,107,94
adapted_instance1148_m=3_n=25_l=20_c=15_s=1_7.txt,0.150071,107,93
adapted_instance1148_m=3_n=25_l=20_c=15_s=1_8.txt,0.115736,104,96
adapted_instance1148_m=3_n=25_l=20_c=15_s=1_9.txt,0.094651,103,95
adapted_instance1148_m=3_n=25_l=20_c=15_s=1_10.txt,0.114116,106,94
adapted_instance1150_m=3_n=25_l=20_c=15_s=0_1.txt,0.112669,114,104
adapted_instance1150_m=3_n=25_l=20_c=15_s=0_2.txt,0.118345,114,104
adapted_instance1150_m=3_n=25_l=20_c=15_s=0_3.txt,0.141541,117,103
adapted_instance1150_m=3_n=25_l=20_c=15_s=0_4.txt,0.066469,112,106
adapted_instance1150_m=3_n=25_l=20_c=15_s=0_5.txt,0.115416,115,104
adapted_instance1150_m=3_n=25_l=20_c=15_s=0_6.txt,0.145165,116,103
adapted_instance1150_m=3_n=25_l=20_c=15_s=0_7.txt,0.082205,110,104
adapted_instance1150_m=3_n=25_l=20_c=15_s=0_8.txt,0.127943,116,103
adapted_instance1150_m=3_n=25_l=20_c=15_s=0_9.txt,0.097832,112,104
adapted_instance1150_m=3_n=25_l=20_c=15_s=0_10.txt,0.130158,113,102
adapted_instance1152_m=3_n=25_l=20_c=15_s=2_1.txt,0.104348,111,104
adapted_instance1152_m=3_n=25_l=20_c=15_s=2_2.txt,0.190782,115,101
adapted_instance1152_m=3_n=25_l=20_c=15_s=2_3.txt,0.129488,112,104
adapted_instance1152_m=3_n=25_l=20_c=15_s=2_4.txt,0.118226,119,104
adapted_instance1152_m=3_n=25_l=20_c=15_s=2_5.txt,0.111248,112,101
adapted_instance1152_m=3_n=25_l=20_c=15_s=2_6.txt,0.099045,113,103
adapted_instance1152_m=3_n=25_l=20_c=15_s=2_7.txt,0.1203,118,103
adapted_instance1152_m=3_n=25_l=20_c=15_s=2_8.txt,0.11588,110,101
adapted_instance1152_m=3_n=25_l=20_c=15_s=2_9.txt,0.147107,112,100
adapted_instance1152_m=3_n=25_l=20_c=15_s=2_10.txt,0.154336,109,100
adapted_instance1154_m=3_n=25_l=20_c=15_s=1_1.txt,0.127644,108,95
adapted_instance1154_m=3_n=25_l=20_c=15_s=1_2.txt,0.098613,106,97
adapted_instance1154_m=3_n=25_l=20_c=15_s=1_3.txt,0.148214,108,94
adapted_instance1154_m=3_n=25_l=20_c=15_s=1_4.txt,0.100486,101,95
adapted_instance1154_m=3_n=25_l=20_c=15_s=1_5.txt,0.098478,104,95
adapted_instance1154_m=3_n=25_l=20_c=15_s=1_6.txt,0.099758,103,97
adapted_instance1154_m=3_n=25_l=20_c=15_s=1_7.txt,0.155247,107,94
adapted_instance1154_m=3_n=25_l=20_c=15_s=1_8.txt,0.116058,103,95
adapted_instance1154_m=3_n=25_l=20_c=15_s=1_9.txt,0.095609,105,97
adapted_instance1154_m=3_n=25_l=20_c=15_s=1_10.txt,0.150643,108,94
adapted_instance1156_m=3_n=25_l=20_c=15_s=0_1.txt,0.117819,95,84
adapted_instance1156_m=3_n=25_l=20_c=15_s=0_2.txt,0.158455,94,83
adapted_instance1156_m=3_n=25_l=20_c=15_s=0_3.txt,0.145953,93,82
adapted_instance1156_m=3_n=25_l=20_c=15_s=0_4.txt,0.150867,96,85
adapted_instance1156_m=3_n=25_l=20_c=15_s=0_5.txt,0.126511,93,83
adapted_instance1156_m=3_n=25_l=20_c=15_s=0_6.txt,0.083182,93,83
adapted_instance1156_m=3_n=25_l=20_c=15_s=0_7.txt,0.146654,97,82
adapted_instance1156_m=3_n=25_l=20_c=15_s=0_8.txt,0.098303,97,84
adapted_instance1156_m=3_n=25_l=20_c=15_s=0_9.txt,0.136073,98,83
adapted_instance1156_m=3_n=25_l=20_c=15_s=0_10.txt,0.096937,95,85
adapted_instance1158_m=3_n=25_l=20_c=15_s=2_1.txt,0.079308,98,84
adapted_instance1158_m=3_n=25_l=20_c=15_s=2_2.txt,0.098506,93,83
adapted_instance1158_m=3_n=25_l=20_c=15_s=2_3.txt,0.098038,94,84
adapted_instance1158_m=3_n=25_l=20_c=15_s=2_4.txt,0.096233,91,83
adapted_instance1158_m=3_n=25_l=20_c=15_s=2_5.txt,0.081154,89,82
adapted_instance1158_m=3_n=25_l=20_c=15_s=2_6.txt,0.101577,91,84
adapted_instance1158_m=3_n=25_l=20_c=15_s=2_7.txt,0.098358,95,82
adapted_instance1158_m=3_n=25_l=20_c=15_s=2_8.txt,0.093575,94,82
adapted_instance1158_m=3_n=25_l=20_c=15_s=2_9.txt,0.078194,92,86
adapted_instance1158_m=3_n=25_l=20_c=15_s=2_10.txt,0.099186,97,83
adapted_instance1160_m=3_n=25_l=20_c=15_s=1_1.txt,0.128577,97,84
adapted_instance1160_m=3_n=25_l=20_c=15_s=1_2.txt,0.081743,92,86
adapted_instance1160_m=3_n=25_l=20_c=15_s=1_3.txt,0.099655,92,85
adapted_instance1160_m=3_n=25_l=20_c=15_s=1_4.txt,0.099917,93,84
adapted_instance1160_m=3_n=25_l=20_c=15_s=1_5.txt,0.079124,90,84
adapted_instance1160_m=3_n=25_l=20_c=15_s=1_6.txt,0.135822,99,84
adapted_instance1160_m=3_n=25_l=20_c=15_s=1_7.txt,0.097363,93,85
adapted_instance1160_m=3_n=25_l=20_c=15_s=1_8.txt,0.13662,95,84
adapted_instance1160_m=3_n=25_l=20_c=15_s=1_9.txt,0.066233,94,85
adapted_instance1160_m=3_n=25_l=20_c=15_s=1_10.txt,0.117554,94,85
adapted_instance1162_m=3_n=25_l=20_c=15_s=0_1.txt,0.067258,111,99
adapted_instance1162_m=3_n=25_l=20_c=15_s=0_2.txt,0.107916,109,100
adapted_instance1162_m=3_n=25_l=20_c=15_s=0_3.txt,0.119184,113,100
adapted_instance1162_m=3_n=25_l=20_c=15_s=0_4.txt,0.128364,107,98
adapted_instance1162_m=3_n=25_l=20_c=15_s=0_5.txt,0.085162,109,101
adapted_instance1162_m=3_n=25_l=20_c=15_s=0_6.txt,0.11758,108,100
adapted_instance1162_m=3_n=25_l=20_c=15_s=0_7.txt,0.083099,107,101
adapted_instance1162_m=3_n=25_l=20_c=15_s=0_8.txt,0.113704,112,100
adapted_instance1162_m=3_n=25_l=20_c=15_s=0_9.txt,0.097502,108,99
adapted_instance1162_m=3_n=25_l=20_c=15_s=0_10.txt,0.148812,110,98
adapted_instance1164_m=3_n=25_l=20_c=15_s=2_1.txt,0.134644,111,101
adapted_instance1164_m=3_n=25_l=20_c=15_s=2_2.txt,0.081935,107,101
adapted_instance1164_m=3_n=25_l=20_c=15_s=2_3.txt,0.151545,114,101
adapted_instance1164_m=3_n=25_l=20_c=15_s=2_4.txt,0.126387,108,99
adapted_instance1164_m=3_n=25_l=20_c=15_s=2_5.txt,0.126933,114,103
adapted_instance1164_m=3_n=25_l=20_c=15_s=2_6.txt,0.11975,115,102
adapted_instance1164_m=3_n=25_l=20_c=15_s=2_7.txt,0.166145,112,99
adapted_instance1164_m=3_n=25_l=20_c=15_s=2_8.txt,0.117722,110,100
adapted_instance1164_m=3_n=25_l=20_c=15_s=2_9.txt,0.150146,109,99
adapted_instance1164_m=3_n=25_l=20_c=15_s=2_10.txt,0.09638,108,100
adapted_instance1166_m=3_n=25_l=20_c=15_s=1_1.txt,0.08239,96,85
adapted_instance1166_m=3_n=25_l=20_c=15_s=1_2.txt,0.185027,93,83
adapted_instance1166_m=3_n=25_l=20_c=15_s=1_3.txt,0.132625,92,84
adapted_instance1166_m=3_n=25_l=20_c=15_s=1_4.txt,0.108539,95,86
adapted_instance1166_m=3_n=25_l=20_c=15_s=1_5.txt,0.110218,97,87
adapted_instance1166_m=3_n=25_l=20_c=15_s=1_6.txt,0.143692,95,82
adapted_instance1166_m=3_n=25_l=20_c=15_s=1_7.txt,0.164951,98,83
adapted_instance1166_m=3_n=25_l=20_c=15_s=1_8.txt,0.117964,99,85
adapted_instance1166_m=3_n=25_l=20_c=15_s=1_9.txt,0.130369,95,84
adapted_instance1166_m=3_n=25_l=20_c=15_s=1_10.txt,0.119226,99,85
adapted_instance1168_m=3_n=25_l=20_c=15_s=0_1.txt,0.04726,86,80
adapted_instance1168_m=3_n=25_l=20_c=15_s=0_2.txt,0.112242,88,77
adapted_instance1168_m=3_n=25_l=20_c=15_s=0_3.txt,0.097307,89,79
adapted_instance1168_m=3_n=25_l=20_c=15_s=0_4.txt,0.097548,89,79
adapted_instance1168_m=3_n=25_l=20_c=15_s=0_5.txt,0.130146,84,74
adapted_instance1168_m=3_n=25_l=20_c=15_s=0_6.txt,0.113283,89,77
adapted_instance1168_m=3_n=25_l=20_c=15_s=0_7.txt,0.160533,89,74
adapted_instance1168_m=3_n=25_l=20_c=15_s=0_8.txt,0.080496,86,77
adapted_instance1168_m=3_n=25_l=20_c=15_s=0_9.txt,0.103024,91,77
adapted_instance1168_m=3_n=25_l=20_c=15_s=0_10.txt,0.139453,87,76
adapted_instance1170_m=3_n=25_l=20_c=15_s=2_1.txt,0.108513,90,81
adapted_instance1170_m=3_n=25_l=20_c=15_s=2_2.txt,0.095703,90,82
adapted_instance1170_m=3_n=25_l=20_c=15_s=2_3.txt,0.09656,92,83
adapted_instance1170_m=3_n=25_l=20_c=15_s=2_4.txt,0.153769,93,81
adapted_instance1170_m=3_n=25_l=20_c=15_s=2_5.txt,0.181145,97,80
adapted_instance1170_m=3_n=25_l=20_c=15_s=2_6.txt,0.143619,98,82
adapted_instance1170_m=3_n=25_l=20_c=15_s=2_7.txt,0.126396,93,82
adapted_instance1170_m=3_n=25_l=20_c=15_s=2_8.txt,0.148415,94,81
adapted_instance1170_m=3_n=25_l=20_c=15_s=2_9.txt,0.141236,94,81
adapted_instance1170_m=3_n=25_l=20_c=15_s=2_10.txt,0.108436,93,82
adapted_instance1172_m=3_n=25_l=20_c=15_s=1_1.txt,0.105264,78,71
adapted_instance1172_m=3_n=25_l=20_c=15_s=1_2.txt,0.102475,79,71
adapted_instance1172_m=3_n=25_l=20_c=15_s=1_3.txt,0.072018,82,73
adapted_instance1172_m=3_n=25_l=20_c=15_s=1_4.txt,0.073283,80,72
adapted_instance1172_m=3_n=25_l=20_c=15_s=1_5.txt,0.092317,82,73
adapted_instance1172_m=3_n=25_l=20_c=15_s=1_6.txt,0.058223,80,73
adapted_instance1172_m=3_n=25_l=20_c=15_s=1_7.txt,0.087897,79,71
adapted_instance1172_m=3_n=25_l=20_c=15_s=1_8.txt,0.103592,83,71
adapted_instance1172_m=3_n=25_l=20_c=15_s=1_9.txt,0.090388,79,72
adapted_instance1172_m=3_n=25_l=20_c=15_s=1_10.txt,0.071517,80,73
adapted_instance1174_m=3_n=25_l=20_c=15_s=0_1.txt,0.124749,93,81
adapted_instance1174_m=3_n=25_l=20_c=15_s=0_2.txt,0.074845,91,85
adapted_instance1174_m=3_n=25_l=20_c=15_s=0_3.txt,0.0935,92,83
adapted_instance1174_m=3_n=25_l=20_c=15_s=0_4.txt,0.119012,97,81
adapted_instance1174_m=3_n=25_l=20_c=15_s=0_5.txt,0.106731,89,81
adapted_instance1174_m=3_n=25_l=20_c=15_s=0_6.txt,0.121773,90,81
adapted_instance1174_m=3_n=25_l=20_c=15_s=0_7.txt,0.121457,89,79
adapted_instance1174_m=3_n=25_l=20_c=15_s=0_8.txt,0.119535,93,80
adapted_instance1174_m=3_n=25_l=20_c=15_s=0_9.txt,0.091789,94,83
adapted_instance1174_m=3_n=25_l=20_c=15_s=0_10.txt,0.150943,95,81
adapted_instance1176_m=3_n=25_l=20_c=15_s=2_1.txt,0.135801,94,80
adapted_instance1176_m=3_n=25_l=20_c=15_s=2_2.txt,0.075611,91,82
adapted_instance1176_m=3_n=25_l=20_c=15_s=2_3.txt,0.107098,92,81
adapted_instance1176_m=3_n=25_l=20_c=15_s=2_4.txt,0.124189,90,81
adapted_instance1176_m=3_n=25_l=20_c=15_s=2_5.txt,0.118661,91,81
adapted_instance1176_m=3_n=25_l=20_c=15_s=2_6.txt,0.091526,87,80
adapted_instance1176_m=3_n=25_l=20_c=15_s=2_7.txt,0.104174,92,81
adapted_instance1176_m=3_n=25_l=20_c=15_s=2_8.txt,0.092969,92,82
adapted_instance1176_m=3_n=25_l=20_c=15_s=2_9.txt,0.094059,89,80
adapted_instance1176_m=3_n=25_l=20_c=15_s=2_10.txt,0.106266,88,80
adapted_instance1178_m=3_n=25_l=20_c=15_s=1_1.txt,0.06091,82,74
adapted_instance1178_m=3_n=25_l=20_c=15_s=1_2.txt,0.078066,81,74
adapted_instance1178_m=3_n=25_l=20_c=15_s=1_3.txt,0.091741,80,75
adapted_instance1178_m=3_n=25_l=20_c=15_s=1_4.txt,0.089314,83,73
adapted_instance1178_m=3_n=25_l=20_c=15_s=1_5.txt,0.091227,86,73
adapted_instance1178_m=3_n=25_l=20_c=15_s=1_6.txt,0.061155,77,74
adapted_instance1178_m=3_n=25_l=20_c=15_s=1_7.txt,0.103392,82,73
adapted_instance1178_m=3_n=25_l=20_c=15_s=1_8.txt,0.090147,82,75
adapted_instance1178_m=3_n=25_l=20_c=15_s=1_9.txt,0.110796,82,73
adapted_instance1178_m=3_n=25_l=20_c=15_s=1_10.txt,0.075327,83,74
adapted_instance1180_m=3_n=25_l=20_c=15_s=0_1.txt,0.08848,92,84
adapted_instance1180_m=3_n=25_l=20_c=15_s=0_2.txt,0.093535,92,83
adapted_instance1180_m=3_n=25_l=20_c=15_s=0_3.txt,0.087583,89,83
adapted_instance1180_m=3_n=25_l=20_c=15_s=0_4.txt,0.07858,89,84
adapted_instance1180_m=3_n=25_l=20_c=15_s=0_5.txt,0.060403,91,85
adapted_instance1180_m=3_n=25_l=20_c=15_s=0_6.txt,0.088273,91,84
adapted_instance1180_m=3_n=25_l=20_c=15_s=0_7.txt,0.096271,93,83
adapted_instance1180_m=3_n=25_l=20_c=15_s=0_8.txt,0.11919,90,82
adapted_instance1180_m=3_n=25_l=20_c=15_s=0_9.txt,0.059978,88,82
adapted_instance1180_m=3_n=25_l=20_c=15_s=0_10.txt,0.103259,93,83
adapted_instance1182_m=3_n=25_l=20_c=15_s=2_1.txt,0.072674,86,81
adapted_instance1182_m=3_n=25_l=20_c=15_s=2_2.txt,0.123213,91,79
adapted_instance1182_m=3_n=25_l=20_c=15_s=2_3.txt,0.109949,87,78
adapted_instance1182_m=3_n=25_l=20_c=15_s=2_4.txt,0.122896,91,78
adapted_instance1182_m=3_n=25_l=20_c=15_s=2_5.txt,0.112969,85,80
adapted_instance1182_m=3_n=25_l=20_c=15_s=2_6.txt,0.077419,89,82
adapted_instance1182_m=3_n=25_l=20_c=15_s=2_7.txt,0.093181,88,81
adapted_instance1182_m=3_n=25_l=20_c=15_s=2_8.txt,0.073547,90,81
adapted_instance1182_m=3_n=25_l=20_c=15_s=2_9.txt,0.095756,86,78
adapted_instance1182_m=3_n=25_l=20_c=15_s=2_10.txt,0.119724,90,80
adapted_instance1184_m=3_n=25_l=20_c=15_s=1_1.txt,0.074924,76,69
adapted_instance1184_m=3_n=25_l=20_c=15_s=1_2.txt,0.109048,82,69
adapted_instance1184_m=3_n=25_l=20_c=15_s=1_3.txt,0.092074,77,67
adapted_instance1184_m=3_n=25_l=20_c=15_s=1_4.txt,0.08671,76,68
adapted_instance1184_m=3_n=25_l=20_c=15_s=1_5.txt,0.073224,73,69
adapted_instance1184_m=3_n=25_l=20_c=15_s=1_6.txt,0.074005,77,69
adapted_instance1184_m=3_n=25_l=20_c=15_s=1_7.txt,0.064464,75,70
adapted_instance1184_m=3_n=25_l=20_c=15_s=1_8.txt,0.0733,80,69
adapted_instance1184_m=3_n=25_l=20_c=15_s=1_9.txt,0.08779,75,69
adapted_instance1184_m=3_n=25_l=20_c=15_s=1_10.txt,0.090301,75,67
adapted_instance1186_m=3_n=25_l=20_c=15_s=0_1.txt,0.089085,79,73
adapted_instance1186_m=3_n=25_l=20_c=15_s=0_2.txt,0.075973,88,76
adapted_instance1186_m=3_n=25_l=20_c=15_s=0_3.txt,0.100601,85,74
adapted_instance1186_m=3_n=25_l=20_c=15_s=0_4.txt,0.076305,83,76
adapted_instance1186_m=3_n=25_l=20_c=15_s=0_5.txt,0.091171,83,75
adapted_instance1186_m=3_n=25_l=20_c=15_s=0_6.txt,0.119313,83,74
adapted_instance1186_m=3_n=25_l=20_c=15_s=0_7.txt,0.043097,78,74
adapted_instance1186_m=3_n=25_l=20_c=15_s=0_8.txt,0.107803,82,75
adapted_instance1186_m=3_n=25_l=20_c=15_s=0_9.txt,0.104929,83,76
adapted_instance1186_m=3_n=25_l=20_c=15_s=0_10.txt,0.088999,82,76
adapted_instance1188_m=3_n=25_l=20_c=15_s=2_1.txt,0.060837,82,77
adapted_instance1188_m=3_n=25_l=20_c=15_s=2_2.txt,0.089108,87,76
adapted_instance1188_m=3_n=25_l=20_c=15_s=2_3.txt,0.106542,86,75
adapted_instance1188_m=3_n=25_l=20_c=15_s=2_4.txt,0.108054,86,76
adapted_instance1188_m=3_n=25_l=20_c=15_s=2_5.txt,0.104079,85,74
adapted_instance1188_m=3_n=25_l=20_c=15_s=2_6.txt,0.117848,82,74
adapted_instance1188_m=3_n=25_l=20_c=15_s=2_7.txt,0.075482,82,76
adapted_instance1188_m=3_n=25_l=20_c=15_s=2_8.txt,0.073008,85,76
adapted_instance1188_m=3_n=25_l=20_c=15_s=2_9.txt,0.087078,85,76
adapted_instance1188_m=3_n=25_l=20_c=15_s=2_10.txt,0.105992,82,75
adapted_instance1190_m=3_n=25_l=20_c=15_s=1_1.txt,0.090217,78,72
adapted_instance1190_m=3_n=25_l=20_c=15_s=1_2.txt,0.088622,80,71
adapted_instance1190_m=3_n=25_l=20_c=15_s=1_3.txt,0.119526,83,72
adapted_instance1190_m=3_n=25_l=20_c=15_s=1_4.txt,0.106474,82,72
adapted_instance1190_m=3_n=25_l=20_c=15_s=1_5.txt,0.088353,80,71
adapted_instance1190_m=3_n=25_l=20_c=15_s=1_6.txt,0.122161,82,72
adapted_instance1190_m=3_n=25_l=20_c=15_s=1_7.txt,0.089894,79,72
adapted_instance1190_m=3_n=25_l=20_c=15_s=1_8.txt,0.090574,81,72
adapted_instance1190_m=3_n=25_l=20_c=15_s=1_9.txt,0.072932,79,72
adapted_instance1190_m=3_n=25_l=20_c=15_s=1_10.txt,0.10528,77,71
adapted_instance1202_m=4_n=25_l=15_c=10_s=1_1.txt,0.070997,68,61
adapted_instance1202_m=4_n=25_l=15_c=10_s=1_2.txt,0.065739,65,61
adapted_instance1202_m=4_n=25_l=15_c=10_s=1_3.txt,0.032706,64,61
adapted_instance1202_m=4_n=25_l=15_c=10_s=1_4.txt,0.033401,66,62
adapted_instance1202_m=4_n=25_l=15_c=10_s=1_5.txt,0.04531,66,60
adapted_instance1202_m=4_n=25_l=15_c=10_s=1_6.txt,0.057286,65,61
adapted_instance1202_m=4_n=25_l=15_c=10_s=1_7.txt,0.056663,65,60
adapted_instance1202_m=4_n=25_l=15_c=10_s=1_8.txt,0.044841,66,61
adapted_instance1202_m=4_n=25_l=15_c=10_s=1_9.txt,0.060897,65,60
adapted_instance1202_m=4_n=25_l=15_c=10_s=1_10.txt,0.059415,67,60
adapted_instance1204_m=4_n=25_l=15_c=10_s=0_1.txt,0.081145,59,49
adapted_instance1204_m=4_n=25_l=15_c=10_s=0_2.txt,0.056316,56,51
adapted_instance1204_m=4_n=25_l=15_c=10_s=0_3.txt,0.065449,59,50
adapted_instance1204_m=4_n=25_l=15_c=10_s=0_4.txt,0.066832,58,50
adapted_instance1204_m=4_n=25_l=15_c=10_s=0_5.txt,0.068834,58,49
adapted_instance1204_m=4_n=25_l=15_c=10_s=0_6.txt,0.069739,61,50
adapted_instance1204_m=4_n=25_l=15_c=10_s=0_7.txt,0.056147,58,50
adapted_instance1204_m=4_n=25_l=15_c=10_s=0_8.txt,0.078677,61,50
adapted_instance1204_m=4_n=25_l=15_c=10_s=0_9.txt,0.056256,57,50
adapted_instance1204_m=4_n=25_l=15_c=10_s=0_10.txt,0.055864,54,50
adapted_instance1206_m=4_n=25_l=15_c=10_s=2_1.txt,0.066381,57,51
adapted_instance1206_m=4_n=25_l=15_c=10_s=2_2.txt,0.034111,56,51
adapted_instance1206_m=4_n=25_l=15_c=10_s=2_3.txt,0.045746,59,51
adapted_instance1206_m=4_n=25_l=15_c=10_s=2_4.txt,0.068331,56,50
adapted_instance1206_m=4_n=25_l=15_c=10_s=2_5.txt,0.044457,53,50
adapted_instance1206_m=4_n=25_l=15_c=10_s=2_6.txt,0.05555,55,49
adapted_instance1206_m=4_n=25_l=15_c=10_s=2_7.txt,0.055422,57,49
adapted_instance1206_m=4_n=25_l=15_c=10_s=2_8.txt,0.043277,55,50
adapted_instance1206_m=4_n=25_l=15_c=10_s=2_9.txt,0.056849,61,51
adapted_instance1206_m=4_n=25_l=15_c=10_s=2_10.txt,0.044464,55,50
adapted_instance1208_m=4_n=25_l=15_c=10_s=1_1.txt,0.080506,58,50
adapted_instance1208_m=4_n=25_l=15_c=10_s=1_2.txt,0.065746,57,50
adapted_instance1208_m=4_n=25_l=15_c=10_s=1_3.txt,0.065539,57,50
adapted_instance1208_m=4_n=25_l=15_c=10_s=1_4.txt,0.070222,59,51
adapted_instance1208_m=4_n=25_l=15_c=10_s=1_5.txt,0.063747,57,50
adapted_instance1208_m=4_n=25_l=15_c=10_s=1_6.txt,0.06491,57,50
adapted_instance1208_m=4_n=25_l=15_c=10_s=1_7.txt,0.055712,55,50
adapted_instance1208_m=4_n=25_l=15_c=10_s=1_8.txt,0.057167,56,51
adapted_instance1208_m=4_n=25_l=15_c=10_s=1_9.txt,0.068105,57,50
adapted_instance1208_m=4_n=25_l=15_c=10_s=1_10.txt,0.067345,57,50
adapted_instance1210_m=4_n=25_l=15_c=10_s=0_1.txt,0.069848,62,58
adapted_instance1210_m=4_n=25_l=15_c=10_s=0_2.txt,0.035644,64,59
adapted_instance1210_m=4_n=25_l=15_c=10_s=0_3.txt,0.056298,65,59
adapted_instance1210_m=4_n=25_l=15_c=10_s=0_4.txt,0.066232,63,58
adapted_instance1210_m=4_n=25_l=15_c=10_s=0_5.txt,0.070373,65,58
adapted_instance1210_m=4_n=25_l=15_c=10_s=0_6.txt,0.078395,69,58
adapted_instance1210_m=4_n=25_l=15_c=10_s=0_7.txt,0.057652,65,58
adapted_instance1210_m=4_n=25_l=15_c=10_s=0_8.txt,0.059481,67,58
adapted_instance1210_m=4_n=25_l=15_c=10_s=0_9.txt,0.057431,63,58
adapted_instance1210_m=4_n=25_l=15_c=10_s=0_10.txt,0.055444,65,58
adapted_instance1212_m=4_n=25_l=15_c=10_s=2_1.txt,0.069929,73,63
adapted_instance1212_m=4_n=25_l=15_c=10_s=2_2.txt,0.067689,71,62
adapted_instance1212_m=4_n=25_l=15_c=10_s=2_3.txt,0.067144,71,63
adapted_instance1212_m=4_n=25_l=15_c=10_s=2_4.txt,0.056011,70,63
adapted_instance1212_m=4_n=25_l=15_c=10_s=2_5.txt,0.047518,70,64
adapted_instance1212_m=4_n=25_l=15_c=10_s=2_6.txt,0.066332,71,63
adapted_instance1212_m=4_n=25_l=15_c=10_s=2_7.txt,0.081088,71,63
adapted_instance1212_m=4_n=25_l=15_c=10_s=2_8.txt,0.067765,71,63
adapted_instance1212_m=4_n=25_l=15_c=10_s=2_9.txt,0.069086,72,62
adapted_instance1212_m=4_n=25_l=15_c=10_s=2_10.txt,0.058183,70,64
adapted_instance1214_m=4_n=25_l=15_c=10_s=1_1.txt,0.045606,59,54
adapted_instance1214_m=4_n=25_l=15_c=10_s=1_2.txt,0.044817,57,54
adapted_instance1214_m=4_n=25_l=15_c=10_s=1_3.txt,0.056049,60,53
adapted_instance1214_m=4_n=25_l=15_c=10_s=1_4.txt,0.071801,60,53
adapted_instance1214_m=4_n=25_l=15_c=10_s=1_5.txt,0.061721,59,53
adapted_instance1214_m=4_n=25_l=15_c=10_s=1_6.txt,0.061018,61,53
adapted_instance1214_m=4_n=25_l=15_c=10_s=1_7.txt,0.057621,57,53
adapted_instance1214_m=4_n=25_l=15_c=10_s=1_8.txt,0.055686,60,53
adapted_instance1214_m=4_n=25_l=15_c=10_s=1_9.txt,0.055104,59,53
adapted_instance1214_m=4_n=25_l=15_c=10_s=1_10.txt,0.055621,58,53
adapted_instance1216_m=4_n=25_l=15_c=10_s=0_1.txt,0.066147,56,48
adapted_instance1216_m=4_n=25_l=15_c=10_s=0_2.txt,0.031918,55,51
adapted_instance1216_m=4_n=25_l=15_c=10_s=0_3.txt,0.055176,53,49
adapted_instance1216_m=4_n=25_l=15_c=10_s=0_4.txt,0.05333,54,48
adapted_instance1216_m=4_n=25_l=15_c=10_s=0_5.txt,0.053729,54,49
adapted_instance1216_m=4_n=25_l=15_c=10_s=0_6.txt,0.074402,57,48
adapted_instance1216_m=4_n=25_l=15_c=10_s=0_7.txt,0.043361,55,49
adapted_instance1216_m=4_n=25_l=15_c=10_s=0_8.txt,0.067122,55,49
adapted_instance1216_m=4_n=25_l=15_c=10_s=0_9.txt,0.043472,53,48
adapted_instance1216_m=4_n=25_l=15_c=10_s=0_10.txt,0.05587,55,49
adapted_instance1218_m=4_n=25_l=15_c=10_s=2_1.txt,0.075261,55,47
adapted_instance1218_m=4_n=25_l=15_c=10_s=2_2.txt,0.077664,55,47
adapted_instance1218_m=4_n=25_l=15_c=10_s=2_3.txt,0.065418,53,47
adapted_instance1218_m=4_n=25_l=15_c=10_s=2_4.txt,0.078184,54,47
adapted_instance1218_m=4_n=25_l=15_c=10_s=2_5.txt,0.053902,53,47
adapted_instance1218_m=4_n=25_l=15_c=10_s=2_6.txt,0.062299,52,47
adapted_instance1218_m=4_n=25_l=15_c=10_s=2_7.txt,0.067532,53,48
adapted_instance1218_m=4_n=25_l=15_c=10_s=2_8.txt,0.044758,52,48
adapted_instance1218_m=4_n=25_l=15_c=10_s=2_9.txt,0.067769,54,47
adapted_instance1218_m=4_n=25_l=15_c=10_s=2_10.txt,0.091355,59,47
adapted_instance1220_m=4_n=25_l=15_c=10_s=1_1.txt,0.034328,55,50
adapted_instance1220_m=4_n=25_l=15_c=10_s=1_2.txt,0.054797,56,50
adapted_instance1220_m=4_n=25_l=15_c=10_s=1_3.txt,0.055562,55,50
adapted_instance1220_m=4_n=25_l=15_c=10_s=1_4.txt,0.066501,56,49
adapted_instance1220_m=4_n=25_l=15_c=10_s=1_5.txt,0.044565,56,51
adapted_instance1220_m=4_n=25_l=15_c=10_s=1_6.txt,0.05476,56,50
adapted_instance1220_m=4_n=25_l=15_c=10_s=1_7.txt,0.042557,54,50
adapted_instance1220_m=4_n=25_l=15_c=10_s=1_8.txt,0.055963,54,50
adapted_instance1220_m=4_n=25_l=15_c=10_s=1_9.txt,0.057431,58,51
adapted_instance1220_m=4_n=25_l=15_c=10_s=1_10.txt,0.055841,57,50
adapted_instance1222_m=4_n=25_l=15_c=10_s=0_1.txt,0.05634,52,49
adapted_instance1222_m=4_n=25_l=15_c=10_s=0_2.txt,0.066109,57,49
adapted_instance1222_m=4_n=25_l=15_c=10_s=0_3.txt,0.042478,56,49
adapted_instance1222_m=4_n=25_l=15_c=10_s=0_4.txt,0.067592,55,49
adapted_instance1222_m=4_n=25_l=15_c=10_s=0_5.txt,0.067539,57,48
adapted_instance1222_m=4_n=25_l=15_c=10_s=0_6.txt,0.071432,57,48
adapted_instance1222_m=4_n=25_l=15_c=10_s=0_7.txt,0.068079,56,49
adapted_instance1222_m=4_n=25_l=15_c=10_s=0_8.txt,0.058148,57,48
adapted_instance1222_m=4_n=25_l=15_c=10_s=0_9.txt,0.046096,52,48
adapted_instance1222_m=4_n=25_l=15_c=10_s=0_10.txt,0.084318,58,48
adapted_instance1224_m=4_n=25_l=15_c=10_s=2_1.txt,0.056028,53,46
adapted_instance1224_m=4_n=25_l=15_c=10_s=2_2.txt,0.044351,50,46
adapted_instance1224_m=4_n=25_l=15_c=10_s=2_3.txt,0.055417,54,47
adapted_instance1224_m=4_n=25_l=15_c=10_s=2_4.txt,0.055268,53,47
adapted_instance1224_m=4_n=25_l=15_c=10_s=2_5.txt,0.05649,49,46
adapted_instance1224_m=4_n=25_l=15_c=10_s=2_6.txt,0.053784,52,46
adapted_instance1224_m=4_n=25_l=15_c=10_s=2_7.txt,0.056943,54,48
adapted_instance1224_m=4_n=25_l=15_c=10_s=2_8.txt,0.053822,51,46
adapted_instance1224_m=4_n=25_l=15_c=10_s=2_9.txt,0.078253,54,46
adapted_instance1224_m=4_n=25_l=15_c=10_s=2_10.txt,0.066888,52,47
adapted_instance1226_m=4_n=25_l=15_c=10_s=1_1.txt,0.077089,53,46
adapted_instance1226_m=4_n=25_l=15_c=10_s=1_2.txt,0.033053,52,47
adapted_instance1226_m=4_n=25_l=15_c=10_s=1_3.txt,0.054832,54,47
adapted_instance1226_m=4_n=25_l=15_c=10_s=1_4.txt,0.033721,49,47
adapted_instance1226_m=4_n=25_l=15_c=10_s=1_5.txt,0.054748,51,46
adapted_instance1226_m=4_n=25_l=15_c=10_s=1_6.txt,0.054504,53,46
adapted_instance1226_m=4_n=25_l=15_c=10_s=1_7.txt,0.065934,53,46
adapted_instance1226_m=4_n=25_l=15_c=10_s=1_8.txt,0.043577,50,46
adapted_instance1226_m=4_n=25_l=15_c=10_s=1_9.txt,0.064845,54,47
adapted_instance1226_m=4_n=25_l=15_c=10_s=1_10.txt,0.03604,52,46
adapted_instance1228_m=4_n=25_l=15_c=10_s=0_1.txt,0.04535,60,55
adapted_instance1228_m=4_n=25_l=15_c=10_s=0_2.txt,0.066811,62,54
adapted_instance1228_m=4_n=25_l=15_c=10_s=0_3.txt,0.058795,60,54
adapted_instance1228_m=4_n=25_l=15_c=10_s=0_4.txt,0.045895,56,54
adapted_instance1228_m=4_n=25_l=15_c=10_s=0_5.txt,0.043753,60,54
adapted_instance1228_m=4_n=25_l=15_c=10_s=0_6.txt,0.055593,60,54
adapted_instance1228_m=4_n=25_l=15_c=10_s=0_7.txt,0.068255,59,54
adapted_instance1228_m=4_n=25_l=15_c=10_s=0_8.txt,0.068273,61,54
adapted_instance1228_m=4_n=25_l=15_c=10_s=0_9.txt,0.053977,58,54
adapted_instance1228_m=4_n=25_l=15_c=10_s=0_10.txt,0.054378,58,54
adapted_instance1230_m=4_n=25_l=15_c=10_s=2_1.txt,0.044385,56,52
adapted_instance1230_m=4_n=25_l=15_c=10_s=2_2.txt,0.044292,58,52
adapted_instance1230_m=4_n=25_l=15_c=10_s=2_3.txt,0.068557,58,51
adapted_instance1230_m=4_n=25_l=15_c=10_s=2_4.txt,0.056811,58,51
adapted_instance1230_m=4_n=25_l=15_c=10_s=2_5.txt,0.067425,55,50
adapted_instance1230_m=4_n=25_l=15_c=10_s=2_6.txt,0.054819,57,51
adapted_instance1230_m=4_n=25_l=15_c=10_s=2_7.txt,0.055179,56,51
adapted_instance1230_m=4_n=25_l=15_c=10_s=2_8.txt,0.057449,58,51
adapted_instance1230_m=4_n=25_l=15_c=10_s=2_9.txt,0.068427,59,51
adapted_instance1230_m=4_n=25_l=15_c=10_s=2_10.txt,0.066558,57,50
adapted_instance1232_m=4_n=25_l=15_c=10_s=1_1.txt,0.06293,50,44
adapted_instance1232_m=4_n=25_l=15_c=10_s=1_2.txt,0.043279,50,45
adapted_instance1232_m=4_n=25_l=15_c=10_s=1_3.txt,0.042739,50,44
adapted_instance1232_m=4_n=25_l=15_c=10_s=1_4.txt,0.042935,47,44
adapted_instance1232_m=4_n=25_l=15_c=10_s=1_5.txt,0.052462,50,44
adapted_instance1232_m=4_n=25_l=15_c=10_s=1_6.txt,0.067994,51,44
adapted_instance1232_m=4_n=25_l=15_c=10_s=1_7.txt,0.034902,49,45
adapted_instance1232_m=4_n=25_l=15_c=10_s=1_8.txt,0.04138,46,44
adapted_instance1232_m=4_n=25_l=15_c=10_s=1_9.txt,0.032821,47,44
adapted_instance1232_m=4_n=25_l=15_c=10_s=1_10.txt,0.053728,50,44
adapted_instance1234_m=4_n=25_l=15_c=10_s=0_1.txt,0.074775,59,52
adapted_instance1234_m=4_n=25_l=15_c=10_s=0_2.txt,0.06733,59,53
adapted_instance1234_m=4_n=25_l=15_c=10_s=0_3.txt,0.043532,58,53
adapted_instance1234_m=4_n=25_l=15_c=10_s=0_4.txt,0.064991,56,52
adapted_instance1234_m=4_n=25_l=15_c=10_s=0_5.txt,0.041981,57,52
adapted_instance1234_m=4_n=25_l=15_c=10_s=0_6.txt,0.053543,60,53
adapted_instance1234_m=4_n=25_l=15_c=10_s=0_7.txt,0.052899,58,52
adapted_instance1234_m=4_n=25_l=15_c=10_s=0_8.txt,0.041324,57,53
adapted_instance1234_m=4_n=25_l=15_c=10_s=0_9.txt,0.05446,57,53
adapted_instance1234_m=4_n=25_l=15_c=10_s=0_10.txt,0.051794,59,53
adapted_instance1236_m=4_n=25_l=15_c=10_s=2_1.txt,0.054228,54,49
adapted_instance1236_m=4_n=25_l=15_c=10_s=2_2.txt,0.051311,54,49
adapted_instance1236_m=4_n=25_l=15_c=10_s=2_3.txt,0.044006,53,50
adapted_instance1236_m=4_n=25_l=15_c=10_s=2_4.txt,0.031515,53,51
adapted_instance1236_m=4_n=25_l=15_c=10_s=2_5.txt,0.053602,54,49
adapted_instance1236_m=4_n=25_l=15_c=10_s=2_6.txt,0.053369,54,49
adapted_instance1236_m=4_n=25_l=15_c=10_s=2_7.txt,0.054368,53,49
adapted_instance1236_m=4_n=25_l=15_c=10_s=2_8.txt,0.042812,56,49
adapted_instance1236_m=4_n=25_l=15_c=10_s=2_9.txt,0.053608,54,49
adapted_instance1236_m=4_n=25_l=15_c=10_s=2_10.txt,0.042404,53,49
adapted_instance1238_m=4_n=25_l=15_c=10_s=1_1.txt,0.05312,56,50
adapted_instance1238_m=4_n=25_l=15_c=10_s=1_2.txt,0.041874,53,50
adapted_instance1238_m=4_n=25_l=15_c=10_s=1_3.txt,0.054641,59,51
adapted_instance1238_m=4_n=25_l=15_c=10_s=1_4.txt,0.055525,55,50
adapted_instance1238_m=4_n=25_l=15_c=10_s=1_5.txt,0.055284,58,50
adapted_instance1238_m=4_n=25_l=15_c=10_s=1_6.txt,0.051801,55,50
adapted_instance1238_m=4_n=25_l=15_c=10_s=1_7.txt,0.05365,54,50
adapted_instance1238_m=4_n=25_l=15_c=10_s=1_8.txt,0.053608,55,50
adapted_instance1238_m=4_n=25_l=15_c=10_s=1_9.txt,0.052106,54,50
adapted_instance1238_m=4_n=25_l=15_c=10_s=1_10.txt,0.054377,54,50
adapted_instance1284_m=4_n=25_l=15_c=10_s=2_1.txt,0.071296,73,65
adapted_instance1284_m=4_n=25_l=15_c=10_s=2_2.txt,0.062779,68,65
adapted_instance1284_m=4_n=25_l=15_c=10_s=2_3.txt,0.058991,72,66
adapted_instance1284_m=4_n=25_l=15_c=10_s=2_4.txt,0.057623,72,66
adapted_instance1284_m=4_n=25_l=15_c=10_s=2_5.txt,0.046008,71,66
adapted_instance1284_m=4_n=25_l=15_c=10_s=2_6.txt,0.045884,70,66
adapted_instance1284_m=4_n=25_l=15_c=10_s=2_7.txt,0.047793,68,65
adapted_instance1284_m=4_n=25_l=15_c=10_s=2_8.txt,0.057318,69,66
adapted_instance1284_m=4_n=25_l=15_c=10_s=2_9.txt,0.057473,69,66
adapted_instance1284_m=4_n=25_l=15_c=10_s=2_10.txt,0.059738,72,66
adapted_instance1286_m=4_n=25_l=15_c=10_s=1_1.txt,0.057379,70,66
adapted_instance1286_m=4_n=25_l=15_c=10_s=1_2.txt,0.035008,68,67
adapted_instance1286_m=4_n=25_l=15_c=10_s=1_3.txt,0.034122,71,66
adapted_instance1286_m=4_n=25_l=15_c=10_s=1_4.txt,0.047197,69,66
adapted_instance1286_m=4_n=25_l=15_c=10_s=1_5.txt,0.045875,70,66
adapted_instance1286_m=4_n=25_l=15_c=10_s=1_6.txt,0.04652,71,67
adapted_instance1286_m=4_n=25_l=15_c=10_s=1_7.txt,0.045467,71,67
adapted_instance1286_m=4_n=25_l=15_c=10_s=1_8.txt,0.043995,69,66
adapted_instance1286_m=4_n=25_l=15_c=10_s=1_9.txt,0.069097,73,66
adapted_instance1286_m=4_n=25_l=15_c=10_s=1_10.txt,0.04381,71,67
adapted_instance1288_m=4_n=25_l=15_c=10_s=0_1.txt,0.078169,66,57
adapted_instance1288_m=4_n=25_l=15_c=10_s=0_2.txt,0.070448,64,57
adapted_instance1288_m=4_n=25_l=15_c=10_s=0_3.txt,0.067908,63,57
adapted_instance1288_m=4_n=25_l=15_c=10_s=0_4.txt,0.044034,62,58
adapted_instance1288_m=4_n=25_l=15_c=10_s=0_5.txt,0.032306,60,58
adapted_instance1288_m=4_n=25_l=15_c=10_s=0_6.txt,0.046072,62,58
adapted_instance1288_m=4_n=25_l=15_c=10_s=0_7.txt,0.056336,65,57
adapted_instance1288_m=4_n=25_l=15_c=10_s=0_8.txt,0.055886,63,58
adapted_instance1288_m=4_n=25_l=15_c=10_s=0_9.txt,0.067047,62,58
adapted_instance1288_m=4_n=25_l=15_c=10_s=0_10.txt,0.056744,61,57
adapted_instance1290_m=4_n=25_l=15_c=10_s=2_1.txt,0.04449,64,58
adapted_instance1290_m=4_n=25_l=15_c=10_s=2_2.txt,0.055898,64,58
adapted_instance1290_m=4_n=25_l=15_c=10_s=2_3.txt,0.058606,63,58
adapted_instance1290_m=4_n=25_l=15_c=10_s=2_4.txt,0.045072,61,58
adapted_instance1290_m=4_n=25_l=15_c=10_s=2_5.txt,0.058525,65,57
adapted_instance1290_m=4_n=25_l=15_c=10_s=2_6.txt,0.056473,67,58
adapted_instance1290_m=4_n=25_l=15_c=10_s=2_7.txt,0.045097,61,58
adapted_instance1290_m=4_n=25_l=15_c=10_s=2_8.txt,0.056275,65,58
adapted_instance1290_m=4_n=25_l=15_c=10_s=2_9.txt,0.055896,64,58
adapted_instance1290_m=4_n=25_l=15_c=10_s=2_10.txt,0.046081,64,58
adapted_instance1294_m=4_n=25_l=15_c=10_s=0_1.txt,0.065003,54,47
adapted_instance1294_m=4_n=25_l=15_c=10_s=0_2.txt,0.053623,52,46
adapted_instance1294_m=4_n=25_l=15_c=10_s=0_3.txt,0.064101,54,47
adapted_instance1294_m=4_n=25_l=15_c=10_s=0_4.txt,0.054868,54,46
adapted_instance1294_m=4_n=25_l=15_c=10_s=0_5.txt,0.065483,53,45
adapted_instance1294_m=4_n=25_l=15_c=10_s=0_6.txt,0.064797,50,46
adapted_instance1294_m=4_n=25_l=15_c=10_s=0_7.txt,0.054419,52,47
adapted_instance1294_m=4_n=25_l=15_c=10_s=0_8.txt,0.063411,53,46
adapted_instance1294_m=4_n=25_l=15_c=10_s=0_9.txt,0.042383,53,46
adapted_instance1294_m=4_n=25_l=15_c=10_s=0_10.txt,0.065814,52,46
adapted_instance1296_m=4_n=25_l=15_c=10_s=2_1.txt,0.05258,54,46
adapted_instance1296_m=4_n=25_l=15_c=10_s=2_2.txt,0.074507,51,45
adapted_instance1296_m=4_n=25_l=15_c=10_s=2_3.txt,0.04239,51,47
adapted_instance1296_m=4_n=25_l=15_c=10_s=2_4.txt,0.065015,53,46
adapted_instance1296_m=4_n=25_l=15_c=10_s=2_5.txt,0.053567,51,45
adapted_instance1296_m=4_n=25_l=15_c=10_s=2_6.txt,0.031769,48,47
adapted_instance1296_m=4_n=25_l=15_c=10_s=2_7.txt,0.054319,52,46
adapted_instance1296_m=4_n=25_l=15_c=10_s=2_8.txt,0.041962,52,46
adapted_instance1296_m=4_n=25_l=15_c=10_s=2_9.txt,0.064224,52,45
adapted_instance1296_m=4_n=25_l=15_c=10_s=2_10.txt,0.043719,50,47
adapted_instance1302_m=4_n=25_l=15_c=10_s=2_1.txt,0.043413,49,45
adapted_instance1302_m=4_n=25_l=15_c=10_s=2_2.txt,0.06365,54,46
adapted_instance1302_m=4_n=25_l=15_c=10_s=2_3.txt,0.040834,50,47
adapted_instance1302_m=4_n=25_l=15_c=10_s=2_4.txt,0.055152,54,48
adapted_instance1302_m=4_n=25_l=15_c=10_s=2_5.txt,0.063743,51,46
adapted_instance1302_m=4_n=25_l=15_c=10_s=2_6.txt,0.040704,51,47
adapted_instance1302_m=4_n=25_l=15_c=10_s=2_7.txt,0.088259,56,45
adapted_instance1302_m=4_n=25_l=15_c=10_s=2_8.txt,0.053323,52,46
adapted_instance1302_m=4_n=25_l=15_c=10_s=2_9.txt,0.072912,55,45
adapted_instance1302_m=4_n=25_l=15_c=10_s=2_10.txt,0.053384,51,45
adapted_instance1304_m=4_n=25_l=15_c=10_s=1_1.txt,0.07832,62,53
adapted_instance1304_m=4_n=25_l=15_c=10_s=1_2.txt,0.055246,58,52
adapted_instance1304_m=4_n=25_l=15_c=10_s=1_3.txt,0.046412,56,52
adapted_instance1304_m=4_n=25_l=15_c=10_s=1_4.txt,0.044955,55,52
adapted_instance1304_m=4_n=25_l=15_c=10_s=1_5.txt,0.053824,58,52
adapted_instance1304_m=4_n=25_l=15_c=10_s=1_6.txt,0.041673,58,54
adapted_instance1304_m=4_n=25_l=15_c=10_s=1_7.txt,0.053564,60,53
adapted_instance1304_m=4_n=25_l=15_c=10_s=1_8.txt,0.052787,56,52
adapted_instance1304_m=4_n=25_l=15_c=10_s=1_9.txt,0.054789,61,53
adapted_instance1304_m=4_n=25_l=15_c=10_s=1_10.txt,0.056027,58,52
adapted_instance1310_m=4_n=25_l=15_c=10_s=1_1.txt,0.054629,54,50
adapted_instance1310_m=4_n=25_l=15_c=10_s=1_2.txt,0.074427,57,49
adapted_instance1310_m=4_n=25_l=15_c=10_s=1_3.txt,0.052818,55,48
adapted_instance1310_m=4_n=25_l=15_c=10_s=1_4.txt,0.063876,56,49
adapted_instance1310_m=4_n=25_l=15_c=10_s=1_5.txt,0.042363,55,49
adapted_instance1310_m=4_n=25_l=15_c=10_s=1_6.txt,0.075789,58,48
adapted_instance1310_m=4_n=25_l=15_c=10_s=1_7.txt,0.053249,54,49
adapted_instance1310_m=4_n=25_l=15_c=10_s=1_8.txt,0.065378,56,48
adapted_instance1310_m=4_n=25_l=15_c=10_s=1_9.txt,0.066971,57,49
adapted_instance1310_m=4_n=25_l=15_c=10_s=1_10.txt,0.059845,58,50
adapted_instance1324_m=4_n=25_l=20_c=10_s=0_1.txt,0.062144,64,61
adapted_instance1324_m=4_n=25_l=20_c=10_s=0_2.txt,0.063773,66,61
adapted_instance1324_m=4_n=25_l=20_c=10_s=0_3.txt,0.06223,66,61
adapted_instance1324_m=4_n=25_l=20_c=10_s=0_4.txt,0.078583,65,61
adapted_instance1324_m=4_n=25_l=20_c=10_s=0_5.txt,0.080808,70,61
adapted_instance1324_m=4_n=25_l=20_c=10_s=0_6.txt,0.06266,66,61
adapted_instance1324_m=4_n=25_l=20_c=10_s=0_7.txt,0.049287,63,61
adapted_instance1324_m=4_n=25_l=20_c=10_s=0_8.txt,0.049028,62,61
adapted_instance1324_m=4_n=25_l=20_c=10_s=0_9.txt,0.065038,67,61
adapted_instance1324_m=4_n=25_l=20_c=10_s=0_10.txt,0.066453,66,61
adapted_instance1326_m=4_n=25_l=20_c=10_s=2_1.txt,0.065555,64,58
adapted_instance1326_m=4_n=25_l=20_c=10_s=2_2.txt,0.082294,61,57
adapted_instance1326_m=4_n=25_l=20_c=10_s=2_3.txt,0.095974,64,57
adapted_instance1326_m=4_n=25_l=20_c=10_s=2_4.txt,0.075898,62,58
adapted_instance1326_m=4_n=25_l=20_c=10_s=2_5.txt,0.064137,64,58
adapted_instance1326_m=4_n=25_l=20_c=10_s=2_6.txt,0.064343,63,59
adapted_instance1326_m=4_n=25_l=20_c=10_s=2_7.txt,0.080643,65,57
adapted_instance1326_m=4_n=25_l=20_c=10_s=2_8.txt,0.114621,65,57
adapted_instance1326_m=4_n=25_l=20_c=10_s=2_9.txt,0.078332,66,57
adapted_instance1326_m=4_n=25_l=20_c=10_s=2_10.txt,0.094966,66,57
adapted_instance1328_m=4_n=25_l=20_c=10_s=1_1.txt,0.081194,62,56
adapted_instance1328_m=4_n=25_l=20_c=10_s=1_2.txt,0.09471,63,56
adapted_instance1328_m=4_n=25_l=20_c=10_s=1_3.txt,0.06503,63,57
adapted_instance1328_m=4_n=25_l=20_c=10_s=1_4.txt,0.062613,60,56
adapted_instance1328_m=4_n=25_l=20_c=10_s=1_5.txt,0.080226,62,55
adapted_instance1328_m=4_n=25_l=20_c=10_s=1_6.txt,0.079193,58,55
adapted_instance1328_m=4_n=25_l=20_c=10_s=1_7.txt,0.082332,63,56
adapted_instance1328_m=4_n=25_l=20_c=10_s=1_8.txt,0.096038,63,55
adapted_instance1328_m=4_n=25_l=20_c=10_s=1_9.txt,0.094338,60,55
adapted_instance1328_m=4_n=25_l=20_c=10_s=1_10.txt,0.062338,58,56
adapted_instance1334_m=4_n=25_l=20_c=10_s=1_1.txt,0.031938,63,63
adapted_instance1334_m=4_n=25_l=20_c=10_s=1_2.txt,0.032255,63,63
adapted_instance1334_m=4_n=25_l=20_c=10_s=1_3.txt,0.048359,66,63
adapted_instance1334_m=4_n=25_l=20_c=10_s=1_4.txt,0.047955,65,63
adapted_instance1334_m=4_n=25_l=20_c=10_s=1_5.txt,0.050861,69,63
adapted_instance1334_m=4_n=25_l=20_c=10_s=1_6.txt,0.063902,65,63
adapted_instance1334_m=4_n=25_l=20_c=10_s=1_7.txt,0.047131,67,63
adapted_instance1334_m=4_n=25_l=20_c=10_s=1_8.txt,0.032651,63,63
adapted_instance1334_m=4_n=25_l=20_c=10_s=1_9.txt,0.048732,66,63
adapted_instance1334_m=4_n=25_l=20_c=10_s=1_10.txt,0.064534,65,63
adapted_instance1338_m=4_n=25_l=20_c=10_s=2_1.txt,0.093648,58,51
adapted_instance1338_m=4_n=25_l=20_c=10_s=2_2.txt,0.079857,57,54
adapted_instance1338_m=4_n=25_l=20_c=10_s=2_3.txt,0.108108,60,52
adapted_instance1338_m=4_n=25_l=20_c=10_s=2_4.txt,0.065747,58,54
adapted_instance1338_m=4_n=25_l=20_c=10_s=2_5.txt,0.123783,58,51
adapted_instance1338_m=4_n=25_l=20_c=10_s=2_6.txt,0.078797,57,51
adapted_instance1338_m=4_n=25_l=20_c=10_s=2_7.txt,0.093565,58,51
adapted_instance1338_m=4_n=25_l=20_c=10_s=2_8.txt,0.062762,59,53
adapted_instance1338_m=4_n=25_l=20_c=10_s=2_9.txt,0.092719,61,53
adapted_instance1338_m=4_n=25_l=20_c=10_s=2_10.txt,0.11354,60,52
adapted_instance1340_m=4_n=25_l=20_c=10_s=1_1.txt,0.079218,59,55
adapted_instance1340_m=4_n=25_l=20_c=10_s=1_2.txt,0.063026,60,55
adapted_instance1340_m=4_n=25_l=20_c=10_s=1_3.txt,0.098108,63,54
adapted_instance1340_m=4_n=25_l=20_c=10_s=1_4.txt,0.093293,60,54
adapted_instance1340_m=4_n=25_l=20_c=10_s=1_5.txt,0.081729,61,54
adapted_instance1340_m=4_n=25_l=20_c=10_s=1_6.txt,0.096268,60,54
adapted_instance1340_m=4_n=25_l=20_c=10_s=1_7.txt,0.077845,60,54
adapted_instance1340_m=4_n=25_l=20_c=10_s=1_8.txt,0.062073,59,56
adapted_instance1340_m=4_n=25_l=20_c=10_s=1_9.txt,0.078474,60,54
adapted_instance1340_m=4_n=25_l=20_c=10_s=1_10.txt,0.097293,60,54
adapted_instance1342_m=4_n=25_l=20_c=10_s=0_1.txt,0.078071,60,53
adapted_instance1342_m=4_n=25_l=20_c=10_s=0_2.txt,0.063911,59,52
adapted_instance1342_m=4_n=25_l=20_c=10_s=0_3.txt,0.061192,56,53
adapted_instance1342_m=4_n=25_l=20_c=10_s=0_4.txt,0.048288,56,52
adapted_instance1342_m=4_n=25_l=20_c=10_s=0_5.txt,0.078669,55,52
adapted_instance1342_m=4_n=25_l=20_c=10_s=0_6.txt,0.063447,60,52
adapted_instance1342_m=4_n=25_l=20_c=10_s=0_7.txt,0.061872,56,52
adapted_instance1342_m=4_n=25_l=20_c=10_s=0_8.txt,0.047575,55,52
adapted_instance1342_m=4_n=25_l=20_c=10_s=0_9.txt,0.048727,56,52
adapted_instance1342_m=4_n=25_l=20_c=10_s=0_10.txt,0.063399,58,52
adapted_instance1344_m=4_n=25_l=20_c=10_s=2_1.txt,0.079112,59,54
adapted_instance1344_m=4_n=25_l=20_c=10_s=2_2.txt,0.046445,57,54
adapted_instance1344_m=4_n=25_l=20_c=10_s=2_3.txt,0.06264,57,54
adapted_instance1344_m=4_n=25_l=20_c=10_s=2_4.txt,0.07613,57,54
adapted_instance1344_m=4_n=25_l=20_c=10_s=2_5.txt,0.076437,60,54
adapted_instance1344_m=4_n=25_l=20_c=10_s=2_6.txt,0.096293,62,54
adapted_instance1344_m=4_n=25_l=20_c=10_s=2_7.txt,0.077207,61,54
adapted_instance1344_m=4_n=25_l=20_c=10_s=2_8.txt,0.096888,59,54
adapted_instance1344_m=4_n=25_l=20_c=10_s=2_9.txt,0.063177,59,54
adapted_instance1344_m=4_n=25_l=20_c=10_s=2_10.txt,0.076586,58,54
adapted_instance1346_m=4_n=25_l=20_c=10_s=1_1.txt,0.078001,56,51
adapted_instance1346_m=4_n=25_l=20_c=10_s=1_2.txt,0.076226,58,50
adapted_instance1346_m=4_n=25_l=20_c=10_s=1_3.txt,0.112192,60,50
adapted_instance1346_m=4_n=25_l=20_c=10_s=1_4.txt,0.093655,58,50
adapted_instance1346_m=4_n=25_l=20_c=10_s=1_5.txt,0.091742,58,50
adapted_instance1346_m=4_n=25_l=20_c=10_s=1_6.txt,0.094431,57,50
adapted_instance1346_m=4_n=25_l=20_c=10_s=1_7.txt,0.079915,55,51
adapted_instance1346_m=4_n=25_l=20_c=10_s=1_8.txt,0.078423,57,50
adapted_instance1346_m=4_n=25_l=20_c=10_s=1_9.txt,0.110095,58,50
adapted_instance1346_m=4_n=25_l=20_c=10_s=1_10.txt,0.048118,56,51
adapted_instance1348_m=4_n=25_l=20_c=10_s=0_1.txt,0.063176,67,62
adapted_instance1348_m=4_n=25_l=20_c=10_s=0_2.txt,0.077549,67,62
adapted_instance1348_m=4_n=25_l=20_c=10_s=0_3.txt,0.080234,67,62
adapted_instance1348_m=4_n=25_l=20_c=10_s=0_4.txt,0.079299,68,62
adapted_instance1348_m=4_n=25_l=20_c=10_s=0_5.txt,0.063125,65,62
adapted_instance1348_m=4_n=25_l=20_c=10_s=0_6.txt,0.079198,66,62
adapted_instance1348_m=4_n=25_l=20_c=10_s=0_7.txt,0.064196,67,62
adapted_instance1348_m=4_n=25_l=20_c=10_s=0_8.txt,0.081108,67,62
adapted_instance1348_m=4_n=25_l=20_c=10_s=0_9.txt,0.094182,68,62
adapted_instance1348_m=4_n=25_l=20_c=10_s=0_10.txt,0.064597,66,63
adapted_instance1350_m=4_n=25_l=20_c=10_s=2_1.txt,0.079387,67,63
adapted_instance1350_m=4_n=25_l=20_c=10_s=2_2.txt,0.062092,66,63
adapted_instance1350_m=4_n=25_l=20_c=10_s=2_3.txt,0.063225,68,62
adapted_instance1350_m=4_n=25_l=20_c=10_s=2_4.txt,0.098317,67,62
adapted_instance1350_m=4_n=25_l=20_c=10_s=2_5.txt,0.079308,65,62
adapted_instance1350_m=4_n=25_l=20_c=10_s=2_6.txt,0.062638,66,62
adapted_instance1350_m=4_n=25_l=20_c=10_s=2_7.txt,0.07916,67,62
adapted_instance1350_m=4_n=25_l=20_c=10_s=2_8.txt,0.079294,66,62
adapted_instance1350_m=4_n=25_l=20_c=10_s=2_9.txt,0.078526,68,62
adapted_instance1350_m=4_n=25_l=20_c=10_s=2_10.txt,0.076852,66,62
adapted_instance1354_m=4_n=25_l=20_c=10_s=0_1.txt,0.114677,72,65
adapted_instance1354_m=4_n=25_l=20_c=10_s=0_2.txt,0.066662,71,66
adapted_instance1354_m=4_n=25_l=20_c=10_s=0_3.txt,0.065516,75,67
adapted_instance1354_m=4_n=25_l=20_c=10_s=0_4.txt,0.113327,75,65
adapted_instance1354_m=4_n=25_l=20_c=10_s=0_5.txt,0.09845,70,65
adapted_instance1354_m=4_n=25_l=20_c=10_s=0_6.txt,0.101515,76,65
adapted_instance1354_m=4_n=25_l=20_c=10_s=0_7.txt,0.083083,73,65
adapted_instance1354_m=4_n=25_l=20_c=10_s=0_8.txt,0.082795,74,65
adapted_instance1354_m=4_n=25_l=20_c=10_s=0_9.txt,0.065031,76,68
adapted_instance1354_m=4_n=25_l=20_c=10_s=0_10.txt,0.0968,72,65
adapted_instance1356_m=4_n=25_l=20_c=10_s=2_1.txt,0.082628,71,64
adapted_instance1356_m=4_n=25_l=20_c=10_s=2_2.txt,0.081439,70,66
adapted_instance1356_m=4_n=25_l=20_c=10_s=2_3.txt,0.096936,72,64
adapted_instance1356_m=4_n=25_l=20_c=10_s=2_4.txt,0.079472,69,64
adapted_instance1356_m=4_n=25_l=20_c=10_s=2_5.txt,0.080154,74,64
adapted_instance1356_m=4_n=25_l=20_c=10_s=2_6.txt,0.082321,69,64
adapted_instance1356_m=4_n=25_l=20_c=10_s=2_7.txt,0.117411,75,64
adapted_instance1356_m=4_n=25_l=20_c=10_s=2_8.txt,0.065019,67,64
adapted_instance1356_m=4_n=25_l=20_c=10_s=2_9.txt,0.094076,72,65
adapted_instance1356_m=4_n=25_l=20_c=10_s=2_10.txt,0.098398,73,64
adapted_instance1362_m=4_n=25_l=20_c=10_s=2_1.txt,0.096834,62,54
adapted_instance1362_m=4_n=25_l=20_c=10_s=2_2.txt,0.117714,65,55
adapted_instance1362_m=4_n=25_l=20_c=10_s=2_3.txt,0.099708,63,54
adapted_instance1362_m=4_n=25_l=20_c=10_s=2_4.txt,0.095225,61,54
adapted_instance1362_m=4_n=25_l=20_c=10_s=2_5.txt,0.096225,60,54
adapted_instance1362_m=4_n=25_l=20_c=10_s=2_6.txt,0.082033,66,55
adapted_instance1362_m=4_n=25_l=20_c=10_s=2_7.txt,0.097361,64,55
adapted_instance1362_m=4_n=25_l=20_c=10_s=2_8.txt,0.112679,64,55
adapted_instance1362_m=4_n=25_l=20_c=10_s=2_9.txt,0.0958,61,55
adapted_instance1362_m=4_n=25_l=20_c=10_s=2_10.txt,0.065445,61,55
adapted_instance1364_m=4_n=25_l=20_c=10_s=1_1.txt,0.097105,77,72
adapted_instance1364_m=4_n=25_l=20_c=10_s=1_2.txt,0.096274,80,73
adapted_instance1364_m=4_n=25_l=20_c=10_s=1_3.txt,0.082575,78,72
adapted_instance1364_m=4_n=25_l=20_c=10_s=1_4.txt,0.063394,76,72
adapted_instance1364_m=4_n=25_l=20_c=10_s=1_5.txt,0.081758,79,73
adapted_instance1364_m=4_n=25_l=20_c=10_s=1_6.txt,0.062324,76,72
adapted_instance1364_m=4_n=25_l=20_c=10_s=1_7.txt,0.065417,77,73
adapted_instance1364_m=4_n=25_l=20_c=10_s=1_8.txt,0.082836,77,72
adapted_instance1364_m=4_n=25_l=20_c=10_s=1_9.txt,0.082647,78,72
adapted_instance1364_m=4_n=25_l=20_c=10_s=1_10.txt,0.097656,82,72
adapted_instance1366_m=4_n=25_l=20_c=10_s=0_1.txt,0.099414,60,53
adapted_instance1366_m=4_n=25_l=20_c=10_s=0_2.txt,0.112864,62,53
adapted_instance1366_m=4_n=25_l=20_c=10_s=0_3.txt,0.132243,63,53
adapted_instance1366_m=4_n=25_l=20_c=10_s=0_4.txt,0.130978,63,53
adapted_instance1366_m=4_n=25_l=20_c=10_s=0_5.txt,0.132123,61,54
adapted_instance1366_m=4_n=25_l=20_c=10_s=0_6.txt,0.06332,58,53
adapted_instance1366_m=4_n=25_l=20_c=10_s=0_7.txt,0.080988,60,55
adapted_instance1366_m=4_n=25_l=20_c=10_s=0_8.txt,0.100412,61,53
adapted_instance1366_m=4_n=25_l=20_c=10_s=0_9.txt,0.129466,62,53
adapted_instance1366_m=4_n=25_l=20_c=10_s=0_10.txt,0.093264,63,54
