Instance_Name,Execution_Time,Initial_Solution,Final_Solution
adapted_instance100_m=2_n=8_l=15_c=10_s=0_1.txt,0.002061,40,37
adapted_instance100_m=2_n=8_l=15_c=10_s=0_2.txt,0.002106,39,36
adapted_instance100_m=2_n=8_l=15_c=10_s=0_3.txt,0.002699,41,36
adapted_instance100_m=2_n=8_l=15_c=10_s=0_4.txt,0.001631,38,37
adapted_instance100_m=2_n=8_l=15_c=10_s=0_5.txt,0.001594,39,37
adapted_instance100_m=2_n=8_l=15_c=10_s=0_6.txt,0.002184,39,37
adapted_instance100_m=2_n=8_l=15_c=10_s=0_7.txt,0.002207,41,37
adapted_instance100_m=2_n=8_l=15_c=10_s=0_8.txt,0.00209,42,37
adapted_instance100_m=2_n=8_l=15_c=10_s=0_9.txt,0.002588,41,36
adapted_instance100_m=2_n=8_l=15_c=10_s=0_10.txt,0.002102,42,38
adapted_instance102_m=2_n=8_l=15_c=10_s=2_1.txt,0.002148,45,41
adapted_instance102_m=2_n=8_l=15_c=10_s=2_2.txt,0.002083,46,41
adapted_instance102_m=2_n=8_l=15_c=10_s=2_3.txt,0.002531,46,40
adapted_instance102_m=2_n=8_l=15_c=10_s=2_4.txt,0.00266,44,40
adapted_instance102_m=2_n=8_l=15_c=10_s=2_5.txt,0.002117,42,40
adapted_instance102_m=2_n=8_l=15_c=10_s=2_6.txt,0.001572,43,40
adapted_instance102_m=2_n=8_l=15_c=10_s=2_7.txt,0.001083,41,41
adapted_instance102_m=2_n=8_l=15_c=10_s=2_8.txt,0.001126,40,40
adapted_instance102_m=2_n=8_l=15_c=10_s=2_9.txt,0.002035,42,40
adapted_instance102_m=2_n=8_l=15_c=10_s=2_10.txt,0.00164,41,40
adapted_instance106_m=2_n=8_l=15_c=10_s=0_1.txt,0.002053,40,35
adapted_instance106_m=2_n=8_l=15_c=10_s=0_2.txt,0.002051,39,35
adapted_instance106_m=2_n=8_l=15_c=10_s=0_3.txt,0.002089,41,35
adapted_instance106_m=2_n=8_l=15_c=10_s=0_4.txt,0.002305,39,35
adapted_instance106_m=2_n=8_l=15_c=10_s=0_5.txt,0.001655,38,35
adapted_instance106_m=2_n=8_l=15_c=10_s=0_6.txt,0.002007,37,35
adapted_instance106_m=2_n=8_l=15_c=10_s=0_7.txt,0.002631,39,35
adapted_instance106_m=2_n=8_l=15_c=10_s=0_8.txt,0.001983,38,35
adapted_instance106_m=2_n=8_l=15_c=10_s=0_9.txt,0.002173,40,35
adapted_instance106_m=2_n=8_l=15_c=10_s=0_10.txt,0.001633,37,36
adapted_instance108_m=2_n=8_l=15_c=10_s=2_1.txt,0.001576,38,34
adapted_instance108_m=2_n=8_l=15_c=10_s=2_2.txt,0.001587,38,34
adapted_instance108_m=2_n=8_l=15_c=10_s=2_3.txt,0.002089,36,33
adapted_instance108_m=2_n=8_l=15_c=10_s=2_4.txt,0.002121,37,34
adapted_instance108_m=2_n=8_l=15_c=10_s=2_5.txt,0.002582,37,33
adapted_instance108_m=2_n=8_l=15_c=10_s=2_6.txt,0.002553,35,32
adapted_instance108_m=2_n=8_l=15_c=10_s=2_7.txt,0.002061,37,33
adapted_instance108_m=2_n=8_l=15_c=10_s=2_8.txt,0.00168,36,33
adapted_instance108_m=2_n=8_l=15_c=10_s=2_9.txt,0.002609,38,32
adapted_instance108_m=2_n=8_l=15_c=10_s=2_10.txt,0.002054,37,33
adapted_instance10_m=2_n=8_l=15_c=5_s=0_1.txt,0.001023,31,31
adapted_instance10_m=2_n=8_l=15_c=5_s=0_2.txt,0.001011,31,31
adapted_instance10_m=2_n=8_l=15_c=5_s=0_3.txt,0.001036,31,31
adapted_instance10_m=2_n=8_l=15_c=5_s=0_4.txt,0.001006,31,31
adapted_instance10_m=2_n=8_l=15_c=5_s=0_5.txt,0.000999,31,31
adapted_instance10_m=2_n=8_l=15_c=5_s=0_6.txt,0.001001,31,31
adapted_instance10_m=2_n=8_l=15_c=5_s=0_7.txt,0.00101,31,31
adapted_instance10_m=2_n=8_l=15_c=5_s=0_8.txt,0.001023,31,31
adapted_instance10_m=2_n=8_l=15_c=5_s=0_9.txt,0.000999,31,31
adapted_instance10_m=2_n=8_l=15_c=5_s=0_10.txt,0.001079,31,31
adapted_instance112_m=2_n=8_l=15_c=10_s=0_1.txt,0.001104,52,52
adapted_instance112_m=2_n=8_l=15_c=10_s=0_2.txt,0.001527,55,52
adapted_instance112_m=2_n=8_l=15_c=10_s=0_3.txt,0.001562,53,52
adapted_instance112_m=2_n=8_l=15_c=10_s=0_4.txt,0.0016,54,52
adapted_instance112_m=2_n=8_l=15_c=10_s=0_5.txt,0.001623,54,52
adapted_instance112_m=2_n=8_l=15_c=10_s=0_6.txt,0.001699,55,52
adapted_instance112_m=2_n=8_l=15_c=10_s=0_7.txt,0.001161,52,52
adapted_instance112_m=2_n=8_l=15_c=10_s=0_8.txt,0.001594,55,52
adapted_instance112_m=2_n=8_l=15_c=10_s=0_9.txt,0.001139,52,52
adapted_instance112_m=2_n=8_l=15_c=10_s=0_10.txt,0.002159,55,52
adapted_instance114_m=2_n=8_l=15_c=10_s=2_1.txt,0.00115,51,51
adapted_instance114_m=2_n=8_l=15_c=10_s=2_2.txt,0.001623,52,51
adapted_instance114_m=2_n=8_l=15_c=10_s=2_3.txt,0.001604,52,51
adapted_instance114_m=2_n=8_l=15_c=10_s=2_4.txt,0.00171,52,51
adapted_instance114_m=2_n=8_l=15_c=10_s=2_5.txt,0.001664,53,51
adapted_instance114_m=2_n=8_l=15_c=10_s=2_6.txt,0.001742,52,51
adapted_instance114_m=2_n=8_l=15_c=10_s=2_7.txt,0.002289,53,51
adapted_instance114_m=2_n=8_l=15_c=10_s=2_8.txt,0.001772,52,51
adapted_instance114_m=2_n=8_l=15_c=10_s=2_9.txt,0.002326,53,51
adapted_instance114_m=2_n=8_l=15_c=10_s=2_10.txt,0.001637,53,51
adapted_instance116_m=2_n=8_l=15_c=10_s=1_1.txt,0.001082,50,50
adapted_instance116_m=2_n=8_l=15_c=10_s=1_2.txt,0.001544,52,50
adapted_instance116_m=2_n=8_l=15_c=10_s=1_3.txt,0.002517,53,50
adapted_instance116_m=2_n=8_l=15_c=10_s=1_4.txt,0.001588,51,50
adapted_instance116_m=2_n=8_l=15_c=10_s=1_5.txt,0.001536,52,50
adapted_instance116_m=2_n=8_l=15_c=10_s=1_6.txt,0.001561,53,50
adapted_instance116_m=2_n=8_l=15_c=10_s=1_7.txt,0.001582,51,50
adapted_instance116_m=2_n=8_l=15_c=10_s=1_8.txt,0.001607,51,50
adapted_instance116_m=2_n=8_l=15_c=10_s=1_9.txt,0.001556,52,50
adapted_instance116_m=2_n=8_l=15_c=10_s=1_10.txt,0.002114,52,50
adapted_instance118_m=2_n=8_l=15_c=10_s=0_1.txt,0.003128,49,45
adapted_instance118_m=2_n=8_l=15_c=10_s=0_2.txt,0.002014,50,46
adapted_instance118_m=2_n=8_l=15_c=10_s=0_3.txt,0.001569,46,45
adapted_instance118_m=2_n=8_l=15_c=10_s=0_4.txt,0.002549,53,45
adapted_instance118_m=2_n=8_l=15_c=10_s=0_5.txt,0.003046,51,45
adapted_instance118_m=2_n=8_l=15_c=10_s=0_6.txt,0.002638,52,45
adapted_instance118_m=2_n=8_l=15_c=10_s=0_7.txt,0.003092,52,45
adapted_instance118_m=2_n=8_l=15_c=10_s=0_8.txt,0.002533,51,45
adapted_instance118_m=2_n=8_l=15_c=10_s=0_9.txt,0.002486,52,45
adapted_instance118_m=2_n=8_l=15_c=10_s=0_10.txt,0.002789,49,45
adapted_instance120_m=2_n=8_l=15_c=10_s=2_1.txt,0.002182,44,40
adapted_instance120_m=2_n=8_l=15_c=10_s=2_2.txt,0.001895,43,41
adapted_instance120_m=2_n=8_l=15_c=10_s=2_3.txt,0.002596,45,39
adapted_instance120_m=2_n=8_l=15_c=10_s=2_4.txt,0.002125,45,41
adapted_instance120_m=2_n=8_l=15_c=10_s=2_5.txt,0.002048,45,41
adapted_instance120_m=2_n=8_l=15_c=10_s=2_6.txt,0.002617,42,39
adapted_instance120_m=2_n=8_l=15_c=10_s=2_7.txt,0.002592,45,39
adapted_instance120_m=2_n=8_l=15_c=10_s=2_8.txt,0.002657,42,39
adapted_instance120_m=2_n=8_l=15_c=10_s=2_9.txt,0.002147,42,39
adapted_instance120_m=2_n=8_l=15_c=10_s=2_10.txt,0.002149,44,40
adapted_instance122_m=2_n=8_l=20_c=10_s=1_1.txt,0.001602,59,59
adapted_instance122_m=2_n=8_l=20_c=10_s=1_2.txt,0.00256,61,59
adapted_instance122_m=2_n=8_l=20_c=10_s=1_3.txt,0.002437,60,59
adapted_instance122_m=2_n=8_l=20_c=10_s=1_4.txt,0.002368,60,59
adapted_instance122_m=2_n=8_l=20_c=10_s=1_5.txt,0.002391,61,59
adapted_instance122_m=2_n=8_l=20_c=10_s=1_6.txt,0.002937,62,59
adapted_instance122_m=2_n=8_l=20_c=10_s=1_7.txt,0.002705,60,59
adapted_instance122_m=2_n=8_l=20_c=10_s=1_8.txt,0.003355,62,59
adapted_instance122_m=2_n=8_l=20_c=10_s=1_9.txt,0.002345,61,59
adapted_instance122_m=2_n=8_l=20_c=10_s=1_10.txt,0.003272,62,59
adapted_instance124_m=2_n=8_l=20_c=10_s=0_1.txt,0.002355,62,60
adapted_instance124_m=2_n=8_l=20_c=10_s=0_2.txt,0.002395,62,60
adapted_instance124_m=2_n=8_l=20_c=10_s=0_3.txt,0.002415,61,60
adapted_instance124_m=2_n=8_l=20_c=10_s=0_4.txt,0.002284,61,60
adapted_instance124_m=2_n=8_l=20_c=10_s=0_5.txt,0.00241,62,60
adapted_instance124_m=2_n=8_l=20_c=10_s=0_6.txt,0.002384,61,60
adapted_instance124_m=2_n=8_l=20_c=10_s=0_7.txt,0.002433,62,60
adapted_instance124_m=2_n=8_l=20_c=10_s=0_8.txt,0.002296,62,60
adapted_instance124_m=2_n=8_l=20_c=10_s=0_9.txt,0.002295,61,60
adapted_instance124_m=2_n=8_l=20_c=10_s=0_10.txt,0.002325,62,60
adapted_instance126_m=2_n=8_l=20_c=10_s=2_1.txt,0.003788,58,50
adapted_instance126_m=2_n=8_l=20_c=10_s=2_2.txt,0.003921,55,50
adapted_instance126_m=2_n=8_l=20_c=10_s=2_3.txt,0.003799,59,50
adapted_instance126_m=2_n=8_l=20_c=10_s=2_4.txt,0.004503,57,51
adapted_instance126_m=2_n=8_l=20_c=10_s=2_5.txt,0.005123,59,50
adapted_instance126_m=2_n=8_l=20_c=10_s=2_6.txt,0.003473,54,50
adapted_instance126_m=2_n=8_l=20_c=10_s=2_7.txt,0.003289,55,51
adapted_instance126_m=2_n=8_l=20_c=10_s=2_8.txt,0.005494,59,52
adapted_instance126_m=2_n=8_l=20_c=10_s=2_9.txt,0.003388,55,50
adapted_instance126_m=2_n=8_l=20_c=10_s=2_10.txt,0.004141,54,50
adapted_instance128_m=2_n=8_l=20_c=10_s=1_1.txt,0.004283,61,61
adapted_instance128_m=2_n=8_l=20_c=10_s=1_2.txt,0.001634,61,61
adapted_instance128_m=2_n=8_l=20_c=10_s=1_3.txt,0.001626,61,61
adapted_instance128_m=2_n=8_l=20_c=10_s=1_4.txt,0.001779,61,61
adapted_instance128_m=2_n=8_l=20_c=10_s=1_5.txt,0.002372,62,61
adapted_instance128_m=2_n=8_l=20_c=10_s=1_6.txt,0.002797,62,61
adapted_instance128_m=2_n=8_l=20_c=10_s=1_7.txt,0.003029,62,61
adapted_instance128_m=2_n=8_l=20_c=10_s=1_8.txt,0.002166,61,61
adapted_instance128_m=2_n=8_l=20_c=10_s=1_9.txt,0.002822,62,61
adapted_instance128_m=2_n=8_l=20_c=10_s=1_10.txt,0.003988,62,61
adapted_instance12_m=2_n=8_l=15_c=5_s=2_1.txt,0.002425,32,32
adapted_instance12_m=2_n=8_l=15_c=5_s=2_2.txt,0.001181,32,32
adapted_instance12_m=2_n=8_l=15_c=5_s=2_3.txt,0.000999,32,32
adapted_instance12_m=2_n=8_l=15_c=5_s=2_4.txt,0.001974,32,32
adapted_instance12_m=2_n=8_l=15_c=5_s=2_5.txt,0.000993,32,32
adapted_instance12_m=2_n=8_l=15_c=5_s=2_6.txt,0.00101,32,32
adapted_instance12_m=2_n=8_l=15_c=5_s=2_7.txt,0.000958,32,32
adapted_instance12_m=2_n=8_l=15_c=5_s=2_8.txt,0.00102,32,32
adapted_instance12_m=2_n=8_l=15_c=5_s=2_9.txt,0.000993,32,32
adapted_instance12_m=2_n=8_l=15_c=5_s=2_10.txt,0.00103,32,32
adapted_instance14_m=2_n=8_l=15_c=5_s=1_1.txt,0.001487,32,31
adapted_instance14_m=2_n=8_l=15_c=5_s=1_2.txt,0.001052,31,31
adapted_instance14_m=2_n=8_l=15_c=5_s=1_3.txt,0.001472,32,31
adapted_instance14_m=2_n=8_l=15_c=5_s=1_4.txt,0.00154,32,31
adapted_instance14_m=2_n=8_l=15_c=5_s=1_5.txt,0.001066,31,31
adapted_instance14_m=2_n=8_l=15_c=5_s=1_6.txt,0.001478,32,31
adapted_instance14_m=2_n=8_l=15_c=5_s=1_7.txt,0.001533,32,31
adapted_instance14_m=2_n=8_l=15_c=5_s=1_8.txt,0.001042,31,31
adapted_instance14_m=2_n=8_l=15_c=5_s=1_9.txt,0.001009,31,31
adapted_instance14_m=2_n=8_l=15_c=5_s=1_10.txt,0.001474,32,31
adapted_instance154_m=2_n=8_l=20_c=15_s=0_1.txt,0.002691,57,53
adapted_instance154_m=2_n=8_l=20_c=15_s=0_2.txt,0.002087,58,54
adapted_instance154_m=2_n=8_l=20_c=15_s=0_3.txt,0.002711,57,53
adapted_instance154_m=2_n=8_l=20_c=15_s=0_4.txt,0.003508,59,53
adapted_instance154_m=2_n=8_l=20_c=15_s=0_5.txt,0.003422,62,53
adapted_instance154_m=2_n=8_l=20_c=15_s=0_6.txt,0.002035,58,55
adapted_instance154_m=2_n=8_l=20_c=15_s=0_7.txt,0.002718,58,53
adapted_instance154_m=2_n=8_l=20_c=15_s=0_8.txt,0.002646,57,54
adapted_instance154_m=2_n=8_l=20_c=15_s=0_9.txt,0.002689,57,54
adapted_instance154_m=2_n=8_l=20_c=15_s=0_10.txt,0.001943,56,53
adapted_instance156_m=2_n=8_l=20_c=15_s=2_1.txt,0.002742,55,52
adapted_instance156_m=2_n=8_l=20_c=15_s=2_2.txt,0.0042,57,51
adapted_instance156_m=2_n=8_l=20_c=15_s=2_3.txt,0.002906,55,52
adapted_instance156_m=2_n=8_l=20_c=15_s=2_4.txt,0.00323,57,51
adapted_instance156_m=2_n=8_l=20_c=15_s=2_5.txt,0.00355,59,51
adapted_instance156_m=2_n=8_l=20_c=15_s=2_6.txt,0.002887,59,51
adapted_instance156_m=2_n=8_l=20_c=15_s=2_7.txt,0.002119,53,52
adapted_instance156_m=2_n=8_l=20_c=15_s=2_8.txt,0.002108,56,51
adapted_instance156_m=2_n=8_l=20_c=15_s=2_9.txt,0.002747,55,51
adapted_instance156_m=2_n=8_l=20_c=15_s=2_10.txt,0.003574,54,51
adapted_instance158_m=2_n=8_l=20_c=15_s=1_1.txt,0.003296,74,68
adapted_instance158_m=2_n=8_l=20_c=15_s=1_2.txt,0.002892,70,67
adapted_instance158_m=2_n=8_l=20_c=15_s=1_3.txt,0.002718,73,68
adapted_instance158_m=2_n=8_l=20_c=15_s=1_4.txt,0.002786,72,68
adapted_instance158_m=2_n=8_l=20_c=15_s=1_5.txt,0.002166,73,69
adapted_instance158_m=2_n=8_l=20_c=15_s=1_6.txt,0.002756,73,68
adapted_instance158_m=2_n=8_l=20_c=15_s=1_7.txt,0.002872,70,67
adapted_instance158_m=2_n=8_l=20_c=15_s=1_8.txt,0.002897,71,67
adapted_instance158_m=2_n=8_l=20_c=15_s=1_9.txt,0.00322,71,67
adapted_instance158_m=2_n=8_l=20_c=15_s=1_10.txt,0.003273,71,67
adapted_instance160_m=2_n=8_l=20_c=15_s=0_1.txt,0.003159,72,69
adapted_instance160_m=2_n=8_l=20_c=15_s=0_2.txt,0.003312,73,69
adapted_instance160_m=2_n=8_l=20_c=15_s=0_3.txt,0.002071,73,69
adapted_instance160_m=2_n=8_l=20_c=15_s=0_4.txt,0.002935,73,69
adapted_instance160_m=2_n=8_l=20_c=15_s=0_5.txt,0.002173,73,69
adapted_instance160_m=2_n=8_l=20_c=15_s=0_6.txt,0.004521,76,69
adapted_instance160_m=2_n=8_l=20_c=15_s=0_7.txt,0.002157,72,69
adapted_instance160_m=2_n=8_l=20_c=15_s=0_8.txt,0.00224,73,69
adapted_instance160_m=2_n=8_l=20_c=15_s=0_9.txt,0.00309,72,69
adapted_instance160_m=2_n=8_l=20_c=15_s=0_10.txt,0.002119,72,69
adapted_instance162_m=2_n=8_l=20_c=15_s=2_1.txt,0.002919,79,69
adapted_instance162_m=2_n=8_l=20_c=15_s=2_2.txt,0.003059,77,68
adapted_instance162_m=2_n=8_l=20_c=15_s=2_3.txt,0.003408,75,68
adapted_instance162_m=2_n=8_l=20_c=15_s=2_4.txt,0.003478,72,68
adapted_instance162_m=2_n=8_l=20_c=15_s=2_5.txt,0.005873,73,68
adapted_instance162_m=2_n=8_l=20_c=15_s=2_6.txt,0.002726,72,69
adapted_instance162_m=2_n=8_l=20_c=15_s=2_7.txt,0.003386,72,68
adapted_instance162_m=2_n=8_l=20_c=15_s=2_8.txt,0.00296,78,69
adapted_instance162_m=2_n=8_l=20_c=15_s=2_9.txt,0.001486,69,69
adapted_instance162_m=2_n=8_l=20_c=15_s=2_10.txt,0.00284,73,69
adapted_instance166_m=2_n=8_l=20_c=15_s=0_1.txt,0.002717,67,60
adapted_instance166_m=2_n=8_l=20_c=15_s=0_2.txt,0.002915,66,60
adapted_instance166_m=2_n=8_l=20_c=15_s=0_3.txt,0.002683,62,60
adapted_instance166_m=2_n=8_l=20_c=15_s=0_4.txt,0.003302,65,60
adapted_instance166_m=2_n=8_l=20_c=15_s=0_5.txt,0.0021,64,61
adapted_instance166_m=2_n=8_l=20_c=15_s=0_6.txt,0.002959,62,59
adapted_instance166_m=2_n=8_l=20_c=15_s=0_7.txt,0.003588,64,59
adapted_instance166_m=2_n=8_l=20_c=15_s=0_8.txt,0.00344,64,59
adapted_instance166_m=2_n=8_l=20_c=15_s=0_9.txt,0.003643,65,59
adapted_instance166_m=2_n=8_l=20_c=15_s=0_10.txt,0.002784,66,61
adapted_instance16_m=2_n=8_l=15_c=5_s=0_1.txt,0.001443,32,31
adapted_instance16_m=2_n=8_l=15_c=5_s=0_2.txt,0.001403,32,31
adapted_instance16_m=2_n=8_l=15_c=5_s=0_3.txt,0.001034,31,31
adapted_instance16_m=2_n=8_l=15_c=5_s=0_4.txt,0.001495,32,31
adapted_instance16_m=2_n=8_l=15_c=5_s=0_5.txt,0.00153,32,31
adapted_instance16_m=2_n=8_l=15_c=5_s=0_6.txt,0.001443,32,31
adapted_instance16_m=2_n=8_l=15_c=5_s=0_7.txt,0.00146,32,31
adapted_instance16_m=2_n=8_l=15_c=5_s=0_8.txt,0.001095,31,31
adapted_instance16_m=2_n=8_l=15_c=5_s=0_9.txt,0.00145,32,31
adapted_instance16_m=2_n=8_l=15_c=5_s=0_10.txt,0.001416,32,31
adapted_instance172_m=2_n=8_l=20_c=15_s=0_1.txt,0.002128,57,51
adapted_instance172_m=2_n=8_l=20_c=15_s=0_2.txt,0.003544,56,50
adapted_instance172_m=2_n=8_l=20_c=15_s=0_3.txt,0.002155,54,52
adapted_instance172_m=2_n=8_l=20_c=15_s=0_4.txt,0.004097,56,50
adapted_instance172_m=2_n=8_l=20_c=15_s=0_5.txt,0.002631,54,50
adapted_instance172_m=2_n=8_l=20_c=15_s=0_6.txt,0.003685,59,51
adapted_instance172_m=2_n=8_l=20_c=15_s=0_7.txt,0.004016,62,50
adapted_instance172_m=2_n=8_l=20_c=15_s=0_8.txt,0.002615,53,51
adapted_instance172_m=2_n=8_l=20_c=15_s=0_9.txt,0.002188,54,51
adapted_instance172_m=2_n=8_l=20_c=15_s=0_10.txt,0.004301,58,49
adapted_instance178_m=2_n=8_l=20_c=15_s=0_1.txt,0.004404,51,43
adapted_instance178_m=2_n=8_l=20_c=15_s=0_2.txt,0.003073,47,45
adapted_instance178_m=2_n=8_l=20_c=15_s=0_3.txt,0.003437,50,43
adapted_instance178_m=2_n=8_l=20_c=15_s=0_4.txt,0.002742,49,45
adapted_instance178_m=2_n=8_l=20_c=15_s=0_5.txt,0.003505,50,43
adapted_instance178_m=2_n=8_l=20_c=15_s=0_6.txt,0.003501,49,43
adapted_instance178_m=2_n=8_l=20_c=15_s=0_7.txt,0.002717,47,42
adapted_instance178_m=2_n=8_l=20_c=15_s=0_8.txt,0.003467,49,43
adapted_instance178_m=2_n=8_l=20_c=15_s=0_9.txt,0.002887,51,44
adapted_instance178_m=2_n=8_l=20_c=15_s=0_10.txt,0.003414,54,44
adapted_instance180_m=2_n=8_l=20_c=15_s=2_1.txt,0.003091,53,47
adapted_instance180_m=2_n=8_l=20_c=15_s=2_2.txt,0.002909,51,46
adapted_instance180_m=2_n=8_l=20_c=15_s=2_3.txt,0.003274,50,46
adapted_instance180_m=2_n=8_l=20_c=15_s=2_4.txt,0.002671,50,47
adapted_instance180_m=2_n=8_l=20_c=15_s=2_5.txt,0.002181,55,46
adapted_instance180_m=2_n=8_l=20_c=15_s=2_6.txt,0.00323,53,46
adapted_instance180_m=2_n=8_l=20_c=15_s=2_7.txt,0.002658,52,47
adapted_instance180_m=2_n=8_l=20_c=15_s=2_8.txt,0.002836,54,47
adapted_instance180_m=2_n=8_l=20_c=15_s=2_9.txt,0.002098,51,48
adapted_instance180_m=2_n=8_l=20_c=15_s=2_10.txt,0.002739,52,47
adapted_instance220_m=2_n=8_l=20_c=15_s=0_1.txt,0.003087,66,56
adapted_instance220_m=2_n=8_l=20_c=15_s=0_2.txt,0.00296,61,55
adapted_instance220_m=2_n=8_l=20_c=15_s=0_3.txt,0.003528,59,55
adapted_instance220_m=2_n=8_l=20_c=15_s=0_4.txt,0.002261,61,56
adapted_instance220_m=2_n=8_l=20_c=15_s=0_5.txt,0.00368,62,55
adapted_instance220_m=2_n=8_l=20_c=15_s=0_6.txt,0.003025,57,54
adapted_instance220_m=2_n=8_l=20_c=15_s=0_7.txt,0.003848,61,55
adapted_instance220_m=2_n=8_l=20_c=15_s=0_8.txt,0.004479,62,55
adapted_instance220_m=2_n=8_l=20_c=15_s=0_9.txt,0.003775,61,53
adapted_instance220_m=2_n=8_l=20_c=15_s=0_10.txt,0.002277,56,54
adapted_instance222_m=2_n=8_l=20_c=15_s=2_1.txt,0.002278,59,56
adapted_instance222_m=2_n=8_l=20_c=15_s=2_2.txt,0.002479,61,57
adapted_instance222_m=2_n=8_l=20_c=15_s=2_3.txt,0.004295,68,55
adapted_instance222_m=2_n=8_l=20_c=15_s=2_4.txt,0.003689,61,56
adapted_instance222_m=2_n=8_l=20_c=15_s=2_5.txt,0.003694,68,55
adapted_instance222_m=2_n=8_l=20_c=15_s=2_6.txt,0.00291,64,55
adapted_instance222_m=2_n=8_l=20_c=15_s=2_7.txt,0.004327,64,54
adapted_instance222_m=2_n=8_l=20_c=15_s=2_8.txt,0.00301,69,56
adapted_instance222_m=2_n=8_l=20_c=15_s=2_9.txt,0.002234,60,55
adapted_instance222_m=2_n=8_l=20_c=15_s=2_10.txt,0.00375,64,56
adapted_instance224_m=2_n=8_l=20_c=15_s=1_1.txt,0.003767,81,73
adapted_instance224_m=2_n=8_l=20_c=15_s=1_2.txt,0.00351,77,72
adapted_instance224_m=2_n=8_l=20_c=15_s=1_3.txt,0.003144,80,73
adapted_instance224_m=2_n=8_l=20_c=15_s=1_4.txt,0.003116,78,73
adapted_instance224_m=2_n=8_l=20_c=15_s=1_5.txt,0.003217,77,73
adapted_instance224_m=2_n=8_l=20_c=15_s=1_6.txt,0.003839,79,72
adapted_instance224_m=2_n=8_l=20_c=15_s=1_7.txt,0.003854,78,72
adapted_instance224_m=2_n=8_l=20_c=15_s=1_8.txt,0.00335,81,73
adapted_instance224_m=2_n=8_l=20_c=15_s=1_9.txt,0.004652,79,72
adapted_instance224_m=2_n=8_l=20_c=15_s=1_10.txt,0.004301,83,71
adapted_instance226_m=2_n=8_l=20_c=15_s=0_1.txt,0.003189,73,66
adapted_instance226_m=2_n=8_l=20_c=15_s=0_2.txt,0.003203,72,65
adapted_instance226_m=2_n=8_l=20_c=15_s=0_3.txt,0.003034,68,66
adapted_instance226_m=2_n=8_l=20_c=15_s=0_4.txt,0.002401,68,66
adapted_instance226_m=2_n=8_l=20_c=15_s=0_5.txt,0.003396,69,66
adapted_instance226_m=2_n=8_l=20_c=15_s=0_6.txt,0.003268,70,66
adapted_instance226_m=2_n=8_l=20_c=15_s=0_7.txt,0.003388,70,66
adapted_instance226_m=2_n=8_l=20_c=15_s=0_8.txt,0.003229,72,66
adapted_instance226_m=2_n=8_l=20_c=15_s=0_9.txt,0.002997,72,67
adapted_instance226_m=2_n=8_l=20_c=15_s=0_10.txt,0.00281,73,66
adapted_instance76_m=2_n=8_l=15_c=10_s=0_1.txt,0.002796,45,38
adapted_instance76_m=2_n=8_l=15_c=10_s=0_2.txt,0.002653,42,38
adapted_instance76_m=2_n=8_l=15_c=10_s=0_3.txt,0.002121,41,38
adapted_instance76_m=2_n=8_l=15_c=10_s=0_4.txt,0.002256,45,40
adapted_instance76_m=2_n=8_l=15_c=10_s=0_5.txt,0.003258,46,38
adapted_instance76_m=2_n=8_l=15_c=10_s=0_6.txt,0.002608,44,36
adapted_instance76_m=2_n=8_l=15_c=10_s=0_7.txt,0.00274,44,37
adapted_instance76_m=2_n=8_l=15_c=10_s=0_8.txt,0.003341,45,37
adapted_instance76_m=2_n=8_l=15_c=10_s=0_9.txt,0.002124,42,39
adapted_instance76_m=2_n=8_l=15_c=10_s=0_10.txt,0.003537,46,36
adapted_instance94_m=2_n=8_l=15_c=10_s=0_1.txt,0.002147,37,34
adapted_instance94_m=2_n=8_l=15_c=10_s=0_2.txt,0.001627,37,34
adapted_instance94_m=2_n=8_l=15_c=10_s=0_3.txt,0.002131,40,35
adapted_instance94_m=2_n=8_l=15_c=10_s=0_4.txt,0.002034,37,35
adapted_instance94_m=2_n=8_l=15_c=10_s=0_5.txt,0.002612,41,34
adapted_instance94_m=2_n=8_l=15_c=10_s=0_6.txt,0.00169,36,35
adapted_instance94_m=2_n=8_l=15_c=10_s=0_7.txt,0.0021,40,34
adapted_instance94_m=2_n=8_l=15_c=10_s=0_8.txt,0.002643,38,34
adapted_instance94_m=2_n=8_l=15_c=10_s=0_9.txt,0.002173,38,35
adapted_instance94_m=2_n=8_l=15_c=10_s=0_10.txt,0.001693,36,35
adapted_instance96_m=2_n=8_l=15_c=10_s=2_1.txt,0.002097,38,33
adapted_instance96_m=2_n=8_l=15_c=10_s=2_2.txt,0.00168,35,33
adapted_instance96_m=2_n=8_l=15_c=10_s=2_3.txt,0.00329,39,33
adapted_instance96_m=2_n=8_l=15_c=10_s=2_4.txt,0.003423,40,33
adapted_instance96_m=2_n=8_l=15_c=10_s=2_5.txt,0.00217,38,34
adapted_instance96_m=2_n=8_l=15_c=10_s=2_6.txt,0.002687,37,33
adapted_instance96_m=2_n=8_l=15_c=10_s=2_7.txt,0.001619,37,34
adapted_instance96_m=2_n=8_l=15_c=10_s=2_8.txt,0.001649,36,35
adapted_instance96_m=2_n=8_l=15_c=10_s=2_9.txt,0.002129,37,34
adapted_instance96_m=2_n=8_l=15_c=10_s=2_10.txt,0.001652,38,34
adapted_instance98_m=2_n=8_l=15_c=10_s=1_1.txt,0.002182,42,39
adapted_instance98_m=2_n=8_l=15_c=10_s=1_2.txt,0.002555,43,39
adapted_instance98_m=2_n=8_l=15_c=10_s=1_3.txt,0.002055,41,39
adapted_instance98_m=2_n=8_l=15_c=10_s=1_4.txt,0.002013,42,39
adapted_instance98_m=2_n=8_l=15_c=10_s=1_5.txt,0.002263,42,39
adapted_instance98_m=2_n=8_l=15_c=10_s=1_6.txt,0.001666,42,39
adapted_instance98_m=2_n=8_l=15_c=10_s=1_7.txt,0.002075,41,39
adapted_instance98_m=2_n=8_l=15_c=10_s=1_8.txt,0.00161,41,39
adapted_instance98_m=2_n=8_l=15_c=10_s=1_9.txt,0.001686,41,39
adapted_instance98_m=2_n=8_l=15_c=10_s=1_10.txt,0.002071,43,39
