Instance_Name,Execution_Time,Initial_Solution,Final_Solution
adapted_instance100_m=2_n=8_l=15_c=10_s=0_1.txt,0.00153,39,37
adapted_instance100_m=2_n=8_l=15_c=10_s=0_2.txt,0.001109,41,37
adapted_instance100_m=2_n=8_l=15_c=10_s=0_3.txt,0.001532,39,36
adapted_instance100_m=2_n=8_l=15_c=10_s=0_4.txt,0.001626,40,36
adapted_instance100_m=2_n=8_l=15_c=10_s=0_5.txt,0.000605,38,38
adapted_instance100_m=2_n=8_l=15_c=10_s=0_6.txt,0.001518,38,36
adapted_instance100_m=2_n=8_l=15_c=10_s=0_7.txt,0.001054,40,37
adapted_instance100_m=2_n=8_l=15_c=10_s=0_8.txt,0.000592,37,37
adapted_instance100_m=2_n=8_l=15_c=10_s=0_9.txt,0.002002,40,37
adapted_instance100_m=2_n=8_l=15_c=10_s=0_10.txt,0.00157,39,37
adapted_instance102_m=2_n=8_l=15_c=10_s=2_1.txt,0.001558,42,40
adapted_instance102_m=2_n=8_l=15_c=10_s=2_2.txt,0.001098,44,40
adapted_instance102_m=2_n=8_l=15_c=10_s=2_3.txt,0.001555,44,40
adapted_instance102_m=2_n=8_l=15_c=10_s=2_4.txt,0.001559,44,40
adapted_instance102_m=2_n=8_l=15_c=10_s=2_5.txt,0.001097,42,40
adapted_instance102_m=2_n=8_l=15_c=10_s=2_6.txt,0.001612,45,40
adapted_instance102_m=2_n=8_l=15_c=10_s=2_7.txt,0.00106,43,40
adapted_instance102_m=2_n=8_l=15_c=10_s=2_8.txt,0.002062,44,40
adapted_instance102_m=2_n=8_l=15_c=10_s=2_9.txt,0.001089,41,40
adapted_instance102_m=2_n=8_l=15_c=10_s=2_10.txt,0.001559,44,40
adapted_instance106_m=2_n=8_l=15_c=10_s=0_1.txt,0.001128,39,37
adapted_instance106_m=2_n=8_l=15_c=10_s=0_2.txt,0.001089,37,35
adapted_instance106_m=2_n=8_l=15_c=10_s=0_3.txt,0.001063,37,36
adapted_instance106_m=2_n=8_l=15_c=10_s=0_4.txt,0.001094,40,36
adapted_instance106_m=2_n=8_l=15_c=10_s=0_5.txt,0.002045,41,35
adapted_instance106_m=2_n=8_l=15_c=10_s=0_6.txt,0.001188,40,37
adapted_instance106_m=2_n=8_l=15_c=10_s=0_7.txt,0.001079,38,36
adapted_instance106_m=2_n=8_l=15_c=10_s=0_8.txt,0.001632,41,37
adapted_instance106_m=2_n=8_l=15_c=10_s=0_9.txt,0.002061,40,35
adapted_instance106_m=2_n=8_l=15_c=10_s=0_10.txt,0.001062,37,36
adapted_instance108_m=2_n=8_l=15_c=10_s=2_1.txt,0.000593,33,33
adapted_instance108_m=2_n=8_l=15_c=10_s=2_2.txt,0.001096,35,33
adapted_instance108_m=2_n=8_l=15_c=10_s=2_3.txt,0.002239,38,34
adapted_instance108_m=2_n=8_l=15_c=10_s=2_4.txt,0.001119,34,32
adapted_instance108_m=2_n=8_l=15_c=10_s=2_5.txt,0.001092,36,33
adapted_instance108_m=2_n=8_l=15_c=10_s=2_6.txt,0.001046,36,33
adapted_instance108_m=2_n=8_l=15_c=10_s=2_7.txt,0.001551,35,32
adapted_instance108_m=2_n=8_l=15_c=10_s=2_8.txt,0.001601,35,33
adapted_instance108_m=2_n=8_l=15_c=10_s=2_9.txt,0.001555,36,33
adapted_instance108_m=2_n=8_l=15_c=10_s=2_10.txt,0.001701,39,32
adapted_instance10_m=2_n=8_l=15_c=5_s=0_1.txt,0.000533,31,31
adapted_instance10_m=2_n=8_l=15_c=5_s=0_2.txt,0.000527,31,31
adapted_instance10_m=2_n=8_l=15_c=5_s=0_3.txt,0.000556,31,31
adapted_instance10_m=2_n=8_l=15_c=5_s=0_4.txt,0.000553,31,31
adapted_instance10_m=2_n=8_l=15_c=5_s=0_5.txt,0.000557,31,31
adapted_instance10_m=2_n=8_l=15_c=5_s=0_6.txt,0.000965,32,31
adapted_instance10_m=2_n=8_l=15_c=5_s=0_7.txt,0.000542,31,31
adapted_instance10_m=2_n=8_l=15_c=5_s=0_8.txt,0.000535,31,31
adapted_instance10_m=2_n=8_l=15_c=5_s=0_9.txt,0.000528,31,31
adapted_instance10_m=2_n=8_l=15_c=5_s=0_10.txt,0.001013,32,31
adapted_instance112_m=2_n=8_l=15_c=10_s=0_1.txt,0.001101,53,52
adapted_instance112_m=2_n=8_l=15_c=10_s=0_2.txt,0.001565,55,52
adapted_instance112_m=2_n=8_l=15_c=10_s=0_3.txt,0.00109,54,52
adapted_instance112_m=2_n=8_l=15_c=10_s=0_4.txt,0.001101,53,52
adapted_instance112_m=2_n=8_l=15_c=10_s=0_5.txt,0.001033,55,52
adapted_instance112_m=2_n=8_l=15_c=10_s=0_6.txt,0.001063,55,52
adapted_instance112_m=2_n=8_l=15_c=10_s=0_7.txt,0.001526,55,52
adapted_instance112_m=2_n=8_l=15_c=10_s=0_8.txt,0.001066,53,52
adapted_instance112_m=2_n=8_l=15_c=10_s=0_9.txt,0.001162,53,52
adapted_instance112_m=2_n=8_l=15_c=10_s=0_10.txt,0.001057,53,52
adapted_instance114_m=2_n=8_l=15_c=10_s=2_1.txt,0.001109,52,51
adapted_instance114_m=2_n=8_l=15_c=10_s=2_2.txt,0.00057,51,51
adapted_instance114_m=2_n=8_l=15_c=10_s=2_3.txt,0.001172,52,51
adapted_instance114_m=2_n=8_l=15_c=10_s=2_4.txt,0.001072,52,51
adapted_instance114_m=2_n=8_l=15_c=10_s=2_5.txt,0.001063,53,51
adapted_instance114_m=2_n=8_l=15_c=10_s=2_6.txt,0.001707,53,51
adapted_instance114_m=2_n=8_l=15_c=10_s=2_7.txt,0.001139,52,51
adapted_instance114_m=2_n=8_l=15_c=10_s=2_8.txt,0.001122,52,51
adapted_instance114_m=2_n=8_l=15_c=10_s=2_9.txt,0.001158,52,51
adapted_instance114_m=2_n=8_l=15_c=10_s=2_10.txt,0.000645,52,52
adapted_instance116_m=2_n=8_l=15_c=10_s=1_1.txt,0.000562,50,50
adapted_instance116_m=2_n=8_l=15_c=10_s=1_2.txt,0.001565,52,50
adapted_instance116_m=2_n=8_l=15_c=10_s=1_3.txt,0.001091,54,50
adapted_instance116_m=2_n=8_l=15_c=10_s=1_4.txt,0.001528,53,50
adapted_instance116_m=2_n=8_l=15_c=10_s=1_5.txt,0.001075,52,50
adapted_instance116_m=2_n=8_l=15_c=10_s=1_6.txt,0.000797,50,50
adapted_instance116_m=2_n=8_l=15_c=10_s=1_7.txt,0.001824,52,50
adapted_instance116_m=2_n=8_l=15_c=10_s=1_8.txt,0.00125,52,50
adapted_instance116_m=2_n=8_l=15_c=10_s=1_9.txt,0.001209,51,50
adapted_instance116_m=2_n=8_l=15_c=10_s=1_10.txt,0.001523,52,50
adapted_instance118_m=2_n=8_l=15_c=10_s=0_1.txt,0.003234,52,45
adapted_instance118_m=2_n=8_l=15_c=10_s=0_2.txt,0.002052,50,45
adapted_instance118_m=2_n=8_l=15_c=10_s=0_3.txt,0.001584,52,45
adapted_instance118_m=2_n=8_l=15_c=10_s=0_4.txt,0.001539,47,45
adapted_instance118_m=2_n=8_l=15_c=10_s=0_5.txt,0.001093,47,46
adapted_instance118_m=2_n=8_l=15_c=10_s=0_6.txt,0.001572,50,45
adapted_instance118_m=2_n=8_l=15_c=10_s=0_7.txt,0.001611,48,45
adapted_instance118_m=2_n=8_l=15_c=10_s=0_8.txt,0.001517,51,45
adapted_instance118_m=2_n=8_l=15_c=10_s=0_9.txt,0.002117,50,45
adapted_instance118_m=2_n=8_l=15_c=10_s=0_10.txt,0.001632,47,45
adapted_instance120_m=2_n=8_l=15_c=10_s=2_1.txt,0.002515,46,39
adapted_instance120_m=2_n=8_l=15_c=10_s=2_2.txt,0.001528,44,41
adapted_instance120_m=2_n=8_l=15_c=10_s=2_3.txt,0.001127,42,40
adapted_instance120_m=2_n=8_l=15_c=10_s=2_4.txt,0.002169,44,40
adapted_instance120_m=2_n=8_l=15_c=10_s=2_5.txt,0.001078,43,41
adapted_instance120_m=2_n=8_l=15_c=10_s=2_6.txt,0.001542,45,39
adapted_instance120_m=2_n=8_l=15_c=10_s=2_7.txt,0.001061,43,41
adapted_instance120_m=2_n=8_l=15_c=10_s=2_8.txt,0.001082,42,41
adapted_instance120_m=2_n=8_l=15_c=10_s=2_9.txt,0.001685,44,41
adapted_instance120_m=2_n=8_l=15_c=10_s=2_10.txt,0.000576,41,41
adapted_instance122_m=2_n=8_l=20_c=10_s=1_1.txt,0.001579,60,59
adapted_instance122_m=2_n=8_l=20_c=10_s=1_2.txt,0.002223,61,59
adapted_instance122_m=2_n=8_l=20_c=10_s=1_3.txt,0.000834,60,60
adapted_instance122_m=2_n=8_l=20_c=10_s=1_4.txt,0.001516,60,59
adapted_instance122_m=2_n=8_l=20_c=10_s=1_5.txt,0.001656,61,59
adapted_instance122_m=2_n=8_l=20_c=10_s=1_6.txt,0.001552,60,59
adapted_instance122_m=2_n=8_l=20_c=10_s=1_7.txt,0.002247,62,59
adapted_instance122_m=2_n=8_l=20_c=10_s=1_8.txt,0.001571,61,60
adapted_instance122_m=2_n=8_l=20_c=10_s=1_9.txt,0.000885,59,59
adapted_instance122_m=2_n=8_l=20_c=10_s=1_10.txt,0.001538,60,59
adapted_instance124_m=2_n=8_l=20_c=10_s=0_1.txt,0.001557,62,60
adapted_instance124_m=2_n=8_l=20_c=10_s=0_2.txt,0.001538,61,60
adapted_instance124_m=2_n=8_l=20_c=10_s=0_3.txt,0.001554,63,60
adapted_instance124_m=2_n=8_l=20_c=10_s=0_4.txt,0.001551,61,60
adapted_instance124_m=2_n=8_l=20_c=10_s=0_5.txt,0.001568,63,60
adapted_instance124_m=2_n=8_l=20_c=10_s=0_6.txt,0.001697,62,60
adapted_instance124_m=2_n=8_l=20_c=10_s=0_7.txt,0.001661,61,60
adapted_instance124_m=2_n=8_l=20_c=10_s=0_8.txt,0.001692,62,60
adapted_instance124_m=2_n=8_l=20_c=10_s=0_9.txt,0.001525,61,60
adapted_instance124_m=2_n=8_l=20_c=10_s=0_10.txt,0.002298,61,60
adapted_instance126_m=2_n=8_l=20_c=10_s=2_1.txt,0.004636,58,50
adapted_instance126_m=2_n=8_l=20_c=10_s=2_2.txt,0.002253,53,50
adapted_instance126_m=2_n=8_l=20_c=10_s=2_3.txt,0.002377,56,50
adapted_instance126_m=2_n=8_l=20_c=10_s=2_4.txt,0.002732,58,51
adapted_instance126_m=2_n=8_l=20_c=10_s=2_5.txt,0.001704,57,52
adapted_instance126_m=2_n=8_l=20_c=10_s=2_6.txt,0.002993,57,50
adapted_instance126_m=2_n=8_l=20_c=10_s=2_7.txt,0.00319,54,50
adapted_instance126_m=2_n=8_l=20_c=10_s=2_8.txt,0.002391,57,51
adapted_instance126_m=2_n=8_l=20_c=10_s=2_9.txt,0.003028,59,51
adapted_instance126_m=2_n=8_l=20_c=10_s=2_10.txt,0.002896,58,50
adapted_instance128_m=2_n=8_l=20_c=10_s=1_1.txt,0.001578,62,61
adapted_instance128_m=2_n=8_l=20_c=10_s=1_2.txt,0.001534,62,61
adapted_instance128_m=2_n=8_l=20_c=10_s=1_3.txt,0.000826,61,61
adapted_instance128_m=2_n=8_l=20_c=10_s=1_4.txt,0.001557,62,61
adapted_instance128_m=2_n=8_l=20_c=10_s=1_5.txt,0.001528,63,61
adapted_instance128_m=2_n=8_l=20_c=10_s=1_6.txt,0.00087,61,61
adapted_instance128_m=2_n=8_l=20_c=10_s=1_7.txt,0.001573,62,61
adapted_instance128_m=2_n=8_l=20_c=10_s=1_8.txt,0.001558,63,61
adapted_instance128_m=2_n=8_l=20_c=10_s=1_9.txt,0.001573,62,61
adapted_instance128_m=2_n=8_l=20_c=10_s=1_10.txt,0.001505,62,61
adapted_instance12_m=2_n=8_l=15_c=5_s=2_1.txt,0.000575,32,32
adapted_instance12_m=2_n=8_l=15_c=5_s=2_2.txt,0.000567,32,32
adapted_instance12_m=2_n=8_l=15_c=5_s=2_3.txt,0.00057,32,32
adapted_instance12_m=2_n=8_l=15_c=5_s=2_4.txt,0.002842,32,32
adapted_instance12_m=2_n=8_l=15_c=5_s=2_5.txt,0.000769,32,32
adapted_instance12_m=2_n=8_l=15_c=5_s=2_6.txt,0.000559,32,32
adapted_instance12_m=2_n=8_l=15_c=5_s=2_7.txt,0.000724,32,32
adapted_instance12_m=2_n=8_l=15_c=5_s=2_8.txt,0.000668,32,32
adapted_instance12_m=2_n=8_l=15_c=5_s=2_9.txt,0.000639,32,32
adapted_instance12_m=2_n=8_l=15_c=5_s=2_10.txt,0.000643,32,32
adapted_instance14_m=2_n=8_l=15_c=5_s=1_1.txt,0.001137,32,31
adapted_instance14_m=2_n=8_l=15_c=5_s=1_2.txt,0.001113,32,31
adapted_instance14_m=2_n=8_l=15_c=5_s=1_3.txt,0.000699,31,31
adapted_instance14_m=2_n=8_l=15_c=5_s=1_4.txt,0.001003,32,31
adapted_instance14_m=2_n=8_l=15_c=5_s=1_5.txt,0.000528,31,31
adapted_instance14_m=2_n=8_l=15_c=5_s=1_6.txt,0.000571,31,31
adapted_instance14_m=2_n=8_l=15_c=5_s=1_7.txt,0.001138,32,31
adapted_instance14_m=2_n=8_l=15_c=5_s=1_8.txt,0.001074,32,31
adapted_instance14_m=2_n=8_l=15_c=5_s=1_9.txt,0.000895,31,31
adapted_instance14_m=2_n=8_l=15_c=5_s=1_10.txt,0.000937,31,31
adapted_instance154_m=2_n=8_l=20_c=15_s=0_1.txt,0.002894,58,54
adapted_instance154_m=2_n=8_l=20_c=15_s=0_2.txt,0.002026,56,54
adapted_instance154_m=2_n=8_l=20_c=15_s=0_3.txt,0.002374,58,53
adapted_instance154_m=2_n=8_l=20_c=15_s=0_4.txt,0.002207,55,53
adapted_instance154_m=2_n=8_l=20_c=15_s=0_5.txt,0.002291,56,53
adapted_instance154_m=2_n=8_l=20_c=15_s=0_6.txt,0.001494,56,55
adapted_instance154_m=2_n=8_l=20_c=15_s=0_7.txt,0.001418,58,53
adapted_instance154_m=2_n=8_l=20_c=15_s=0_8.txt,0.002684,59,53
adapted_instance154_m=2_n=8_l=20_c=15_s=0_9.txt,0.002164,59,53
adapted_instance154_m=2_n=8_l=20_c=15_s=0_10.txt,0.002628,58,53
adapted_instance156_m=2_n=8_l=20_c=15_s=2_1.txt,0.002159,56,51
adapted_instance156_m=2_n=8_l=20_c=15_s=2_2.txt,0.002704,55,51
adapted_instance156_m=2_n=8_l=20_c=15_s=2_3.txt,0.002678,54,51
adapted_instance156_m=2_n=8_l=20_c=15_s=2_4.txt,0.001377,53,51
adapted_instance156_m=2_n=8_l=20_c=15_s=2_5.txt,0.002767,58,51
adapted_instance156_m=2_n=8_l=20_c=15_s=2_6.txt,0.0021,53,51
adapted_instance156_m=2_n=8_l=20_c=15_s=2_7.txt,0.002603,57,51
adapted_instance156_m=2_n=8_l=20_c=15_s=2_8.txt,0.002662,57,52
adapted_instance156_m=2_n=8_l=20_c=15_s=2_9.txt,0.002559,55,51
adapted_instance156_m=2_n=8_l=20_c=15_s=2_10.txt,0.002152,58,51
adapted_instance158_m=2_n=8_l=20_c=15_s=1_1.txt,0.002055,71,68
adapted_instance158_m=2_n=8_l=20_c=15_s=1_2.txt,0.001448,70,68
adapted_instance158_m=2_n=8_l=20_c=15_s=1_3.txt,0.002109,72,67
adapted_instance158_m=2_n=8_l=20_c=15_s=1_4.txt,0.002164,72,68
adapted_instance158_m=2_n=8_l=20_c=15_s=1_5.txt,0.001448,70,67
adapted_instance158_m=2_n=8_l=20_c=15_s=1_6.txt,0.00144,70,69
adapted_instance158_m=2_n=8_l=20_c=15_s=1_7.txt,0.001392,71,68
adapted_instance158_m=2_n=8_l=20_c=15_s=1_8.txt,0.000779,69,69
adapted_instance158_m=2_n=8_l=20_c=15_s=1_9.txt,0.002031,72,68
adapted_instance158_m=2_n=8_l=20_c=15_s=1_10.txt,0.002723,72,67
adapted_instance160_m=2_n=8_l=20_c=15_s=0_1.txt,0.003257,76,69
adapted_instance160_m=2_n=8_l=20_c=15_s=0_2.txt,0.002132,76,69
adapted_instance160_m=2_n=8_l=20_c=15_s=0_3.txt,0.002109,74,69
adapted_instance160_m=2_n=8_l=20_c=15_s=0_4.txt,0.002012,73,69
adapted_instance160_m=2_n=8_l=20_c=15_s=0_5.txt,0.002998,78,69
adapted_instance160_m=2_n=8_l=20_c=15_s=0_6.txt,0.001321,72,69
adapted_instance160_m=2_n=8_l=20_c=15_s=0_7.txt,0.002114,73,69
adapted_instance160_m=2_n=8_l=20_c=15_s=0_8.txt,0.002153,76,69
adapted_instance160_m=2_n=8_l=20_c=15_s=0_9.txt,0.001428,71,69
adapted_instance160_m=2_n=8_l=20_c=15_s=0_10.txt,0.00214,76,69
adapted_instance162_m=2_n=8_l=20_c=15_s=2_1.txt,0.001423,73,69
adapted_instance162_m=2_n=8_l=20_c=15_s=2_2.txt,0.003606,78,68
adapted_instance162_m=2_n=8_l=20_c=15_s=2_3.txt,0.003534,79,68
adapted_instance162_m=2_n=8_l=20_c=15_s=2_4.txt,0.001432,74,68
adapted_instance162_m=2_n=8_l=20_c=15_s=2_5.txt,0.002165,75,69
adapted_instance162_m=2_n=8_l=20_c=15_s=2_6.txt,0.002156,71,69
adapted_instance162_m=2_n=8_l=20_c=15_s=2_7.txt,0.002628,78,69
adapted_instance162_m=2_n=8_l=20_c=15_s=2_8.txt,0.001392,70,68
adapted_instance162_m=2_n=8_l=20_c=15_s=2_9.txt,0.001409,73,68
adapted_instance162_m=2_n=8_l=20_c=15_s=2_10.txt,0.00223,78,68
adapted_instance166_m=2_n=8_l=20_c=15_s=0_1.txt,0.00337,65,59
adapted_instance166_m=2_n=8_l=20_c=15_s=0_2.txt,0.002166,63,60
adapted_instance166_m=2_n=8_l=20_c=15_s=0_3.txt,0.003565,66,59
adapted_instance166_m=2_n=8_l=20_c=15_s=0_4.txt,0.001411,62,60
adapted_instance166_m=2_n=8_l=20_c=15_s=0_5.txt,0.004514,63,61
adapted_instance166_m=2_n=8_l=20_c=15_s=0_6.txt,0.002158,66,61
adapted_instance166_m=2_n=8_l=20_c=15_s=0_7.txt,0.001541,60,59
adapted_instance166_m=2_n=8_l=20_c=15_s=0_8.txt,0.002839,68,60
adapted_instance166_m=2_n=8_l=20_c=15_s=0_9.txt,0.001524,62,60
adapted_instance166_m=2_n=8_l=20_c=15_s=0_10.txt,0.002583,67,60
adapted_instance16_m=2_n=8_l=15_c=5_s=0_1.txt,0.001002,32,31
adapted_instance16_m=2_n=8_l=15_c=5_s=0_2.txt,0.003562,32,31
adapted_instance16_m=2_n=8_l=15_c=5_s=0_3.txt,0.001055,32,31
adapted_instance16_m=2_n=8_l=15_c=5_s=0_4.txt,0.000535,31,31
adapted_instance16_m=2_n=8_l=15_c=5_s=0_5.txt,0.000544,31,31
adapted_instance16_m=2_n=8_l=15_c=5_s=0_6.txt,0.00102,32,31
adapted_instance16_m=2_n=8_l=15_c=5_s=0_7.txt,0.000539,31,31
adapted_instance16_m=2_n=8_l=15_c=5_s=0_8.txt,0.000541,31,31
adapted_instance16_m=2_n=8_l=15_c=5_s=0_9.txt,0.001003,32,31
adapted_instance16_m=2_n=8_l=15_c=5_s=0_10.txt,0.001,32,31
adapted_instance172_m=2_n=8_l=20_c=15_s=0_1.txt,0.000771,50,50
adapted_instance172_m=2_n=8_l=20_c=15_s=0_2.txt,0.001475,58,51
adapted_instance172_m=2_n=8_l=20_c=15_s=0_3.txt,0.001447,55,50
adapted_instance172_m=2_n=8_l=20_c=15_s=0_4.txt,0.002597,58,50
adapted_instance172_m=2_n=8_l=20_c=15_s=0_5.txt,0.002176,59,52
adapted_instance172_m=2_n=8_l=20_c=15_s=0_6.txt,0.001994,53,50
adapted_instance172_m=2_n=8_l=20_c=15_s=0_7.txt,0.002085,57,51
adapted_instance172_m=2_n=8_l=20_c=15_s=0_8.txt,0.002094,56,51
adapted_instance172_m=2_n=8_l=20_c=15_s=0_9.txt,0.001456,55,50
adapted_instance172_m=2_n=8_l=20_c=15_s=0_10.txt,0.002206,58,51
adapted_instance178_m=2_n=8_l=20_c=15_s=0_1.txt,0.002951,49,43
adapted_instance178_m=2_n=8_l=20_c=15_s=0_2.txt,0.002069,48,45
adapted_instance178_m=2_n=8_l=20_c=15_s=0_3.txt,0.002788,46,42
adapted_instance178_m=2_n=8_l=20_c=15_s=0_4.txt,0.002694,52,44
adapted_instance178_m=2_n=8_l=20_c=15_s=0_5.txt,0.002765,50,42
adapted_instance178_m=2_n=8_l=20_c=15_s=0_6.txt,0.002546,50,44
adapted_instance178_m=2_n=8_l=20_c=15_s=0_7.txt,0.001437,49,46
adapted_instance178_m=2_n=8_l=20_c=15_s=0_8.txt,0.003549,50,43
adapted_instance178_m=2_n=8_l=20_c=15_s=0_9.txt,0.002158,46,43
adapted_instance178_m=2_n=8_l=20_c=15_s=0_10.txt,0.002243,47,43
adapted_instance180_m=2_n=8_l=20_c=15_s=2_1.txt,0.002749,51,47
adapted_instance180_m=2_n=8_l=20_c=15_s=2_2.txt,0.002666,54,47
adapted_instance180_m=2_n=8_l=20_c=15_s=2_3.txt,0.002074,56,48
adapted_instance180_m=2_n=8_l=20_c=15_s=2_4.txt,0.001462,51,47
adapted_instance180_m=2_n=8_l=20_c=15_s=2_5.txt,0.002154,51,47
adapted_instance180_m=2_n=8_l=20_c=15_s=2_6.txt,0.002153,53,47
adapted_instance180_m=2_n=8_l=20_c=15_s=2_7.txt,0.002986,54,47
adapted_instance180_m=2_n=8_l=20_c=15_s=2_8.txt,0.001452,51,47
adapted_instance180_m=2_n=8_l=20_c=15_s=2_9.txt,0.002918,52,47
adapted_instance180_m=2_n=8_l=20_c=15_s=2_10.txt,0.002098,53,47
adapted_instance220_m=2_n=8_l=20_c=15_s=0_1.txt,0.002174,61,53
adapted_instance220_m=2_n=8_l=20_c=15_s=0_2.txt,0.002466,63,56
adapted_instance220_m=2_n=8_l=20_c=15_s=0_3.txt,0.003754,61,53
adapted_instance220_m=2_n=8_l=20_c=15_s=0_4.txt,0.00291,63,54
adapted_instance220_m=2_n=8_l=20_c=15_s=0_5.txt,0.002239,60,54
adapted_instance220_m=2_n=8_l=20_c=15_s=0_6.txt,0.003463,62,54
adapted_instance220_m=2_n=8_l=20_c=15_s=0_7.txt,0.002485,61,55
adapted_instance220_m=2_n=8_l=20_c=15_s=0_8.txt,0.002229,62,54
adapted_instance220_m=2_n=8_l=20_c=15_s=0_9.txt,0.003133,62,55
adapted_instance220_m=2_n=8_l=20_c=15_s=0_10.txt,0.002417,63,55
adapted_instance222_m=2_n=8_l=20_c=15_s=2_1.txt,0.003655,70,55
adapted_instance222_m=2_n=8_l=20_c=15_s=2_2.txt,0.002469,63,57
adapted_instance222_m=2_n=8_l=20_c=15_s=2_3.txt,0.001677,61,58
adapted_instance222_m=2_n=8_l=20_c=15_s=2_4.txt,0.002877,61,55
adapted_instance222_m=2_n=8_l=20_c=15_s=2_5.txt,0.002925,62,55
adapted_instance222_m=2_n=8_l=20_c=15_s=2_6.txt,0.002882,65,56
adapted_instance222_m=2_n=8_l=20_c=15_s=2_7.txt,0.003194,70,59
adapted_instance222_m=2_n=8_l=20_c=15_s=2_8.txt,0.003014,64,57
adapted_instance222_m=2_n=8_l=20_c=15_s=2_9.txt,0.00157,63,55
adapted_instance222_m=2_n=8_l=20_c=15_s=2_10.txt,0.002236,59,55
adapted_instance224_m=2_n=8_l=20_c=15_s=1_1.txt,0.001706,77,75
adapted_instance224_m=2_n=8_l=20_c=15_s=1_2.txt,0.002911,78,72
adapted_instance224_m=2_n=8_l=20_c=15_s=1_3.txt,0.003145,83,72
adapted_instance224_m=2_n=8_l=20_c=15_s=1_4.txt,0.002146,74,72
adapted_instance224_m=2_n=8_l=20_c=15_s=1_5.txt,0.003085,79,72
adapted_instance224_m=2_n=8_l=20_c=15_s=1_6.txt,0.002991,84,73
adapted_instance224_m=2_n=8_l=20_c=15_s=1_7.txt,0.002337,77,73
adapted_instance224_m=2_n=8_l=20_c=15_s=1_8.txt,0.002897,74,71
adapted_instance224_m=2_n=8_l=20_c=15_s=1_9.txt,0.002911,83,73
adapted_instance224_m=2_n=8_l=20_c=15_s=1_10.txt,0.002181,78,73
adapted_instance226_m=2_n=8_l=20_c=15_s=0_1.txt,0.003094,72,66
adapted_instance226_m=2_n=8_l=20_c=15_s=0_2.txt,0.003094,71,65
adapted_instance226_m=2_n=8_l=20_c=15_s=0_3.txt,0.002174,68,65
adapted_instance226_m=2_n=8_l=20_c=15_s=0_4.txt,0.001496,72,67
adapted_instance226_m=2_n=8_l=20_c=15_s=0_5.txt,0.003082,69,65
adapted_instance226_m=2_n=8_l=20_c=15_s=0_6.txt,0.001563,71,66
adapted_instance226_m=2_n=8_l=20_c=15_s=0_7.txt,0.003151,76,65
adapted_instance226_m=2_n=8_l=20_c=15_s=0_8.txt,0.002192,69,66
adapted_instance226_m=2_n=8_l=20_c=15_s=0_9.txt,0.002313,69,66
adapted_instance226_m=2_n=8_l=20_c=15_s=0_10.txt,0.002907,75,66
adapted_instance76_m=2_n=8_l=15_c=10_s=0_1.txt,0.002104,44,38
adapted_instance76_m=2_n=8_l=15_c=10_s=0_2.txt,0.002098,45,39
adapted_instance76_m=2_n=8_l=15_c=10_s=0_3.txt,0.001733,43,38
adapted_instance76_m=2_n=8_l=15_c=10_s=0_4.txt,0.001642,43,38
adapted_instance76_m=2_n=8_l=15_c=10_s=0_5.txt,0.002099,45,37
adapted_instance76_m=2_n=8_l=15_c=10_s=0_6.txt,0.002061,43,38
adapted_instance76_m=2_n=8_l=15_c=10_s=0_7.txt,0.00105,40,38
adapted_instance76_m=2_n=8_l=15_c=10_s=0_8.txt,0.001673,46,38
adapted_instance76_m=2_n=8_l=15_c=10_s=0_9.txt,0.002573,42,36
adapted_instance76_m=2_n=8_l=15_c=10_s=0_10.txt,0.001525,42,37
adapted_instance94_m=2_n=8_l=15_c=10_s=0_1.txt,0.001061,36,35
adapted_instance94_m=2_n=8_l=15_c=10_s=0_2.txt,0.001097,35,34
adapted_instance94_m=2_n=8_l=15_c=10_s=0_3.txt,0.001156,36,35
adapted_instance94_m=2_n=8_l=15_c=10_s=0_4.txt,0.001561,37,34
adapted_instance94_m=2_n=8_l=15_c=10_s=0_5.txt,0.001637,41,34
adapted_instance94_m=2_n=8_l=15_c=10_s=0_6.txt,0.001563,37,35
adapted_instance94_m=2_n=8_l=15_c=10_s=0_7.txt,0.001666,40,34
adapted_instance94_m=2_n=8_l=15_c=10_s=0_8.txt,0.001663,41,35
adapted_instance94_m=2_n=8_l=15_c=10_s=0_9.txt,0.001648,38,34
adapted_instance94_m=2_n=8_l=15_c=10_s=0_10.txt,0.001655,36,34
adapted_instance96_m=2_n=8_l=15_c=10_s=2_1.txt,0.001625,36,34
adapted_instance96_m=2_n=8_l=15_c=10_s=2_2.txt,0.001086,37,35
adapted_instance96_m=2_n=8_l=15_c=10_s=2_3.txt,0.001736,38,34
adapted_instance96_m=2_n=8_l=15_c=10_s=2_4.txt,0.001086,38,34
adapted_instance96_m=2_n=8_l=15_c=10_s=2_5.txt,0.001649,36,34
adapted_instance96_m=2_n=8_l=15_c=10_s=2_6.txt,0.001623,39,33
adapted_instance96_m=2_n=8_l=15_c=10_s=2_7.txt,0.001582,36,34
adapted_instance96_m=2_n=8_l=15_c=10_s=2_8.txt,0.001823,40,34
adapted_instance96_m=2_n=8_l=15_c=10_s=2_9.txt,0.001192,36,35
adapted_instance96_m=2_n=8_l=15_c=10_s=2_10.txt,0.001114,37,34
adapted_instance98_m=2_n=8_l=15_c=10_s=1_1.txt,0.001561,43,39
adapted_instance98_m=2_n=8_l=15_c=10_s=1_2.txt,0.001604,43,40
adapted_instance98_m=2_n=8_l=15_c=10_s=1_3.txt,0.001154,42,39
adapted_instance98_m=2_n=8_l=15_c=10_s=1_4.txt,0.001646,41,39
adapted_instance98_m=2_n=8_l=15_c=10_s=1_5.txt,0.001689,41,39
adapted_instance98_m=2_n=8_l=15_c=10_s=1_6.txt,0.001606,41,39
adapted_instance98_m=2_n=8_l=15_c=10_s=1_7.txt,0.001053,41,39
adapted_instance98_m=2_n=8_l=15_c=10_s=1_8.txt,0.0017,41,39
adapted_instance98_m=2_n=8_l=15_c=10_s=1_9.txt,0.001119,43,39
adapted_instance98_m=2_n=8_l=15_c=10_s=1_10.txt,0.001158,45,40
