Instance_Name,Execution_Time,Initial_Solution,Final_Solution
adapted_instance242_m=2_n=15_l=15_c=5_s=1_1.txt,0.012033,48,44
adapted_instance242_m=2_n=15_l=15_c=5_s=1_2.txt,0.014793,47,44
adapted_instance242_m=2_n=15_l=15_c=5_s=1_3.txt,0.029003,48,44
adapted_instance242_m=2_n=15_l=15_c=5_s=1_4.txt,0.022273,47,44
adapted_instance242_m=2_n=15_l=15_c=5_s=1_5.txt,0.008648,47,44
adapted_instance242_m=2_n=15_l=15_c=5_s=1_6.txt,0.011555,47,44
adapted_instance242_m=2_n=15_l=15_c=5_s=1_7.txt,0.008848,47,44
adapted_instance242_m=2_n=15_l=15_c=5_s=1_8.txt,0.008658,47,44
adapted_instance242_m=2_n=15_l=15_c=5_s=1_9.txt,0.011546,46,44
adapted_instance242_m=2_n=15_l=15_c=5_s=1_10.txt,0.012831,47,44
adapted_instance244_m=2_n=15_l=15_c=5_s=0_1.txt,0.009048,46,44
adapted_instance244_m=2_n=15_l=15_c=5_s=0_2.txt,0.008635,45,44
adapted_instance244_m=2_n=15_l=15_c=5_s=0_3.txt,0.005991,44,44
adapted_instance244_m=2_n=15_l=15_c=5_s=0_4.txt,0.009311,46,44
adapted_instance244_m=2_n=15_l=15_c=5_s=0_5.txt,0.011684,47,44
adapted_instance244_m=2_n=15_l=15_c=5_s=0_6.txt,0.011941,48,44
adapted_instance244_m=2_n=15_l=15_c=5_s=0_7.txt,0.00919,45,44
adapted_instance244_m=2_n=15_l=15_c=5_s=0_8.txt,0.00921,45,44
adapted_instance244_m=2_n=15_l=15_c=5_s=0_9.txt,0.008406,45,44
adapted_instance244_m=2_n=15_l=15_c=5_s=0_10.txt,0.011552,47,44
adapted_instance246_m=2_n=15_l=15_c=5_s=2_1.txt,0.005781,43,43
adapted_instance246_m=2_n=15_l=15_c=5_s=2_2.txt,0.008734,45,43
adapted_instance246_m=2_n=15_l=15_c=5_s=2_3.txt,0.009094,46,43
adapted_instance246_m=2_n=15_l=15_c=5_s=2_4.txt,0.012554,46,43
adapted_instance246_m=2_n=15_l=15_c=5_s=2_5.txt,0.008754,47,44
adapted_instance246_m=2_n=15_l=15_c=5_s=2_6.txt,0.008943,44,43
adapted_instance246_m=2_n=15_l=15_c=5_s=2_7.txt,0.009103,45,43
adapted_instance246_m=2_n=15_l=15_c=5_s=2_8.txt,0.006652,43,43
adapted_instance246_m=2_n=15_l=15_c=5_s=2_9.txt,0.008375,44,43
adapted_instance246_m=2_n=15_l=15_c=5_s=2_10.txt,0.014086,46,43
adapted_instance248_m=2_n=15_l=15_c=5_s=1_1.txt,0.011708,45,41
adapted_instance248_m=2_n=15_l=15_c=5_s=1_2.txt,0.011744,42,40
adapted_instance248_m=2_n=15_l=15_c=5_s=1_3.txt,0.014629,45,40
adapted_instance248_m=2_n=15_l=15_c=5_s=1_4.txt,0.016045,45,41
adapted_instance248_m=2_n=15_l=15_c=5_s=1_5.txt,0.011649,46,41
adapted_instance248_m=2_n=15_l=15_c=5_s=1_6.txt,0.014605,45,41
adapted_instance248_m=2_n=15_l=15_c=5_s=1_7.txt,0.011847,46,41
adapted_instance248_m=2_n=15_l=15_c=5_s=1_8.txt,0.020621,46,40
adapted_instance248_m=2_n=15_l=15_c=5_s=1_9.txt,0.01821,43,41
adapted_instance248_m=2_n=15_l=15_c=5_s=1_10.txt,0.03061,46,41
adapted_instance250_m=2_n=15_l=15_c=5_s=0_1.txt,0.014706,45,42
adapted_instance250_m=2_n=15_l=15_c=5_s=0_2.txt,0.011685,46,43
adapted_instance250_m=2_n=15_l=15_c=5_s=0_3.txt,0.012062,45,43
adapted_instance250_m=2_n=15_l=15_c=5_s=0_4.txt,0.011621,45,42
adapted_instance250_m=2_n=15_l=15_c=5_s=0_5.txt,0.013363,45,42
adapted_instance250_m=2_n=15_l=15_c=5_s=0_6.txt,0.011255,44,42
adapted_instance250_m=2_n=15_l=15_c=5_s=0_7.txt,0.00962,44,42
adapted_instance250_m=2_n=15_l=15_c=5_s=0_8.txt,0.011606,45,42
adapted_instance250_m=2_n=15_l=15_c=5_s=0_9.txt,0.008317,43,42
adapted_instance250_m=2_n=15_l=15_c=5_s=0_10.txt,0.008971,45,42
adapted_instance252_m=2_n=15_l=15_c=5_s=2_1.txt,0.012438,45,42
adapted_instance252_m=2_n=15_l=15_c=5_s=2_2.txt,0.01188,44,42
adapted_instance252_m=2_n=15_l=15_c=5_s=2_3.txt,0.011634,46,43
adapted_instance252_m=2_n=15_l=15_c=5_s=2_4.txt,0.011913,45,42
adapted_instance252_m=2_n=15_l=15_c=5_s=2_5.txt,0.008829,45,42
adapted_instance252_m=2_n=15_l=15_c=5_s=2_6.txt,0.008427,45,42
adapted_instance252_m=2_n=15_l=15_c=5_s=2_7.txt,0.008753,44,43
adapted_instance252_m=2_n=15_l=15_c=5_s=2_8.txt,0.008743,44,42
adapted_instance252_m=2_n=15_l=15_c=5_s=2_9.txt,0.008679,43,42
adapted_instance252_m=2_n=15_l=15_c=5_s=2_10.txt,0.011335,45,42
adapted_instance254_m=2_n=15_l=15_c=5_s=1_1.txt,0.009044,45,43
adapted_instance254_m=2_n=15_l=15_c=5_s=1_2.txt,0.011755,46,43
adapted_instance254_m=2_n=15_l=15_c=5_s=1_3.txt,0.016367,46,43
adapted_instance254_m=2_n=15_l=15_c=5_s=1_4.txt,0.01522,48,43
adapted_instance254_m=2_n=15_l=15_c=5_s=1_5.txt,0.005713,44,44
adapted_instance254_m=2_n=15_l=15_c=5_s=1_6.txt,0.019202,48,43
adapted_instance254_m=2_n=15_l=15_c=5_s=1_7.txt,0.0151,47,43
adapted_instance254_m=2_n=15_l=15_c=5_s=1_8.txt,0.011503,46,43
adapted_instance254_m=2_n=15_l=15_c=5_s=1_9.txt,0.017735,47,43
adapted_instance254_m=2_n=15_l=15_c=5_s=1_10.txt,0.011867,47,43
adapted_instance256_m=2_n=15_l=15_c=5_s=0_1.txt,0.014941,47,44
adapted_instance256_m=2_n=15_l=15_c=5_s=0_2.txt,0.00913,46,44
adapted_instance256_m=2_n=15_l=15_c=5_s=0_3.txt,0.014995,47,43
adapted_instance256_m=2_n=15_l=15_c=5_s=0_4.txt,0.011572,45,43
adapted_instance256_m=2_n=15_l=15_c=5_s=0_5.txt,0.01593,48,43
adapted_instance256_m=2_n=15_l=15_c=5_s=0_6.txt,0.012235,47,43
adapted_instance256_m=2_n=15_l=15_c=5_s=0_7.txt,0.012459,46,44
adapted_instance256_m=2_n=15_l=15_c=5_s=0_8.txt,0.014382,46,43
adapted_instance256_m=2_n=15_l=15_c=5_s=0_9.txt,0.013991,48,43
adapted_instance256_m=2_n=15_l=15_c=5_s=0_10.txt,0.011749,45,43
adapted_instance272_m=2_n=15_l=15_c=10_s=1_1.txt,0.007399,38,35
adapted_instance272_m=2_n=15_l=15_c=10_s=1_2.txt,0.009952,37,35
adapted_instance272_m=2_n=15_l=15_c=10_s=1_3.txt,0.00988,40,35
adapted_instance272_m=2_n=15_l=15_c=10_s=1_4.txt,0.009793,37,35
adapted_instance272_m=2_n=15_l=15_c=10_s=1_5.txt,0.007326,39,36
adapted_instance272_m=2_n=15_l=15_c=10_s=1_6.txt,0.01016,37,35
adapted_instance272_m=2_n=15_l=15_c=10_s=1_7.txt,0.01017,39,35
adapted_instance272_m=2_n=15_l=15_c=10_s=1_8.txt,0.010067,38,35
adapted_instance272_m=2_n=15_l=15_c=10_s=1_9.txt,0.007488,38,36
adapted_instance272_m=2_n=15_l=15_c=10_s=1_10.txt,0.010331,38,35
adapted_instance286_m=2_n=15_l=15_c=10_s=0_1.txt,0.007494,36,34
adapted_instance286_m=2_n=15_l=15_c=10_s=0_2.txt,0.01261,39,34
adapted_instance286_m=2_n=15_l=15_c=10_s=0_3.txt,0.007897,37,34
adapted_instance286_m=2_n=15_l=15_c=10_s=0_4.txt,0.008291,39,34
adapted_instance286_m=2_n=15_l=15_c=10_s=0_5.txt,0.009871,38,35
adapted_instance286_m=2_n=15_l=15_c=10_s=0_6.txt,0.007464,36,35
adapted_instance286_m=2_n=15_l=15_c=10_s=0_7.txt,0.007242,38,34
adapted_instance286_m=2_n=15_l=15_c=10_s=0_8.txt,0.012245,38,34
adapted_instance286_m=2_n=15_l=15_c=10_s=0_9.txt,0.013043,38,35
adapted_instance286_m=2_n=15_l=15_c=10_s=0_10.txt,0.007162,36,35
adapted_instance302_m=2_n=15_l=15_c=10_s=1_1.txt,0.014254,58,52
adapted_instance302_m=2_n=15_l=15_c=10_s=1_2.txt,0.011198,57,53
adapted_instance302_m=2_n=15_l=15_c=10_s=1_3.txt,0.014894,59,53
adapted_instance302_m=2_n=15_l=15_c=10_s=1_4.txt,0.013912,59,54
adapted_instance302_m=2_n=15_l=15_c=10_s=1_5.txt,0.015596,60,53
adapted_instance302_m=2_n=15_l=15_c=10_s=1_6.txt,0.014497,59,52
adapted_instance302_m=2_n=15_l=15_c=10_s=1_7.txt,0.017656,61,52
adapted_instance302_m=2_n=15_l=15_c=10_s=1_8.txt,0.014968,58,53
adapted_instance302_m=2_n=15_l=15_c=10_s=1_9.txt,0.015108,57,54
adapted_instance302_m=2_n=15_l=15_c=10_s=1_10.txt,0.016357,59,53
adapted_instance304_m=2_n=15_l=15_c=10_s=0_1.txt,0.017091,46,38
adapted_instance304_m=2_n=15_l=15_c=10_s=0_2.txt,0.011905,46,39
adapted_instance304_m=2_n=15_l=15_c=10_s=0_3.txt,0.017157,49,38
adapted_instance304_m=2_n=15_l=15_c=10_s=0_4.txt,0.011533,41,38
adapted_instance304_m=2_n=15_l=15_c=10_s=0_5.txt,0.01479,47,40
adapted_instance304_m=2_n=15_l=15_c=10_s=0_6.txt,0.016877,45,38
adapted_instance304_m=2_n=15_l=15_c=10_s=0_7.txt,0.014637,46,39
adapted_instance304_m=2_n=15_l=15_c=10_s=0_8.txt,0.015078,49,40
adapted_instance304_m=2_n=15_l=15_c=10_s=0_9.txt,0.020333,46,39
adapted_instance304_m=2_n=15_l=15_c=10_s=0_10.txt,0.020147,47,37
adapted_instance306_m=2_n=15_l=15_c=10_s=2_1.txt,0.015971,49,41
adapted_instance306_m=2_n=15_l=15_c=10_s=2_2.txt,0.020314,48,41
adapted_instance306_m=2_n=15_l=15_c=10_s=2_3.txt,0.01804,53,41
adapted_instance306_m=2_n=15_l=15_c=10_s=2_4.txt,0.014972,50,42
adapted_instance306_m=2_n=15_l=15_c=10_s=2_5.txt,0.013842,47,41
adapted_instance306_m=2_n=15_l=15_c=10_s=2_6.txt,0.017184,46,40
adapted_instance306_m=2_n=15_l=15_c=10_s=2_7.txt,0.017315,47,41
adapted_instance306_m=2_n=15_l=15_c=10_s=2_8.txt,0.013794,45,40
adapted_instance306_m=2_n=15_l=15_c=10_s=2_9.txt,0.013793,44,40
adapted_instance306_m=2_n=15_l=15_c=10_s=2_10.txt,0.024172,50,41
adapted_instance308_m=2_n=15_l=15_c=10_s=1_1.txt,0.011425,56,53
adapted_instance308_m=2_n=15_l=15_c=10_s=1_2.txt,0.012335,60,54
adapted_instance308_m=2_n=15_l=15_c=10_s=1_3.txt,0.011765,57,53
adapted_instance308_m=2_n=15_l=15_c=10_s=1_4.txt,0.018305,59,53
adapted_instance308_m=2_n=15_l=15_c=10_s=1_5.txt,0.012217,60,54
adapted_instance308_m=2_n=15_l=15_c=10_s=1_6.txt,0.017434,59,53
adapted_instance308_m=2_n=15_l=15_c=10_s=1_7.txt,0.019715,58,53
adapted_instance308_m=2_n=15_l=15_c=10_s=1_8.txt,0.025286,59,54
adapted_instance308_m=2_n=15_l=15_c=10_s=1_9.txt,0.011979,60,52
adapted_instance308_m=2_n=15_l=15_c=10_s=1_10.txt,0.012023,56,52
adapted_instance314_m=2_n=15_l=15_c=10_s=1_1.txt,0.017131,68,60
adapted_instance314_m=2_n=15_l=15_c=10_s=1_2.txt,0.013786,67,60
adapted_instance314_m=2_n=15_l=15_c=10_s=1_3.txt,0.015405,66,59
adapted_instance314_m=2_n=15_l=15_c=10_s=1_4.txt,0.011413,66,59
adapted_instance314_m=2_n=15_l=15_c=10_s=1_5.txt,0.018136,67,59
adapted_instance314_m=2_n=15_l=15_c=10_s=1_6.txt,0.020793,66,59
adapted_instance314_m=2_n=15_l=15_c=10_s=1_7.txt,0.014658,66,60
adapted_instance314_m=2_n=15_l=15_c=10_s=1_8.txt,0.011946,62,59
adapted_instance314_m=2_n=15_l=15_c=10_s=1_9.txt,0.011955,64,60
adapted_instance314_m=2_n=15_l=15_c=10_s=1_10.txt,0.01479,65,60
adapted_instance316_m=2_n=15_l=15_c=10_s=0_1.txt,0.01722,54,47
adapted_instance316_m=2_n=15_l=15_c=10_s=0_2.txt,0.01216,54,50
adapted_instance316_m=2_n=15_l=15_c=10_s=0_3.txt,0.017769,56,49
adapted_instance316_m=2_n=15_l=15_c=10_s=0_4.txt,0.017684,55,48
adapted_instance316_m=2_n=15_l=15_c=10_s=0_5.txt,0.011634,54,50
adapted_instance316_m=2_n=15_l=15_c=10_s=0_6.txt,0.017397,56,49
adapted_instance316_m=2_n=15_l=15_c=10_s=0_7.txt,0.012679,57,50
adapted_instance316_m=2_n=15_l=15_c=10_s=0_8.txt,0.014902,53,48
adapted_instance316_m=2_n=15_l=15_c=10_s=0_9.txt,0.011758,54,51
adapted_instance316_m=2_n=15_l=15_c=10_s=0_10.txt,0.018041,55,50
adapted_instance318_m=2_n=15_l=15_c=10_s=2_1.txt,0.014502,55,49
adapted_instance318_m=2_n=15_l=15_c=10_s=2_2.txt,0.017686,55,48
adapted_instance318_m=2_n=15_l=15_c=10_s=2_3.txt,0.016852,55,47
adapted_instance318_m=2_n=15_l=15_c=10_s=2_4.txt,0.011687,55,49
adapted_instance318_m=2_n=15_l=15_c=10_s=2_5.txt,0.013584,53,49
adapted_instance318_m=2_n=15_l=15_c=10_s=2_6.txt,0.022575,57,47
adapted_instance318_m=2_n=15_l=15_c=10_s=2_7.txt,0.008748,53,51
adapted_instance318_m=2_n=15_l=15_c=10_s=2_8.txt,0.01954,54,47
adapted_instance318_m=2_n=15_l=15_c=10_s=2_9.txt,0.013956,55,49
adapted_instance318_m=2_n=15_l=15_c=10_s=2_10.txt,0.009024,54,52
adapted_instance320_m=2_n=15_l=15_c=10_s=1_1.txt,0.016227,49,42
adapted_instance320_m=2_n=15_l=15_c=10_s=1_2.txt,0.016991,48,42
adapted_instance320_m=2_n=15_l=15_c=10_s=1_3.txt,0.013644,48,42
adapted_instance320_m=2_n=15_l=15_c=10_s=1_4.txt,0.014953,49,42
adapted_instance320_m=2_n=15_l=15_c=10_s=1_5.txt,0.017034,50,42
adapted_instance320_m=2_n=15_l=15_c=10_s=1_6.txt,0.016592,52,42
adapted_instance320_m=2_n=15_l=15_c=10_s=1_7.txt,0.013858,49,42
adapted_instance320_m=2_n=15_l=15_c=10_s=1_8.txt,0.011518,50,42
adapted_instance320_m=2_n=15_l=15_c=10_s=1_9.txt,0.008319,47,44
adapted_instance320_m=2_n=15_l=15_c=10_s=1_10.txt,0.017067,53,42
adapted_instance322_m=2_n=15_l=15_c=10_s=0_1.txt,0.017006,62,57
adapted_instance322_m=2_n=15_l=15_c=10_s=0_2.txt,0.011202,61,58
adapted_instance322_m=2_n=15_l=15_c=10_s=0_3.txt,0.01744,66,59
adapted_instance322_m=2_n=15_l=15_c=10_s=0_4.txt,0.008536,59,58
adapted_instance322_m=2_n=15_l=15_c=10_s=0_5.txt,0.013626,63,58
adapted_instance322_m=2_n=15_l=15_c=10_s=0_6.txt,0.01387,66,59
adapted_instance322_m=2_n=15_l=15_c=10_s=0_7.txt,0.014422,64,58
adapted_instance322_m=2_n=15_l=15_c=10_s=0_8.txt,0.017465,61,57
adapted_instance322_m=2_n=15_l=15_c=10_s=0_9.txt,0.008267,62,59
adapted_instance322_m=2_n=15_l=15_c=10_s=0_10.txt,0.01143,66,59
adapted_instance324_m=2_n=15_l=15_c=10_s=2_1.txt,0.014037,60,55
adapted_instance324_m=2_n=15_l=15_c=10_s=2_2.txt,0.011244,62,56
adapted_instance324_m=2_n=15_l=15_c=10_s=2_3.txt,0.016685,62,56
adapted_instance324_m=2_n=15_l=15_c=10_s=2_4.txt,0.011205,62,56
adapted_instance324_m=2_n=15_l=15_c=10_s=2_5.txt,0.010912,62,57
adapted_instance324_m=2_n=15_l=15_c=10_s=2_6.txt,0.014405,63,56
adapted_instance324_m=2_n=15_l=15_c=10_s=2_7.txt,0.014323,64,58
adapted_instance324_m=2_n=15_l=15_c=10_s=2_8.txt,0.013628,63,56
adapted_instance324_m=2_n=15_l=15_c=10_s=2_9.txt,0.014465,61,56
adapted_instance324_m=2_n=15_l=15_c=10_s=2_10.txt,0.014304,63,56
adapted_instance326_m=2_n=15_l=15_c=10_s=1_1.txt,0.014272,54,48
adapted_instance326_m=2_n=15_l=15_c=10_s=1_2.txt,0.01378,54,48
adapted_instance326_m=2_n=15_l=15_c=10_s=1_3.txt,0.014202,54,48
adapted_instance326_m=2_n=15_l=15_c=10_s=1_4.txt,0.01464,52,48
adapted_instance326_m=2_n=15_l=15_c=10_s=1_5.txt,0.014826,54,49
adapted_instance326_m=2_n=15_l=15_c=10_s=1_6.txt,0.01344,54,48
adapted_instance326_m=2_n=15_l=15_c=10_s=1_7.txt,0.013957,55,48
adapted_instance326_m=2_n=15_l=15_c=10_s=1_8.txt,0.011415,53,49
adapted_instance326_m=2_n=15_l=15_c=10_s=1_9.txt,0.014593,55,48
adapted_instance326_m=2_n=15_l=15_c=10_s=1_10.txt,0.008399,55,49
adapted_instance328_m=2_n=15_l=15_c=10_s=0_1.txt,0.017773,54,48
adapted_instance328_m=2_n=15_l=15_c=10_s=0_2.txt,0.011257,54,49
adapted_instance328_m=2_n=15_l=15_c=10_s=0_3.txt,0.01025,53,49
adapted_instance328_m=2_n=15_l=15_c=10_s=0_4.txt,0.008469,55,49
adapted_instance328_m=2_n=15_l=15_c=10_s=0_5.txt,0.013617,53,48
adapted_instance328_m=2_n=15_l=15_c=10_s=0_6.txt,0.013959,55,49
adapted_instance328_m=2_n=15_l=15_c=10_s=0_7.txt,0.013949,54,48
adapted_instance328_m=2_n=15_l=15_c=10_s=0_8.txt,0.013646,55,48
adapted_instance328_m=2_n=15_l=15_c=10_s=0_9.txt,0.008224,53,49
adapted_instance328_m=2_n=15_l=15_c=10_s=0_10.txt,0.011558,56,48
adapted_instance330_m=2_n=15_l=15_c=10_s=2_1.txt,0.008303,49,47
adapted_instance330_m=2_n=15_l=15_c=10_s=2_2.txt,0.01385,55,48
adapted_instance330_m=2_n=15_l=15_c=10_s=2_3.txt,0.01124,53,48
adapted_instance330_m=2_n=15_l=15_c=10_s=2_4.txt,0.022048,57,47
adapted_instance330_m=2_n=15_l=15_c=10_s=2_5.txt,0.011155,53,48
adapted_instance330_m=2_n=15_l=15_c=10_s=2_6.txt,0.010924,55,49
adapted_instance330_m=2_n=15_l=15_c=10_s=2_7.txt,0.013595,52,47
adapted_instance330_m=2_n=15_l=15_c=10_s=2_8.txt,0.019377,55,47
adapted_instance330_m=2_n=15_l=15_c=10_s=2_9.txt,0.014375,55,49
adapted_instance330_m=2_n=15_l=15_c=10_s=2_10.txt,0.014352,55,47
adapted_instance332_m=2_n=15_l=15_c=10_s=1_1.txt,0.023885,74,64
adapted_instance332_m=2_n=15_l=15_c=10_s=1_2.txt,0.020896,75,66
adapted_instance332_m=2_n=15_l=15_c=10_s=1_3.txt,0.025272,78,63
adapted_instance332_m=2_n=15_l=15_c=10_s=1_4.txt,0.021049,77,66
adapted_instance332_m=2_n=15_l=15_c=10_s=1_5.txt,0.014759,77,68
adapted_instance332_m=2_n=15_l=15_c=10_s=1_6.txt,0.02589,75,66
adapted_instance332_m=2_n=15_l=15_c=10_s=1_7.txt,0.02932,75,64
adapted_instance332_m=2_n=15_l=15_c=10_s=1_8.txt,0.021688,73,65
adapted_instance332_m=2_n=15_l=15_c=10_s=1_9.txt,0.02746,77,64
adapted_instance332_m=2_n=15_l=15_c=10_s=1_10.txt,0.020905,78,67
adapted_instance334_m=2_n=15_l=15_c=10_s=0_1.txt,0.024234,82,72
adapted_instance334_m=2_n=15_l=15_c=10_s=0_2.txt,0.024561,82,73
adapted_instance334_m=2_n=15_l=15_c=10_s=0_3.txt,0.027726,80,71
adapted_instance334_m=2_n=15_l=15_c=10_s=0_4.txt,0.021323,82,73
adapted_instance334_m=2_n=15_l=15_c=10_s=0_5.txt,0.024338,82,71
adapted_instance334_m=2_n=15_l=15_c=10_s=0_6.txt,0.020257,82,72
adapted_instance334_m=2_n=15_l=15_c=10_s=0_7.txt,0.018153,81,72
adapted_instance334_m=2_n=15_l=15_c=10_s=0_8.txt,0.017699,83,72
adapted_instance334_m=2_n=15_l=15_c=10_s=0_9.txt,0.023594,87,72
adapted_instance334_m=2_n=15_l=15_c=10_s=0_10.txt,0.020289,81,73
adapted_instance336_m=2_n=15_l=15_c=10_s=2_1.txt,0.016997,84,73
adapted_instance336_m=2_n=15_l=15_c=10_s=2_2.txt,0.025845,80,72
adapted_instance336_m=2_n=15_l=15_c=10_s=2_3.txt,0.019362,80,72
adapted_instance336_m=2_n=15_l=15_c=10_s=2_4.txt,0.017401,84,74
adapted_instance336_m=2_n=15_l=15_c=10_s=2_5.txt,0.031783,83,70
adapted_instance336_m=2_n=15_l=15_c=10_s=2_6.txt,0.020485,85,75
adapted_instance336_m=2_n=15_l=15_c=10_s=2_7.txt,0.017405,81,72
adapted_instance336_m=2_n=15_l=15_c=10_s=2_8.txt,0.030953,85,72
adapted_instance336_m=2_n=15_l=15_c=10_s=2_9.txt,0.018335,85,74
adapted_instance336_m=2_n=15_l=15_c=10_s=2_10.txt,0.021103,81,71
adapted_instance338_m=2_n=15_l=15_c=10_s=1_1.txt,0.020701,91,79
adapted_instance338_m=2_n=15_l=15_c=10_s=1_2.txt,0.023144,89,76
adapted_instance338_m=2_n=15_l=15_c=10_s=1_3.txt,0.01747,91,78
adapted_instance338_m=2_n=15_l=15_c=10_s=1_4.txt,0.026526,90,76
adapted_instance338_m=2_n=15_l=15_c=10_s=1_5.txt,0.018123,85,75
adapted_instance338_m=2_n=15_l=15_c=10_s=1_6.txt,0.021027,85,77
adapted_instance338_m=2_n=15_l=15_c=10_s=1_7.txt,0.020667,87,79
adapted_instance338_m=2_n=15_l=15_c=10_s=1_8.txt,0.014065,85,78
adapted_instance338_m=2_n=15_l=15_c=10_s=1_9.txt,0.027349,89,76
adapted_instance338_m=2_n=15_l=15_c=10_s=1_10.txt,0.017353,84,78
adapted_instance340_m=2_n=15_l=15_c=10_s=0_1.txt,0.021119,87,76
adapted_instance340_m=2_n=15_l=15_c=10_s=0_2.txt,0.020894,85,75
adapted_instance340_m=2_n=15_l=15_c=10_s=0_3.txt,0.023661,90,78
adapted_instance340_m=2_n=15_l=15_c=10_s=0_4.txt,0.024104,86,77
adapted_instance340_m=2_n=15_l=15_c=10_s=0_5.txt,0.027753,88,75
adapted_instance340_m=2_n=15_l=15_c=10_s=0_6.txt,0.016921,86,78
adapted_instance340_m=2_n=15_l=15_c=10_s=0_7.txt,0.024518,84,74
adapted_instance340_m=2_n=15_l=15_c=10_s=0_8.txt,0.024598,90,76
adapted_instance340_m=2_n=15_l=15_c=10_s=0_9.txt,0.025124,83,75
adapted_instance340_m=2_n=15_l=15_c=10_s=0_10.txt,0.016846,87,78
adapted_instance342_m=2_n=15_l=15_c=10_s=2_1.txt,0.020673,86,75
adapted_instance342_m=2_n=15_l=15_c=10_s=2_2.txt,0.021193,88,75
adapted_instance342_m=2_n=15_l=15_c=10_s=2_3.txt,0.01803,86,76
adapted_instance342_m=2_n=15_l=15_c=10_s=2_4.txt,0.027054,81,71
adapted_instance342_m=2_n=15_l=15_c=10_s=2_5.txt,0.017404,87,75
adapted_instance342_m=2_n=15_l=15_c=10_s=2_6.txt,0.027364,85,73
adapted_instance342_m=2_n=15_l=15_c=10_s=2_7.txt,0.0209,84,74
adapted_instance342_m=2_n=15_l=15_c=10_s=2_8.txt,0.032039,87,74
adapted_instance342_m=2_n=15_l=15_c=10_s=2_9.txt,0.020724,82,75
adapted_instance342_m=2_n=15_l=15_c=10_s=2_10.txt,0.019444,87,72
adapted_instance344_m=2_n=15_l=15_c=10_s=1_1.txt,0.017533,85,74
adapted_instance344_m=2_n=15_l=15_c=10_s=1_2.txt,0.019515,81,73
adapted_instance344_m=2_n=15_l=15_c=10_s=1_3.txt,0.027307,80,71
adapted_instance344_m=2_n=15_l=15_c=10_s=1_4.txt,0.024605,83,73
adapted_instance344_m=2_n=15_l=15_c=10_s=1_5.txt,0.014421,81,75
adapted_instance344_m=2_n=15_l=15_c=10_s=1_6.txt,0.023633,80,70
adapted_instance344_m=2_n=15_l=15_c=10_s=1_7.txt,0.020659,82,72
adapted_instance344_m=2_n=15_l=15_c=10_s=1_8.txt,0.010807,75,73
adapted_instance344_m=2_n=15_l=15_c=10_s=1_9.txt,0.017396,79,74
adapted_instance344_m=2_n=15_l=15_c=10_s=1_10.txt,0.024052,85,73
adapted_instance346_m=2_n=15_l=15_c=10_s=0_1.txt,0.027755,87,76
adapted_instance346_m=2_n=15_l=15_c=10_s=0_2.txt,0.021299,85,76
adapted_instance346_m=2_n=15_l=15_c=10_s=0_3.txt,0.022885,85,77
adapted_instance346_m=2_n=15_l=15_c=10_s=0_4.txt,0.023083,84,77
adapted_instance346_m=2_n=15_l=15_c=10_s=0_5.txt,0.016962,84,77
adapted_instance346_m=2_n=15_l=15_c=10_s=0_6.txt,0.027429,89,78
adapted_instance346_m=2_n=15_l=15_c=10_s=0_7.txt,0.022011,86,79
adapted_instance346_m=2_n=15_l=15_c=10_s=0_8.txt,0.020742,83,74
adapted_instance346_m=2_n=15_l=15_c=10_s=0_9.txt,0.017108,91,78
adapted_instance346_m=2_n=15_l=15_c=10_s=0_10.txt,0.017699,82,78
adapted_instance348_m=2_n=15_l=15_c=10_s=2_1.txt,0.024089,85,75
adapted_instance348_m=2_n=15_l=15_c=10_s=2_2.txt,0.021101,87,77
adapted_instance348_m=2_n=15_l=15_c=10_s=2_3.txt,0.01337,84,78
adapted_instance348_m=2_n=15_l=15_c=10_s=2_4.txt,0.023208,86,76
adapted_instance348_m=2_n=15_l=15_c=10_s=2_5.txt,0.017572,82,77
adapted_instance348_m=2_n=15_l=15_c=10_s=2_6.txt,0.020537,84,78
adapted_instance348_m=2_n=15_l=15_c=10_s=2_7.txt,0.020495,89,78
adapted_instance348_m=2_n=15_l=15_c=10_s=2_8.txt,0.021376,86,75
adapted_instance348_m=2_n=15_l=15_c=10_s=2_9.txt,0.019566,91,77
adapted_instance348_m=2_n=15_l=15_c=10_s=2_10.txt,0.01662,84,78
adapted_instance350_m=2_n=15_l=15_c=10_s=1_1.txt,0.013596,73,63
adapted_instance350_m=2_n=15_l=15_c=10_s=1_2.txt,0.031475,73,61
adapted_instance350_m=2_n=15_l=15_c=10_s=1_3.txt,0.025205,76,64
adapted_instance350_m=2_n=15_l=15_c=10_s=1_4.txt,0.020392,75,62
adapted_instance350_m=2_n=15_l=15_c=10_s=1_5.txt,0.020766,73,62
adapted_instance350_m=2_n=15_l=15_c=10_s=1_6.txt,0.010563,71,66
adapted_instance350_m=2_n=15_l=15_c=10_s=1_7.txt,0.023866,70,61
adapted_instance350_m=2_n=15_l=15_c=10_s=1_8.txt,0.017173,69,63
adapted_instance350_m=2_n=15_l=15_c=10_s=1_9.txt,0.016385,72,64
adapted_instance350_m=2_n=15_l=15_c=10_s=1_10.txt,0.016806,74,65
adapted_instance352_m=2_n=15_l=15_c=10_s=0_1.txt,0.013764,86,77
adapted_instance352_m=2_n=15_l=15_c=10_s=0_2.txt,0.020946,80,74
adapted_instance352_m=2_n=15_l=15_c=10_s=0_3.txt,0.024111,85,76
adapted_instance352_m=2_n=15_l=15_c=10_s=0_4.txt,0.030571,86,74
adapted_instance352_m=2_n=15_l=15_c=10_s=0_5.txt,0.02067,91,78
adapted_instance352_m=2_n=15_l=15_c=10_s=0_6.txt,0.027603,91,75
adapted_instance352_m=2_n=15_l=15_c=10_s=0_7.txt,0.02326,84,74
adapted_instance352_m=2_n=15_l=15_c=10_s=0_8.txt,0.02009,85,75
adapted_instance352_m=2_n=15_l=15_c=10_s=0_9.txt,0.023365,86,74
adapted_instance352_m=2_n=15_l=15_c=10_s=0_10.txt,0.020728,82,74
adapted_instance362_m=2_n=15_l=20_c=8_s=1_1.txt,0.022856,60,52
adapted_instance362_m=2_n=15_l=20_c=8_s=1_2.txt,0.011744,55,53
adapted_instance362_m=2_n=15_l=20_c=8_s=1_3.txt,0.019591,60,52
adapted_instance362_m=2_n=15_l=20_c=8_s=1_4.txt,0.01189,57,53
adapted_instance362_m=2_n=15_l=20_c=8_s=1_5.txt,0.019014,58,53
adapted_instance362_m=2_n=15_l=20_c=8_s=1_6.txt,0.020063,61,53
adapted_instance362_m=2_n=15_l=20_c=8_s=1_7.txt,0.028486,57,52
adapted_instance362_m=2_n=15_l=20_c=8_s=1_8.txt,0.019984,57,53
adapted_instance362_m=2_n=15_l=20_c=8_s=1_9.txt,0.015692,54,52
adapted_instance362_m=2_n=15_l=20_c=8_s=1_10.txt,0.012341,57,53
adapted_instance364_m=2_n=15_l=20_c=8_s=0_1.txt,0.019005,61,56
adapted_instance364_m=2_n=15_l=20_c=8_s=0_2.txt,0.016046,59,56
adapted_instance364_m=2_n=15_l=20_c=8_s=0_3.txt,0.019647,59,56
adapted_instance364_m=2_n=15_l=20_c=8_s=0_4.txt,0.019984,60,56
adapted_instance364_m=2_n=15_l=20_c=8_s=0_5.txt,0.023569,61,56
adapted_instance364_m=2_n=15_l=20_c=8_s=0_6.txt,0.015685,60,56
adapted_instance364_m=2_n=15_l=20_c=8_s=0_7.txt,0.019273,60,56
adapted_instance364_m=2_n=15_l=20_c=8_s=0_8.txt,0.011477,58,56
adapted_instance364_m=2_n=15_l=20_c=8_s=0_9.txt,0.015803,59,56
adapted_instance364_m=2_n=15_l=20_c=8_s=0_10.txt,0.015281,59,57
adapted_instance366_m=2_n=15_l=20_c=8_s=2_1.txt,0.011911,53,51
adapted_instance366_m=2_n=15_l=20_c=8_s=2_2.txt,0.011558,52,51
adapted_instance366_m=2_n=15_l=20_c=8_s=2_3.txt,0.015749,56,50
adapted_instance366_m=2_n=15_l=20_c=8_s=2_4.txt,0.019489,54,49
adapted_instance366_m=2_n=15_l=20_c=8_s=2_5.txt,0.023265,54,49
adapted_instance366_m=2_n=15_l=20_c=8_s=2_6.txt,0.015892,53,49
adapted_instance366_m=2_n=15_l=20_c=8_s=2_7.txt,0.023991,54,49
adapted_instance366_m=2_n=15_l=20_c=8_s=2_8.txt,0.023727,55,49
adapted_instance366_m=2_n=15_l=20_c=8_s=2_9.txt,0.019952,54,50
adapted_instance366_m=2_n=15_l=20_c=8_s=2_10.txt,0.020434,58,49
adapted_instance368_m=2_n=15_l=20_c=8_s=1_1.txt,0.014988,62,60
adapted_instance368_m=2_n=15_l=20_c=8_s=1_2.txt,0.012449,61,60
adapted_instance368_m=2_n=15_l=20_c=8_s=1_3.txt,0.016147,63,60
adapted_instance368_m=2_n=15_l=20_c=8_s=1_4.txt,0.01245,62,60
adapted_instance368_m=2_n=15_l=20_c=8_s=1_5.txt,0.011682,61,60
adapted_instance368_m=2_n=15_l=20_c=8_s=1_6.txt,0.012168,62,60
adapted_instance368_m=2_n=15_l=20_c=8_s=1_7.txt,0.015742,62,60
adapted_instance368_m=2_n=15_l=20_c=8_s=1_8.txt,0.012536,61,60
adapted_instance368_m=2_n=15_l=20_c=8_s=1_9.txt,0.015844,62,60
adapted_instance368_m=2_n=15_l=20_c=8_s=1_10.txt,0.012211,61,60
adapted_instance370_m=2_n=15_l=20_c=8_s=0_1.txt,0.0154,62,59
adapted_instance370_m=2_n=15_l=20_c=8_s=0_2.txt,0.012356,61,59
adapted_instance370_m=2_n=15_l=20_c=8_s=0_3.txt,0.011664,61,59
adapted_instance370_m=2_n=15_l=20_c=8_s=0_4.txt,0.011732,61,59
adapted_instance370_m=2_n=15_l=20_c=8_s=0_5.txt,0.012055,60,59
adapted_instance370_m=2_n=15_l=20_c=8_s=0_6.txt,0.012101,60,59
adapted_instance370_m=2_n=15_l=20_c=8_s=0_7.txt,0.01202,61,59
adapted_instance370_m=2_n=15_l=20_c=8_s=0_8.txt,0.00814,59,59
adapted_instance370_m=2_n=15_l=20_c=8_s=0_9.txt,0.01395,60,59
adapted_instance370_m=2_n=15_l=20_c=8_s=0_10.txt,0.011723,62,59
adapted_instance372_m=2_n=15_l=20_c=8_s=2_1.txt,0.00771,63,63
adapted_instance372_m=2_n=15_l=20_c=8_s=2_2.txt,0.012005,65,63
adapted_instance372_m=2_n=15_l=20_c=8_s=2_3.txt,0.011937,65,63
adapted_instance372_m=2_n=15_l=20_c=8_s=2_4.txt,0.008449,63,63
adapted_instance372_m=2_n=15_l=20_c=8_s=2_5.txt,0.015133,65,63
adapted_instance372_m=2_n=15_l=20_c=8_s=2_6.txt,0.012189,64,63
adapted_instance372_m=2_n=15_l=20_c=8_s=2_7.txt,0.011689,64,63
adapted_instance372_m=2_n=15_l=20_c=8_s=2_8.txt,0.011777,65,63
adapted_instance372_m=2_n=15_l=20_c=8_s=2_9.txt,0.012019,64,63
adapted_instance372_m=2_n=15_l=20_c=8_s=2_10.txt,0.012175,66,63
adapted_instance374_m=2_n=15_l=20_c=8_s=1_1.txt,0.011845,64,63
adapted_instance374_m=2_n=15_l=20_c=8_s=1_2.txt,0.011831,65,63
adapted_instance374_m=2_n=15_l=20_c=8_s=1_3.txt,0.012499,64,63
adapted_instance374_m=2_n=15_l=20_c=8_s=1_4.txt,0.01201,65,63
adapted_instance374_m=2_n=15_l=20_c=8_s=1_5.txt,0.015516,65,63
adapted_instance374_m=2_n=15_l=20_c=8_s=1_6.txt,0.012642,64,63
adapted_instance374_m=2_n=15_l=20_c=8_s=1_7.txt,0.011961,64,63
adapted_instance374_m=2_n=15_l=20_c=8_s=1_8.txt,0.014895,64,63
adapted_instance374_m=2_n=15_l=20_c=8_s=1_9.txt,0.008246,63,63
adapted_instance374_m=2_n=15_l=20_c=8_s=1_10.txt,0.008012,63,63
adapted_instance376_m=2_n=15_l=20_c=8_s=0_1.txt,0.008147,66,66
adapted_instance376_m=2_n=15_l=20_c=8_s=0_2.txt,0.008261,66,66
adapted_instance376_m=2_n=15_l=20_c=8_s=0_3.txt,0.008641,66,66
adapted_instance376_m=2_n=15_l=20_c=8_s=0_4.txt,0.008121,66,66
adapted_instance376_m=2_n=15_l=20_c=8_s=0_5.txt,0.007838,66,66
adapted_instance376_m=2_n=15_l=20_c=8_s=0_6.txt,0.008162,66,66
adapted_instance376_m=2_n=15_l=20_c=8_s=0_7.txt,0.008184,66,66
adapted_instance376_m=2_n=15_l=20_c=8_s=0_8.txt,0.007742,66,66
adapted_instance376_m=2_n=15_l=20_c=8_s=0_9.txt,0.008199,66,66
adapted_instance376_m=2_n=15_l=20_c=8_s=0_10.txt,0.008344,66,66
adapted_instance398_m=2_n=15_l=20_c=12_s=1_1.txt,0.013292,47,44
adapted_instance398_m=2_n=15_l=20_c=12_s=1_2.txt,0.01283,49,44
adapted_instance398_m=2_n=15_l=20_c=12_s=1_3.txt,0.010236,48,44
adapted_instance398_m=2_n=15_l=20_c=12_s=1_4.txt,0.009504,47,45
adapted_instance398_m=2_n=15_l=20_c=12_s=1_5.txt,0.01292,47,44
adapted_instance398_m=2_n=15_l=20_c=12_s=1_6.txt,0.01299,47,44
adapted_instance398_m=2_n=15_l=20_c=12_s=1_7.txt,0.013428,48,45
adapted_instance398_m=2_n=15_l=20_c=12_s=1_8.txt,0.013069,47,44
adapted_instance398_m=2_n=15_l=20_c=12_s=1_9.txt,0.013106,47,44
adapted_instance398_m=2_n=15_l=20_c=12_s=1_10.txt,0.013154,48,44
adapted_instance400_m=2_n=15_l=20_c=12_s=0_1.txt,0.013054,63,60
adapted_instance400_m=2_n=15_l=20_c=12_s=0_2.txt,0.010002,62,60
adapted_instance400_m=2_n=15_l=20_c=12_s=0_3.txt,0.010451,61,60
adapted_instance400_m=2_n=15_l=20_c=12_s=0_4.txt,0.013418,62,60
adapted_instance400_m=2_n=15_l=20_c=12_s=0_5.txt,0.010157,63,60
adapted_instance400_m=2_n=15_l=20_c=12_s=0_6.txt,0.009241,61,60
adapted_instance400_m=2_n=15_l=20_c=12_s=0_7.txt,0.006524,60,60
adapted_instance400_m=2_n=15_l=20_c=12_s=0_8.txt,0.013014,62,60
adapted_instance400_m=2_n=15_l=20_c=12_s=0_9.txt,0.010621,61,60
adapted_instance400_m=2_n=15_l=20_c=12_s=0_10.txt,0.006733,60,60
adapted_instance402_m=2_n=15_l=20_c=12_s=2_1.txt,0.013881,51,48
adapted_instance402_m=2_n=15_l=20_c=12_s=2_2.txt,0.013265,52,48
adapted_instance402_m=2_n=15_l=20_c=12_s=2_3.txt,0.013674,52,48
adapted_instance402_m=2_n=15_l=20_c=12_s=2_4.txt,0.013459,53,48
adapted_instance402_m=2_n=15_l=20_c=12_s=2_5.txt,0.012914,52,48
adapted_instance402_m=2_n=15_l=20_c=12_s=2_6.txt,0.009934,50,48
adapted_instance402_m=2_n=15_l=20_c=12_s=2_7.txt,0.009951,49,48
adapted_instance402_m=2_n=15_l=20_c=12_s=2_8.txt,0.01024,50,48
adapted_instance402_m=2_n=15_l=20_c=12_s=2_9.txt,0.010347,51,48
adapted_instance402_m=2_n=15_l=20_c=12_s=2_10.txt,0.009773,49,48
adapted_instance404_m=2_n=15_l=20_c=12_s=1_1.txt,0.012767,56,52
adapted_instance404_m=2_n=15_l=20_c=12_s=1_2.txt,0.016426,56,51
adapted_instance404_m=2_n=15_l=20_c=12_s=1_3.txt,0.019306,57,51
adapted_instance404_m=2_n=15_l=20_c=12_s=1_4.txt,0.012618,56,51
adapted_instance404_m=2_n=15_l=20_c=12_s=1_5.txt,0.016087,56,51
adapted_instance404_m=2_n=15_l=20_c=12_s=1_6.txt,0.012524,56,51
adapted_instance404_m=2_n=15_l=20_c=12_s=1_7.txt,0.019079,56,51
adapted_instance404_m=2_n=15_l=20_c=12_s=1_8.txt,0.012428,53,51
adapted_instance404_m=2_n=15_l=20_c=12_s=1_9.txt,0.01438,53,51
adapted_instance404_m=2_n=15_l=20_c=12_s=1_10.txt,0.009628,52,51
adapted_instance406_m=2_n=15_l=20_c=12_s=0_1.txt,0.01014,45,44
adapted_instance406_m=2_n=15_l=20_c=12_s=0_2.txt,0.012715,46,44
adapted_instance406_m=2_n=15_l=20_c=12_s=0_3.txt,0.013825,48,45
adapted_instance406_m=2_n=15_l=20_c=12_s=0_4.txt,0.013322,46,44
adapted_instance406_m=2_n=15_l=20_c=12_s=0_5.txt,0.013399,47,44
adapted_instance406_m=2_n=15_l=20_c=12_s=0_6.txt,0.013827,48,44
adapted_instance406_m=2_n=15_l=20_c=12_s=0_7.txt,0.006626,45,45
adapted_instance406_m=2_n=15_l=20_c=12_s=0_8.txt,0.010319,45,44
adapted_instance406_m=2_n=15_l=20_c=12_s=0_9.txt,0.010391,47,45
adapted_instance406_m=2_n=15_l=20_c=12_s=0_10.txt,0.017093,50,44
adapted_instance408_m=2_n=15_l=20_c=12_s=2_1.txt,0.012779,62,58
adapted_instance408_m=2_n=15_l=20_c=12_s=2_2.txt,0.013002,62,58
adapted_instance408_m=2_n=15_l=20_c=12_s=2_3.txt,0.013332,62,58
adapted_instance408_m=2_n=15_l=20_c=12_s=2_4.txt,0.01253,61,58
adapted_instance408_m=2_n=15_l=20_c=12_s=2_5.txt,0.013647,61,58
adapted_instance408_m=2_n=15_l=20_c=12_s=2_6.txt,0.010079,59,58
adapted_instance408_m=2_n=15_l=20_c=12_s=2_7.txt,0.01347,60,58
adapted_instance408_m=2_n=15_l=20_c=12_s=2_8.txt,0.012923,62,58
adapted_instance408_m=2_n=15_l=20_c=12_s=2_9.txt,0.010809,59,58
adapted_instance408_m=2_n=15_l=20_c=12_s=2_10.txt,0.01126,60,58
adapted_instance418_m=2_n=15_l=20_c=12_s=0_1.txt,0.012897,51,48
adapted_instance418_m=2_n=15_l=20_c=12_s=0_2.txt,0.013716,51,48
adapted_instance418_m=2_n=15_l=20_c=12_s=0_3.txt,0.013714,54,49
adapted_instance418_m=2_n=15_l=20_c=12_s=0_4.txt,0.013488,51,48
adapted_instance418_m=2_n=15_l=20_c=12_s=0_5.txt,0.00992,52,48
adapted_instance418_m=2_n=15_l=20_c=12_s=0_6.txt,0.012986,51,48
adapted_instance418_m=2_n=15_l=20_c=12_s=0_7.txt,0.010792,52,49
adapted_instance418_m=2_n=15_l=20_c=12_s=0_8.txt,0.013729,51,48
adapted_instance418_m=2_n=15_l=20_c=12_s=0_9.txt,0.016645,52,48
adapted_instance418_m=2_n=15_l=20_c=12_s=0_10.txt,0.017865,54,48
adapted_instance420_m=2_n=15_l=20_c=12_s=2_1.txt,0.016927,54,48
adapted_instance420_m=2_n=15_l=20_c=12_s=2_2.txt,0.016326,54,49
adapted_instance420_m=2_n=15_l=20_c=12_s=2_3.txt,0.016107,54,49
adapted_instance420_m=2_n=15_l=20_c=12_s=2_4.txt,0.019994,55,48
adapted_instance420_m=2_n=15_l=20_c=12_s=2_5.txt,0.013187,53,49
adapted_instance420_m=2_n=15_l=20_c=12_s=2_6.txt,0.01419,56,49
adapted_instance420_m=2_n=15_l=20_c=12_s=2_7.txt,0.012987,53,49
adapted_instance420_m=2_n=15_l=20_c=12_s=2_8.txt,0.016448,54,49
adapted_instance420_m=2_n=15_l=20_c=12_s=2_9.txt,0.016594,54,49
adapted_instance420_m=2_n=15_l=20_c=12_s=2_10.txt,0.009946,53,50
adapted_instance452_m=2_n=15_l=20_c=15_s=1_1.txt,0.020601,96,87
adapted_instance452_m=2_n=15_l=20_c=15_s=1_2.txt,0.029601,103,88
adapted_instance452_m=2_n=15_l=20_c=15_s=1_3.txt,0.021612,93,87
adapted_instance452_m=2_n=15_l=20_c=15_s=1_4.txt,0.023391,94,88
adapted_instance452_m=2_n=15_l=20_c=15_s=1_5.txt,0.021613,98,88
adapted_instance452_m=2_n=15_l=20_c=15_s=1_6.txt,0.013067,99,92
adapted_instance452_m=2_n=15_l=20_c=15_s=1_7.txt,0.03764,105,87
adapted_instance452_m=2_n=15_l=20_c=15_s=1_8.txt,0.017975,95,90
adapted_instance452_m=2_n=15_l=20_c=15_s=1_9.txt,0.027139,99,88
adapted_instance452_m=2_n=15_l=20_c=15_s=1_10.txt,0.016715,98,89
adapted_instance454_m=2_n=15_l=20_c=15_s=0_1.txt,0.0347,102,89
adapted_instance454_m=2_n=15_l=20_c=15_s=0_2.txt,0.026226,99,90
adapted_instance454_m=2_n=15_l=20_c=15_s=0_3.txt,0.031316,101,87
adapted_instance454_m=2_n=15_l=20_c=15_s=0_4.txt,0.030999,97,90
adapted_instance454_m=2_n=15_l=20_c=15_s=0_5.txt,0.026053,98,90
adapted_instance454_m=2_n=15_l=20_c=15_s=0_6.txt,0.030369,98,89
adapted_instance454_m=2_n=15_l=20_c=15_s=0_7.txt,0.033703,99,88
adapted_instance454_m=2_n=15_l=20_c=15_s=0_8.txt,0.022847,96,90
adapted_instance454_m=2_n=15_l=20_c=15_s=0_9.txt,0.026486,99,91
adapted_instance454_m=2_n=15_l=20_c=15_s=0_10.txt,0.02683,102,91
adapted_instance692_m=3_n=15_l=20_c=15_s=1_1.txt,0.031562,95,84
adapted_instance692_m=3_n=15_l=20_c=15_s=1_2.txt,0.016387,95,85
adapted_instance692_m=3_n=15_l=20_c=15_s=1_3.txt,0.025213,95,85
adapted_instance692_m=3_n=15_l=20_c=15_s=1_4.txt,0.020419,95,85
adapted_instance692_m=3_n=15_l=20_c=15_s=1_5.txt,0.017339,96,86
adapted_instance692_m=3_n=15_l=20_c=15_s=1_6.txt,0.028804,98,83
adapted_instance692_m=3_n=15_l=20_c=15_s=1_7.txt,0.021219,94,86
adapted_instance692_m=3_n=15_l=20_c=15_s=1_8.txt,0.024842,95,83
adapted_instance692_m=3_n=15_l=20_c=15_s=1_9.txt,0.02586,92,85
adapted_instance692_m=3_n=15_l=20_c=15_s=1_10.txt,0.018264,93,85
adapted_instance694_m=3_n=15_l=20_c=15_s=0_1.txt,0.0262,103,89
adapted_instance694_m=3_n=15_l=20_c=15_s=0_2.txt,0.029689,98,86
adapted_instance694_m=3_n=15_l=20_c=15_s=0_3.txt,0.036185,99,87
adapted_instance694_m=3_n=15_l=20_c=15_s=0_4.txt,0.031079,95,85
adapted_instance694_m=3_n=15_l=20_c=15_s=0_5.txt,0.035545,99,86
adapted_instance694_m=3_n=15_l=20_c=15_s=0_6.txt,0.034261,97,85
adapted_instance694_m=3_n=15_l=20_c=15_s=0_7.txt,0.02526,98,89
adapted_instance694_m=3_n=15_l=20_c=15_s=0_8.txt,0.035237,98,84
adapted_instance694_m=3_n=15_l=20_c=15_s=0_9.txt,0.040868,101,85
adapted_instance694_m=3_n=15_l=20_c=15_s=0_10.txt,0.030243,95,85
adapted_instance696_m=3_n=15_l=20_c=15_s=2_1.txt,0.031519,104,88
adapted_instance696_m=3_n=15_l=20_c=15_s=2_2.txt,0.02552,103,91
adapted_instance696_m=3_n=15_l=20_c=15_s=2_3.txt,0.039459,97,87
adapted_instance696_m=3_n=15_l=20_c=15_s=2_4.txt,0.030093,96,89
adapted_instance696_m=3_n=15_l=20_c=15_s=2_5.txt,0.027117,101,90
adapted_instance696_m=3_n=15_l=20_c=15_s=2_6.txt,0.034659,103,87
adapted_instance696_m=3_n=15_l=20_c=15_s=2_7.txt,0.022362,101,92
adapted_instance696_m=3_n=15_l=20_c=15_s=2_8.txt,0.025771,99,88
adapted_instance696_m=3_n=15_l=20_c=15_s=2_9.txt,0.0304,106,89
adapted_instance696_m=3_n=15_l=20_c=15_s=2_10.txt,0.031208,100,90
adapted_instance698_m=3_n=15_l=20_c=15_s=1_1.txt,0.026003,97,92
adapted_instance698_m=3_n=15_l=20_c=15_s=1_2.txt,0.031255,102,88
adapted_instance698_m=3_n=15_l=20_c=15_s=1_3.txt,0.033431,102,88
adapted_instance698_m=3_n=15_l=20_c=15_s=1_4.txt,0.022232,99,91
adapted_instance698_m=3_n=15_l=20_c=15_s=1_5.txt,0.021753,101,91
adapted_instance698_m=3_n=15_l=20_c=15_s=1_6.txt,0.035164,101,89
adapted_instance698_m=3_n=15_l=20_c=15_s=1_7.txt,0.025376,103,90
adapted_instance698_m=3_n=15_l=20_c=15_s=1_8.txt,0.021384,99,89
adapted_instance698_m=3_n=15_l=20_c=15_s=1_9.txt,0.030135,97,88
adapted_instance698_m=3_n=15_l=20_c=15_s=1_10.txt,0.026237,104,92
adapted_instance700_m=3_n=15_l=20_c=15_s=0_1.txt,0.033519,103,90
adapted_instance700_m=3_n=15_l=20_c=15_s=0_2.txt,0.031296,101,90
adapted_instance700_m=3_n=15_l=20_c=15_s=0_3.txt,0.017179,97,92
adapted_instance700_m=3_n=15_l=20_c=15_s=0_4.txt,0.028787,103,89
adapted_instance700_m=3_n=15_l=20_c=15_s=0_5.txt,0.019387,102,89
adapted_instance700_m=3_n=15_l=20_c=15_s=0_6.txt,0.021602,96,91
adapted_instance700_m=3_n=15_l=20_c=15_s=0_7.txt,0.022229,99,90
adapted_instance700_m=3_n=15_l=20_c=15_s=0_8.txt,0.026389,99,89
adapted_instance700_m=3_n=15_l=20_c=15_s=0_9.txt,0.025122,104,90
adapted_instance700_m=3_n=15_l=20_c=15_s=0_10.txt,0.01721,98,92
adapted_instance702_m=3_n=15_l=20_c=15_s=2_1.txt,0.030009,93,84
adapted_instance702_m=3_n=15_l=20_c=15_s=2_2.txt,0.012998,90,85
adapted_instance702_m=3_n=15_l=20_c=15_s=2_3.txt,0.042832,97,82
adapted_instance702_m=3_n=15_l=20_c=15_s=2_4.txt,0.026123,92,84
adapted_instance702_m=3_n=15_l=20_c=15_s=2_5.txt,0.020804,96,87
adapted_instance702_m=3_n=15_l=20_c=15_s=2_6.txt,0.025534,91,84
adapted_instance702_m=3_n=15_l=20_c=15_s=2_7.txt,0.029651,94,84
adapted_instance702_m=3_n=15_l=20_c=15_s=2_8.txt,0.022022,94,85
adapted_instance702_m=3_n=15_l=20_c=15_s=2_9.txt,0.031755,92,84
adapted_instance702_m=3_n=15_l=20_c=15_s=2_10.txt,0.02507,96,84
adapted_instance704_m=3_n=15_l=20_c=15_s=1_1.txt,0.033087,89,81
adapted_instance704_m=3_n=15_l=20_c=15_s=1_2.txt,0.030125,89,81
adapted_instance704_m=3_n=15_l=20_c=15_s=1_3.txt,0.021047,93,82
adapted_instance704_m=3_n=15_l=20_c=15_s=1_4.txt,0.021057,91,83
adapted_instance704_m=3_n=15_l=20_c=15_s=1_5.txt,0.02532,88,81
adapted_instance704_m=3_n=15_l=20_c=15_s=1_6.txt,0.021154,88,83
adapted_instance704_m=3_n=15_l=20_c=15_s=1_7.txt,0.01647,89,84
adapted_instance704_m=3_n=15_l=20_c=15_s=1_8.txt,0.021685,92,83
adapted_instance704_m=3_n=15_l=20_c=15_s=1_9.txt,0.021391,92,83
adapted_instance704_m=3_n=15_l=20_c=15_s=1_10.txt,0.012841,89,86
adapted_instance706_m=3_n=15_l=20_c=15_s=0_1.txt,0.025792,107,100
adapted_instance706_m=3_n=15_l=20_c=15_s=0_2.txt,0.029912,114,98
adapted_instance706_m=3_n=15_l=20_c=15_s=0_3.txt,0.016918,109,100
adapted_instance706_m=3_n=15_l=20_c=15_s=0_4.txt,0.020239,109,100
adapted_instance706_m=3_n=15_l=20_c=15_s=0_5.txt,0.016342,109,102
adapted_instance706_m=3_n=15_l=20_c=15_s=0_6.txt,0.021149,106,100
adapted_instance706_m=3_n=15_l=20_c=15_s=0_7.txt,0.029049,107,99
adapted_instance706_m=3_n=15_l=20_c=15_s=0_8.txt,0.02484,108,98
adapted_instance706_m=3_n=15_l=20_c=15_s=0_9.txt,0.02459,109,98
adapted_instance706_m=3_n=15_l=20_c=15_s=0_10.txt,0.03336,105,99
adapted_instance708_m=3_n=15_l=20_c=15_s=2_1.txt,0.020643,105,100
adapted_instance708_m=3_n=15_l=20_c=15_s=2_2.txt,0.02068,110,100
adapted_instance708_m=3_n=15_l=20_c=15_s=2_3.txt,0.016839,107,100
adapted_instance708_m=3_n=15_l=20_c=15_s=2_4.txt,0.021661,104,98
adapted_instance708_m=3_n=15_l=20_c=15_s=2_5.txt,0.024698,103,99
adapted_instance708_m=3_n=15_l=20_c=15_s=2_6.txt,0.020888,109,99
adapted_instance708_m=3_n=15_l=20_c=15_s=2_7.txt,0.017187,109,100
adapted_instance708_m=3_n=15_l=20_c=15_s=2_8.txt,0.02464,108,100
adapted_instance708_m=3_n=15_l=20_c=15_s=2_9.txt,0.021138,109,101
adapted_instance708_m=3_n=15_l=20_c=15_s=2_10.txt,0.017129,107,100
adapted_instance710_m=3_n=15_l=20_c=15_s=1_1.txt,0.030197,84,72
adapted_instance710_m=3_n=15_l=20_c=15_s=1_2.txt,0.02594,90,74
adapted_instance710_m=3_n=15_l=20_c=15_s=1_3.txt,0.024609,80,72
adapted_instance710_m=3_n=15_l=20_c=15_s=1_4.txt,0.025313,83,73
adapted_instance710_m=3_n=15_l=20_c=15_s=1_5.txt,0.029698,85,74
adapted_instance710_m=3_n=15_l=20_c=15_s=1_6.txt,0.02529,81,73
adapted_instance710_m=3_n=15_l=20_c=15_s=1_7.txt,0.0265,85,76
adapted_instance710_m=3_n=15_l=20_c=15_s=1_8.txt,0.039606,85,70
adapted_instance710_m=3_n=15_l=20_c=15_s=1_9.txt,0.025735,85,76
adapted_instance710_m=3_n=15_l=20_c=15_s=1_10.txt,0.025856,85,74
adapted_instance712_m=3_n=15_l=20_c=15_s=0_1.txt,0.020304,87,81
adapted_instance712_m=3_n=15_l=20_c=15_s=0_2.txt,0.017524,91,83
adapted_instance712_m=3_n=15_l=20_c=15_s=0_3.txt,0.030298,92,80
adapted_instance712_m=3_n=15_l=20_c=15_s=0_4.txt,0.02541,95,80
adapted_instance712_m=3_n=15_l=20_c=15_s=0_5.txt,0.029234,91,79
adapted_instance712_m=3_n=15_l=20_c=15_s=0_6.txt,0.025503,90,79
adapted_instance712_m=3_n=15_l=20_c=15_s=0_7.txt,0.031351,96,80
adapted_instance712_m=3_n=15_l=20_c=15_s=0_8.txt,0.030037,89,78
adapted_instance712_m=3_n=15_l=20_c=15_s=0_9.txt,0.020643,88,81
adapted_instance712_m=3_n=15_l=20_c=15_s=0_10.txt,0.037479,94,79
adapted_instance714_m=3_n=15_l=20_c=15_s=2_1.txt,0.033962,84,76
adapted_instance714_m=3_n=15_l=20_c=15_s=2_2.txt,0.024082,88,78
adapted_instance714_m=3_n=15_l=20_c=15_s=2_3.txt,0.029666,92,77
adapted_instance714_m=3_n=15_l=20_c=15_s=2_4.txt,0.033545,89,76
adapted_instance714_m=3_n=15_l=20_c=15_s=2_5.txt,0.031013,89,78
adapted_instance714_m=3_n=15_l=20_c=15_s=2_6.txt,0.034972,89,77
adapted_instance714_m=3_n=15_l=20_c=15_s=2_7.txt,0.025964,87,79
adapted_instance714_m=3_n=15_l=20_c=15_s=2_8.txt,0.017326,87,79
adapted_instance714_m=3_n=15_l=20_c=15_s=2_9.txt,0.031877,90,78
adapted_instance714_m=3_n=15_l=20_c=15_s=2_10.txt,0.032086,87,78
adapted_instance716_m=3_n=15_l=20_c=15_s=1_1.txt,0.034388,85,75
adapted_instance716_m=3_n=15_l=20_c=15_s=1_2.txt,0.021599,87,78
adapted_instance716_m=3_n=15_l=20_c=15_s=1_3.txt,0.033391,89,74
adapted_instance716_m=3_n=15_l=20_c=15_s=1_4.txt,0.029753,86,77
adapted_instance716_m=3_n=15_l=20_c=15_s=1_5.txt,0.026418,92,75
adapted_instance716_m=3_n=15_l=20_c=15_s=1_6.txt,0.029908,90,76
adapted_instance716_m=3_n=15_l=20_c=15_s=1_7.txt,0.017851,81,79
adapted_instance716_m=3_n=15_l=20_c=15_s=1_8.txt,0.021971,88,79
adapted_instance716_m=3_n=15_l=20_c=15_s=1_9.txt,0.026241,87,76
adapted_instance716_m=3_n=15_l=20_c=15_s=1_10.txt,0.029694,87,76
