Instance_Name,Execution_Time,Initial_Solution,Final_Solution
adapted_instance1000_m=3_n=25_l=15_c=10_s=0_1.txt,0.022623,54,53
adapted_instance1000_m=3_n=25_l=15_c=10_s=0_2.txt,0.05403,56,51
adapted_instance1000_m=3_n=25_l=15_c=10_s=0_3.txt,0.032469,59,52
adapted_instance1000_m=3_n=25_l=15_c=10_s=0_4.txt,0.043177,56,51
adapted_instance1000_m=3_n=25_l=15_c=10_s=0_5.txt,0.042385,56,51
adapted_instance1000_m=3_n=25_l=15_c=10_s=0_6.txt,0.032621,59,53
adapted_instance1000_m=3_n=25_l=15_c=10_s=0_7.txt,0.043143,55,52
adapted_instance1000_m=3_n=25_l=15_c=10_s=0_8.txt,0.022171,55,53
adapted_instance1000_m=3_n=25_l=15_c=10_s=0_9.txt,0.043109,58,53
adapted_instance1000_m=3_n=25_l=15_c=10_s=0_10.txt,0.043998,54,51
adapted_instance1002_m=3_n=25_l=15_c=10_s=2_1.txt,0.05409,55,49
adapted_instance1002_m=3_n=25_l=15_c=10_s=2_2.txt,0.044586,56,50
adapted_instance1002_m=3_n=25_l=15_c=10_s=2_3.txt,0.021741,52,51
adapted_instance1002_m=3_n=25_l=15_c=10_s=2_4.txt,0.011062,51,51
adapted_instance1002_m=3_n=25_l=15_c=10_s=2_5.txt,0.010971,52,52
adapted_instance1002_m=3_n=25_l=15_c=10_s=2_6.txt,0.03277,55,50
adapted_instance1002_m=3_n=25_l=15_c=10_s=2_7.txt,0.045191,56,50
adapted_instance1002_m=3_n=25_l=15_c=10_s=2_8.txt,0.042972,54,49
adapted_instance1002_m=3_n=25_l=15_c=10_s=2_9.txt,0.032559,54,51
adapted_instance1002_m=3_n=25_l=15_c=10_s=2_10.txt,0.03216,54,50
adapted_instance1004_m=3_n=25_l=15_c=10_s=1_1.txt,0.06643,55,49
adapted_instance1004_m=3_n=25_l=15_c=10_s=1_2.txt,0.033719,57,52
adapted_instance1004_m=3_n=25_l=15_c=10_s=1_3.txt,0.043146,55,52
adapted_instance1004_m=3_n=25_l=15_c=10_s=1_4.txt,0.043347,60,52
adapted_instance1004_m=3_n=25_l=15_c=10_s=1_5.txt,0.044104,57,51
adapted_instance1004_m=3_n=25_l=15_c=10_s=1_6.txt,0.033307,58,52
adapted_instance1004_m=3_n=25_l=15_c=10_s=1_7.txt,0.054157,56,50
adapted_instance1004_m=3_n=25_l=15_c=10_s=1_8.txt,0.044243,58,53
adapted_instance1004_m=3_n=25_l=15_c=10_s=1_9.txt,0.044414,56,51
adapted_instance1004_m=3_n=25_l=15_c=10_s=1_10.txt,0.032789,57,52
adapted_instance1006_m=3_n=25_l=15_c=10_s=0_1.txt,0.032829,54,52
adapted_instance1006_m=3_n=25_l=15_c=10_s=0_2.txt,0.043189,55,50
adapted_instance1006_m=3_n=25_l=15_c=10_s=0_3.txt,0.032368,56,51
adapted_instance1006_m=3_n=25_l=15_c=10_s=0_4.txt,0.022541,55,51
adapted_instance1006_m=3_n=25_l=15_c=10_s=0_5.txt,0.022851,57,51
adapted_instance1006_m=3_n=25_l=15_c=10_s=0_6.txt,0.033571,53,50
adapted_instance1006_m=3_n=25_l=15_c=10_s=0_7.txt,0.032614,55,51
adapted_instance1006_m=3_n=25_l=15_c=10_s=0_8.txt,0.033981,55,52
adapted_instance1006_m=3_n=25_l=15_c=10_s=0_9.txt,0.03172,57,51
adapted_instance1006_m=3_n=25_l=15_c=10_s=0_10.txt,0.021743,54,51
adapted_instance1008_m=3_n=25_l=15_c=10_s=2_1.txt,0.032316,56,52
adapted_instance1008_m=3_n=25_l=15_c=10_s=2_2.txt,0.043329,59,52
adapted_instance1008_m=3_n=25_l=15_c=10_s=2_3.txt,0.041828,58,52
adapted_instance1008_m=3_n=25_l=15_c=10_s=2_4.txt,0.021216,56,53
adapted_instance1008_m=3_n=25_l=15_c=10_s=2_5.txt,0.03326,57,52
adapted_instance1008_m=3_n=25_l=15_c=10_s=2_6.txt,0.03348,56,52
adapted_instance1008_m=3_n=25_l=15_c=10_s=2_7.txt,0.032428,55,53
adapted_instance1008_m=3_n=25_l=15_c=10_s=2_8.txt,0.03228,56,52
adapted_instance1008_m=3_n=25_l=15_c=10_s=2_9.txt,0.044369,57,52
adapted_instance1008_m=3_n=25_l=15_c=10_s=2_10.txt,0.032527,54,52
adapted_instance1010_m=3_n=25_l=15_c=10_s=1_1.txt,0.044572,62,57
adapted_instance1010_m=3_n=25_l=15_c=10_s=1_2.txt,0.032078,62,58
adapted_instance1010_m=3_n=25_l=15_c=10_s=1_3.txt,0.032427,60,58
adapted_instance1010_m=3_n=25_l=15_c=10_s=1_4.txt,0.033247,60,57
adapted_instance1010_m=3_n=25_l=15_c=10_s=1_5.txt,0.011154,59,59
adapted_instance1010_m=3_n=25_l=15_c=10_s=1_6.txt,0.031834,59,57
adapted_instance1010_m=3_n=25_l=15_c=10_s=1_7.txt,0.033699,61,58
adapted_instance1010_m=3_n=25_l=15_c=10_s=1_8.txt,0.044232,62,58
adapted_instance1010_m=3_n=25_l=15_c=10_s=1_9.txt,0.032476,60,58
adapted_instance1010_m=3_n=25_l=15_c=10_s=1_10.txt,0.032138,60,58
adapted_instance1012_m=3_n=25_l=15_c=10_s=0_1.txt,0.053309,59,50
adapted_instance1012_m=3_n=25_l=15_c=10_s=0_2.txt,0.042621,53,50
adapted_instance1012_m=3_n=25_l=15_c=10_s=0_3.txt,0.043056,56,51
adapted_instance1012_m=3_n=25_l=15_c=10_s=0_4.txt,0.021954,55,51
adapted_instance1012_m=3_n=25_l=15_c=10_s=0_5.txt,0.031633,53,50
adapted_instance1012_m=3_n=25_l=15_c=10_s=0_6.txt,0.0318,58,51
adapted_instance1012_m=3_n=25_l=15_c=10_s=0_7.txt,0.021102,52,51
adapted_instance1012_m=3_n=25_l=15_c=10_s=0_8.txt,0.031518,54,50
adapted_instance1012_m=3_n=25_l=15_c=10_s=0_9.txt,0.031665,54,50
adapted_instance1012_m=3_n=25_l=15_c=10_s=0_10.txt,0.021798,54,51
adapted_instance1014_m=3_n=25_l=15_c=10_s=2_1.txt,0.05478,56,49
adapted_instance1014_m=3_n=25_l=15_c=10_s=2_2.txt,0.032973,55,50
adapted_instance1014_m=3_n=25_l=15_c=10_s=2_3.txt,0.032753,55,50
adapted_instance1014_m=3_n=25_l=15_c=10_s=2_4.txt,0.043033,53,49
adapted_instance1014_m=3_n=25_l=15_c=10_s=2_5.txt,0.03204,54,50
adapted_instance1014_m=3_n=25_l=15_c=10_s=2_6.txt,0.033174,56,50
adapted_instance1014_m=3_n=25_l=15_c=10_s=2_7.txt,0.021313,51,50
adapted_instance1014_m=3_n=25_l=15_c=10_s=2_8.txt,0.032142,53,49
adapted_instance1014_m=3_n=25_l=15_c=10_s=2_9.txt,0.032146,52,50
adapted_instance1014_m=3_n=25_l=15_c=10_s=2_10.txt,0.043028,54,49
adapted_instance1016_m=3_n=25_l=15_c=10_s=1_1.txt,0.043731,49,45
adapted_instance1016_m=3_n=25_l=15_c=10_s=1_2.txt,0.04341,49,44
adapted_instance1016_m=3_n=25_l=15_c=10_s=1_3.txt,0.066576,53,45
adapted_instance1016_m=3_n=25_l=15_c=10_s=1_4.txt,0.045255,51,45
adapted_instance1016_m=3_n=25_l=15_c=10_s=1_5.txt,0.044497,52,45
adapted_instance1016_m=3_n=25_l=15_c=10_s=1_6.txt,0.022321,53,49
adapted_instance1016_m=3_n=25_l=15_c=10_s=1_7.txt,0.056242,50,45
adapted_instance1016_m=3_n=25_l=15_c=10_s=1_8.txt,0.022215,47,45
adapted_instance1016_m=3_n=25_l=15_c=10_s=1_9.txt,0.043941,51,45
adapted_instance1016_m=3_n=25_l=15_c=10_s=1_10.txt,0.022578,48,45
adapted_instance1018_m=3_n=25_l=15_c=10_s=0_1.txt,0.033201,61,57
adapted_instance1018_m=3_n=25_l=15_c=10_s=0_2.txt,0.055773,61,56
adapted_instance1018_m=3_n=25_l=15_c=10_s=0_3.txt,0.022294,60,57
adapted_instance1018_m=3_n=25_l=15_c=10_s=0_4.txt,0.044005,62,56
adapted_instance1018_m=3_n=25_l=15_c=10_s=0_5.txt,0.033074,63,56
adapted_instance1018_m=3_n=25_l=15_c=10_s=0_6.txt,0.043021,62,57
adapted_instance1018_m=3_n=25_l=15_c=10_s=0_7.txt,0.05554,63,56
adapted_instance1018_m=3_n=25_l=15_c=10_s=0_8.txt,0.044628,63,57
adapted_instance1018_m=3_n=25_l=15_c=10_s=0_9.txt,0.032999,63,57
adapted_instance1018_m=3_n=25_l=15_c=10_s=0_10.txt,0.033055,60,56
adapted_instance1020_m=3_n=25_l=15_c=10_s=2_1.txt,0.045909,63,57
adapted_instance1020_m=3_n=25_l=15_c=10_s=2_2.txt,0.043914,63,57
adapted_instance1020_m=3_n=25_l=15_c=10_s=2_3.txt,0.033482,58,56
adapted_instance1020_m=3_n=25_l=15_c=10_s=2_4.txt,0.043882,64,57
adapted_instance1020_m=3_n=25_l=15_c=10_s=2_5.txt,0.034018,64,57
adapted_instance1020_m=3_n=25_l=15_c=10_s=2_6.txt,0.04404,62,57
adapted_instance1020_m=3_n=25_l=15_c=10_s=2_7.txt,0.053685,62,57
adapted_instance1020_m=3_n=25_l=15_c=10_s=2_8.txt,0.03603,61,57
adapted_instance1020_m=3_n=25_l=15_c=10_s=2_9.txt,0.055652,61,56
adapted_instance1020_m=3_n=25_l=15_c=10_s=2_10.txt,0.03284,63,57
adapted_instance1022_m=3_n=25_l=15_c=10_s=1_1.txt,0.034075,67,63
adapted_instance1022_m=3_n=25_l=15_c=10_s=1_2.txt,0.048352,67,61
adapted_instance1022_m=3_n=25_l=15_c=10_s=1_3.txt,0.046068,66,62
adapted_instance1022_m=3_n=25_l=15_c=10_s=1_4.txt,0.047385,69,62
adapted_instance1022_m=3_n=25_l=15_c=10_s=1_5.txt,0.022843,65,62
adapted_instance1022_m=3_n=25_l=15_c=10_s=1_6.txt,0.05807,69,61
adapted_instance1022_m=3_n=25_l=15_c=10_s=1_7.txt,0.03404,69,62
adapted_instance1022_m=3_n=25_l=15_c=10_s=1_8.txt,0.023062,65,63
adapted_instance1022_m=3_n=25_l=15_c=10_s=1_9.txt,0.034961,67,62
adapted_instance1022_m=3_n=25_l=15_c=10_s=1_10.txt,0.034994,68,62
adapted_instance1024_m=3_n=25_l=15_c=10_s=0_1.txt,0.046972,66,61
adapted_instance1024_m=3_n=25_l=15_c=10_s=0_2.txt,0.047642,68,61
adapted_instance1024_m=3_n=25_l=15_c=10_s=0_3.txt,0.045912,70,62
adapted_instance1024_m=3_n=25_l=15_c=10_s=0_4.txt,0.045953,70,62
adapted_instance1024_m=3_n=25_l=15_c=10_s=0_5.txt,0.044046,67,61
adapted_instance1024_m=3_n=25_l=15_c=10_s=0_6.txt,0.035652,66,61
adapted_instance1024_m=3_n=25_l=15_c=10_s=0_7.txt,0.044196,68,62
adapted_instance1024_m=3_n=25_l=15_c=10_s=0_8.txt,0.036949,67,62
adapted_instance1024_m=3_n=25_l=15_c=10_s=0_9.txt,0.046338,69,61
adapted_instance1024_m=3_n=25_l=15_c=10_s=0_10.txt,0.048742,68,61
adapted_instance1026_m=3_n=25_l=15_c=10_s=2_1.txt,0.070664,68,58
adapted_instance1026_m=3_n=25_l=15_c=10_s=2_2.txt,0.046601,66,60
adapted_instance1026_m=3_n=25_l=15_c=10_s=2_3.txt,0.046099,66,60
adapted_instance1026_m=3_n=25_l=15_c=10_s=2_4.txt,0.023695,66,61
adapted_instance1026_m=3_n=25_l=15_c=10_s=2_5.txt,0.024387,66,62
adapted_instance1026_m=3_n=25_l=15_c=10_s=2_6.txt,0.04464,64,59
adapted_instance1026_m=3_n=25_l=15_c=10_s=2_7.txt,0.063717,64,58
adapted_instance1026_m=3_n=25_l=15_c=10_s=2_8.txt,0.035143,66,60
adapted_instance1026_m=3_n=25_l=15_c=10_s=2_9.txt,0.025326,65,60
adapted_instance1026_m=3_n=25_l=15_c=10_s=2_10.txt,0.034986,66,60
adapted_instance1030_m=3_n=25_l=15_c=10_s=0_1.txt,0.038246,62,56
adapted_instance1030_m=3_n=25_l=15_c=10_s=0_2.txt,0.060123,65,55
adapted_instance1030_m=3_n=25_l=15_c=10_s=0_3.txt,0.048063,61,56
adapted_instance1030_m=3_n=25_l=15_c=10_s=0_4.txt,0.048571,61,56
adapted_instance1030_m=3_n=25_l=15_c=10_s=0_5.txt,0.034705,59,56
adapted_instance1030_m=3_n=25_l=15_c=10_s=0_6.txt,0.047683,60,55
adapted_instance1030_m=3_n=25_l=15_c=10_s=0_7.txt,0.05587,63,55
adapted_instance1030_m=3_n=25_l=15_c=10_s=0_8.txt,0.034893,57,55
adapted_instance1030_m=3_n=25_l=15_c=10_s=0_9.txt,0.03438,58,55
adapted_instance1030_m=3_n=25_l=15_c=10_s=0_10.txt,0.034466,61,56
adapted_instance1032_m=3_n=25_l=15_c=10_s=2_1.txt,0.035105,66,59
adapted_instance1032_m=3_n=25_l=15_c=10_s=2_2.txt,0.073845,65,58
adapted_instance1032_m=3_n=25_l=15_c=10_s=2_3.txt,0.048333,62,59
adapted_instance1032_m=3_n=25_l=15_c=10_s=2_4.txt,0.03721,64,61
adapted_instance1032_m=3_n=25_l=15_c=10_s=2_5.txt,0.049431,66,59
adapted_instance1032_m=3_n=25_l=15_c=10_s=2_6.txt,0.059508,64,59
adapted_instance1032_m=3_n=25_l=15_c=10_s=2_7.txt,0.071434,67,58
adapted_instance1032_m=3_n=25_l=15_c=10_s=2_8.txt,0.052301,67,59
adapted_instance1032_m=3_n=25_l=15_c=10_s=2_9.txt,0.021951,63,60
adapted_instance1032_m=3_n=25_l=15_c=10_s=2_10.txt,0.046253,66,60
adapted_instance1034_m=3_n=25_l=15_c=10_s=1_1.txt,0.045206,58,51
adapted_instance1034_m=3_n=25_l=15_c=10_s=1_2.txt,0.034648,55,52
adapted_instance1034_m=3_n=25_l=15_c=10_s=1_3.txt,0.057402,59,49
adapted_instance1034_m=3_n=25_l=15_c=10_s=1_4.txt,0.035483,56,50
adapted_instance1034_m=3_n=25_l=15_c=10_s=1_5.txt,0.034869,54,50
adapted_instance1034_m=3_n=25_l=15_c=10_s=1_6.txt,0.046459,58,49
adapted_instance1034_m=3_n=25_l=15_c=10_s=1_7.txt,0.047094,57,50
adapted_instance1034_m=3_n=25_l=15_c=10_s=1_8.txt,0.069173,56,49
adapted_instance1034_m=3_n=25_l=15_c=10_s=1_9.txt,0.056034,57,51
adapted_instance1034_m=3_n=25_l=15_c=10_s=1_10.txt,0.059544,59,50
adapted_instance1040_m=3_n=25_l=15_c=10_s=1_1.txt,0.035568,68,64
adapted_instance1040_m=3_n=25_l=15_c=10_s=1_2.txt,0.035897,68,63
adapted_instance1040_m=3_n=25_l=15_c=10_s=1_3.txt,0.022949,68,65
adapted_instance1040_m=3_n=25_l=15_c=10_s=1_4.txt,0.035357,68,65
adapted_instance1040_m=3_n=25_l=15_c=10_s=1_5.txt,0.046129,72,64
adapted_instance1040_m=3_n=25_l=15_c=10_s=1_6.txt,0.034781,70,64
adapted_instance1040_m=3_n=25_l=15_c=10_s=1_7.txt,0.036622,68,64
adapted_instance1040_m=3_n=25_l=15_c=10_s=1_8.txt,0.035533,67,64
adapted_instance1040_m=3_n=25_l=15_c=10_s=1_9.txt,0.033401,67,63
adapted_instance1040_m=3_n=25_l=15_c=10_s=1_10.txt,0.033757,68,63
adapted_instance1042_m=3_n=25_l=15_c=10_s=0_1.txt,0.0352,57,53
adapted_instance1042_m=3_n=25_l=15_c=10_s=0_2.txt,0.057917,61,51
adapted_instance1042_m=3_n=25_l=15_c=10_s=0_3.txt,0.057661,59,51
adapted_instance1042_m=3_n=25_l=15_c=10_s=0_4.txt,0.069263,58,50
adapted_instance1042_m=3_n=25_l=15_c=10_s=0_5.txt,0.023053,56,52
adapted_instance1042_m=3_n=25_l=15_c=10_s=0_6.txt,0.047133,59,50
adapted_instance1042_m=3_n=25_l=15_c=10_s=0_7.txt,0.064074,58,50
adapted_instance1042_m=3_n=25_l=15_c=10_s=0_8.txt,0.045081,59,50
adapted_instance1042_m=3_n=25_l=15_c=10_s=0_9.txt,0.044216,58,50
adapted_instance1042_m=3_n=25_l=15_c=10_s=0_10.txt,0.033721,54,51
adapted_instance1044_m=3_n=25_l=15_c=10_s=2_1.txt,0.047043,57,50
adapted_instance1044_m=3_n=25_l=15_c=10_s=2_2.txt,0.057113,58,50
adapted_instance1044_m=3_n=25_l=15_c=10_s=2_3.txt,0.045906,57,50
adapted_instance1044_m=3_n=25_l=15_c=10_s=2_4.txt,0.068942,58,50
adapted_instance1044_m=3_n=25_l=15_c=10_s=2_5.txt,0.044603,59,50
adapted_instance1044_m=3_n=25_l=15_c=10_s=2_6.txt,0.035978,58,51
adapted_instance1044_m=3_n=25_l=15_c=10_s=2_7.txt,0.035626,56,51
adapted_instance1044_m=3_n=25_l=15_c=10_s=2_8.txt,0.035568,60,51
adapted_instance1044_m=3_n=25_l=15_c=10_s=2_9.txt,0.046474,56,51
adapted_instance1044_m=3_n=25_l=15_c=10_s=2_10.txt,0.033432,58,53
adapted_instance1046_m=3_n=25_l=15_c=10_s=1_1.txt,0.068761,60,52
adapted_instance1046_m=3_n=25_l=15_c=10_s=1_2.txt,0.024973,57,51
adapted_instance1046_m=3_n=25_l=15_c=10_s=1_3.txt,0.034608,57,54
adapted_instance1046_m=3_n=25_l=15_c=10_s=1_4.txt,0.035894,56,53
adapted_instance1046_m=3_n=25_l=15_c=10_s=1_5.txt,0.024292,62,55
adapted_instance1046_m=3_n=25_l=15_c=10_s=1_6.txt,0.047098,61,53
adapted_instance1046_m=3_n=25_l=15_c=10_s=1_7.txt,0.058656,61,52
adapted_instance1046_m=3_n=25_l=15_c=10_s=1_8.txt,0.034318,58,54
adapted_instance1046_m=3_n=25_l=15_c=10_s=1_9.txt,0.056493,65,52
adapted_instance1046_m=3_n=25_l=15_c=10_s=1_10.txt,0.057143,60,54
adapted_instance1048_m=3_n=25_l=15_c=10_s=0_1.txt,0.046371,67,64
adapted_instance1048_m=3_n=25_l=15_c=10_s=0_2.txt,0.074415,70,62
adapted_instance1048_m=3_n=25_l=15_c=10_s=0_3.txt,0.045236,69,63
adapted_instance1048_m=3_n=25_l=15_c=10_s=0_4.txt,0.046342,68,62
adapted_instance1048_m=3_n=25_l=15_c=10_s=0_5.txt,0.04874,69,62
adapted_instance1048_m=3_n=25_l=15_c=10_s=0_6.txt,0.022957,66,63
adapted_instance1048_m=3_n=25_l=15_c=10_s=0_7.txt,0.049891,66,63
adapted_instance1048_m=3_n=25_l=15_c=10_s=0_8.txt,0.034307,68,62
adapted_instance1048_m=3_n=25_l=15_c=10_s=0_9.txt,0.044542,70,62
adapted_instance1048_m=3_n=25_l=15_c=10_s=0_10.txt,0.03391,67,62
adapted_instance1050_m=3_n=25_l=15_c=10_s=2_1.txt,0.046006,74,67
adapted_instance1050_m=3_n=25_l=15_c=10_s=2_2.txt,0.046307,73,66
adapted_instance1050_m=3_n=25_l=15_c=10_s=2_3.txt,0.034701,75,67
adapted_instance1050_m=3_n=25_l=15_c=10_s=2_4.txt,0.056557,75,67
adapted_instance1050_m=3_n=25_l=15_c=10_s=2_5.txt,0.050579,72,66
adapted_instance1050_m=3_n=25_l=15_c=10_s=2_6.txt,0.036236,69,67
adapted_instance1050_m=3_n=25_l=15_c=10_s=2_7.txt,0.033394,72,67
adapted_instance1050_m=3_n=25_l=15_c=10_s=2_8.txt,0.047706,73,68
adapted_instance1050_m=3_n=25_l=15_c=10_s=2_9.txt,0.033856,72,68
adapted_instance1050_m=3_n=25_l=15_c=10_s=2_10.txt,0.047624,70,66
adapted_instance1054_m=3_n=25_l=15_c=10_s=0_1.txt,0.034532,64,58
adapted_instance1054_m=3_n=25_l=15_c=10_s=0_2.txt,0.04529,65,59
adapted_instance1054_m=3_n=25_l=15_c=10_s=0_3.txt,0.050186,63,58
adapted_instance1054_m=3_n=25_l=15_c=10_s=0_4.txt,0.045447,64,59
adapted_instance1054_m=3_n=25_l=15_c=10_s=0_5.txt,0.033807,63,58
adapted_instance1054_m=3_n=25_l=15_c=10_s=0_6.txt,0.034875,63,59
adapted_instance1054_m=3_n=25_l=15_c=10_s=0_7.txt,0.035168,62,58
adapted_instance1054_m=3_n=25_l=15_c=10_s=0_8.txt,0.05612,65,58
adapted_instance1054_m=3_n=25_l=15_c=10_s=0_9.txt,0.04307,65,58
adapted_instance1054_m=3_n=25_l=15_c=10_s=0_10.txt,0.0337,62,60
adapted_instance1056_m=3_n=25_l=15_c=10_s=2_1.txt,0.054928,63,54
adapted_instance1056_m=3_n=25_l=15_c=10_s=2_2.txt,0.065978,62,54
adapted_instance1056_m=3_n=25_l=15_c=10_s=2_3.txt,0.053875,65,55
adapted_instance1056_m=3_n=25_l=15_c=10_s=2_4.txt,0.056808,61,54
adapted_instance1056_m=3_n=25_l=15_c=10_s=2_5.txt,0.045325,58,54
adapted_instance1056_m=3_n=25_l=15_c=10_s=2_6.txt,0.033269,60,57
adapted_instance1056_m=3_n=25_l=15_c=10_s=2_7.txt,0.032126,59,54
adapted_instance1056_m=3_n=25_l=15_c=10_s=2_8.txt,0.042274,61,55
adapted_instance1056_m=3_n=25_l=15_c=10_s=2_9.txt,0.042592,59,55
adapted_instance1056_m=3_n=25_l=15_c=10_s=2_10.txt,0.053422,61,56
adapted_instance1060_m=3_n=25_l=15_c=10_s=0_1.txt,0.021797,53,49
adapted_instance1060_m=3_n=25_l=15_c=10_s=0_2.txt,0.051674,57,50
adapted_instance1060_m=3_n=25_l=15_c=10_s=0_3.txt,0.021517,52,51
adapted_instance1060_m=3_n=25_l=15_c=10_s=0_4.txt,0.055274,55,49
adapted_instance1060_m=3_n=25_l=15_c=10_s=0_5.txt,0.045342,58,49
adapted_instance1060_m=3_n=25_l=15_c=10_s=0_6.txt,0.032587,53,49
adapted_instance1060_m=3_n=25_l=15_c=10_s=0_7.txt,0.055738,55,49
adapted_instance1060_m=3_n=25_l=15_c=10_s=0_8.txt,0.043031,54,49
adapted_instance1060_m=3_n=25_l=15_c=10_s=0_9.txt,0.054742,56,49
adapted_instance1060_m=3_n=25_l=15_c=10_s=0_10.txt,0.021911,53,49
adapted_instance1062_m=3_n=25_l=15_c=10_s=2_1.txt,0.033075,57,52
adapted_instance1062_m=3_n=25_l=15_c=10_s=2_2.txt,0.046444,55,52
adapted_instance1062_m=3_n=25_l=15_c=10_s=2_3.txt,0.02243,53,52
adapted_instance1062_m=3_n=25_l=15_c=10_s=2_4.txt,0.032709,57,52
adapted_instance1062_m=3_n=25_l=15_c=10_s=2_5.txt,0.022045,56,53
adapted_instance1062_m=3_n=25_l=15_c=10_s=2_6.txt,0.033902,58,52
adapted_instance1062_m=3_n=25_l=15_c=10_s=2_7.txt,0.022356,55,53
adapted_instance1062_m=3_n=25_l=15_c=10_s=2_8.txt,0.022035,54,51
adapted_instance1062_m=3_n=25_l=15_c=10_s=2_9.txt,0.044851,55,52
adapted_instance1062_m=3_n=25_l=15_c=10_s=2_10.txt,0.042545,56,51
adapted_instance1072_m=3_n=25_l=15_c=10_s=0_1.txt,0.045729,57,52
adapted_instance1072_m=3_n=25_l=15_c=10_s=0_2.txt,0.047289,58,51
adapted_instance1072_m=3_n=25_l=15_c=10_s=0_3.txt,0.05781,59,51
adapted_instance1072_m=3_n=25_l=15_c=10_s=0_4.txt,0.04419,58,51
adapted_instance1072_m=3_n=25_l=15_c=10_s=0_5.txt,0.04356,59,51
adapted_instance1072_m=3_n=25_l=15_c=10_s=0_6.txt,0.05493,58,52
adapted_instance1072_m=3_n=25_l=15_c=10_s=0_7.txt,0.053401,58,51
adapted_instance1072_m=3_n=25_l=15_c=10_s=0_8.txt,0.044769,60,51
adapted_instance1072_m=3_n=25_l=15_c=10_s=0_9.txt,0.034428,57,51
adapted_instance1072_m=3_n=25_l=15_c=10_s=0_10.txt,0.056964,61,52
adapted_instance1074_m=3_n=25_l=15_c=10_s=2_1.txt,0.036735,59,54
adapted_instance1074_m=3_n=25_l=15_c=10_s=2_2.txt,0.033441,59,54
adapted_instance1074_m=3_n=25_l=15_c=10_s=2_3.txt,0.04512,58,54
adapted_instance1074_m=3_n=25_l=15_c=10_s=2_4.txt,0.044298,59,54
adapted_instance1074_m=3_n=25_l=15_c=10_s=2_5.txt,0.054808,60,53
adapted_instance1074_m=3_n=25_l=15_c=10_s=2_6.txt,0.054863,58,53
adapted_instance1074_m=3_n=25_l=15_c=10_s=2_7.txt,0.035147,55,53
adapted_instance1074_m=3_n=25_l=15_c=10_s=2_8.txt,0.04591,61,54
adapted_instance1074_m=3_n=25_l=15_c=10_s=2_9.txt,0.043455,60,55
adapted_instance1074_m=3_n=25_l=15_c=10_s=2_10.txt,0.033406,58,54
adapted_instance1078_m=3_n=25_l=15_c=10_s=0_1.txt,0.033078,58,54
adapted_instance1078_m=3_n=25_l=15_c=10_s=0_2.txt,0.03396,58,54
adapted_instance1078_m=3_n=25_l=15_c=10_s=0_3.txt,0.033003,59,55
adapted_instance1078_m=3_n=25_l=15_c=10_s=0_4.txt,0.021969,57,54
adapted_instance1078_m=3_n=25_l=15_c=10_s=0_5.txt,0.047421,57,52
adapted_instance1078_m=3_n=25_l=15_c=10_s=0_6.txt,0.033682,56,54
adapted_instance1078_m=3_n=25_l=15_c=10_s=0_7.txt,0.032159,58,54
adapted_instance1078_m=3_n=25_l=15_c=10_s=0_8.txt,0.041324,59,54
adapted_instance1078_m=3_n=25_l=15_c=10_s=0_9.txt,0.055187,60,54
adapted_instance1078_m=3_n=25_l=15_c=10_s=0_10.txt,0.042634,60,54
adapted_instance1080_m=3_n=25_l=15_c=10_s=2_1.txt,0.043968,51,48
adapted_instance1080_m=3_n=25_l=15_c=10_s=2_2.txt,0.023417,53,50
adapted_instance1080_m=3_n=25_l=15_c=10_s=2_3.txt,0.033667,54,48
adapted_instance1080_m=3_n=25_l=15_c=10_s=2_4.txt,0.053446,57,48
adapted_instance1080_m=3_n=25_l=15_c=10_s=2_5.txt,0.042658,54,48
adapted_instance1080_m=3_n=25_l=15_c=10_s=2_6.txt,0.033846,55,49
adapted_instance1080_m=3_n=25_l=15_c=10_s=2_7.txt,0.042789,54,49
adapted_instance1080_m=3_n=25_l=15_c=10_s=2_8.txt,0.055539,54,48
adapted_instance1080_m=3_n=25_l=15_c=10_s=2_9.txt,0.054498,56,48
adapted_instance1080_m=3_n=25_l=15_c=10_s=2_10.txt,0.042992,53,48
adapted_instance1142_m=3_n=25_l=20_c=15_s=1_1.txt,0.033372,99,98
adapted_instance1142_m=3_n=25_l=20_c=15_s=1_2.txt,0.06446,104,95
adapted_instance1142_m=3_n=25_l=20_c=15_s=1_3.txt,0.099752,106,97
adapted_instance1142_m=3_n=25_l=20_c=15_s=1_4.txt,0.049435,102,97
adapted_instance1142_m=3_n=25_l=20_c=15_s=1_5.txt,0.049098,106,98
adapted_instance1142_m=3_n=25_l=20_c=15_s=1_6.txt,0.084516,108,98
adapted_instance1142_m=3_n=25_l=20_c=15_s=1_7.txt,0.051458,103,97
adapted_instance1142_m=3_n=25_l=20_c=15_s=1_8.txt,0.084954,110,96
adapted_instance1142_m=3_n=25_l=20_c=15_s=1_9.txt,0.068029,105,97
adapted_instance1142_m=3_n=25_l=20_c=15_s=1_10.txt,0.10732,107,97
adapted_instance1144_m=3_n=25_l=20_c=15_s=0_1.txt,0.082699,95,85
adapted_instance1144_m=3_n=25_l=20_c=15_s=0_2.txt,0.082837,93,87
adapted_instance1144_m=3_n=25_l=20_c=15_s=0_3.txt,0.095843,94,85
adapted_instance1144_m=3_n=25_l=20_c=15_s=0_4.txt,0.067387,95,88
adapted_instance1144_m=3_n=25_l=20_c=15_s=0_5.txt,0.068746,93,86
adapted_instance1144_m=3_n=25_l=20_c=15_s=0_6.txt,0.085432,103,88
adapted_instance1144_m=3_n=25_l=20_c=15_s=0_7.txt,0.10014,95,85
adapted_instance1144_m=3_n=25_l=20_c=15_s=0_8.txt,0.068113,95,86
adapted_instance1144_m=3_n=25_l=20_c=15_s=0_9.txt,0.080833,94,85
adapted_instance1144_m=3_n=25_l=20_c=15_s=0_10.txt,0.049193,96,87
adapted_instance1146_m=3_n=25_l=20_c=15_s=2_1.txt,0.082414,95,85
adapted_instance1146_m=3_n=25_l=20_c=15_s=2_2.txt,0.083147,98,87
adapted_instance1146_m=3_n=25_l=20_c=15_s=2_3.txt,0.065868,97,86
adapted_instance1146_m=3_n=25_l=20_c=15_s=2_4.txt,0.097492,96,86
adapted_instance1146_m=3_n=25_l=20_c=15_s=2_5.txt,0.065364,94,87
adapted_instance1146_m=3_n=25_l=20_c=15_s=2_6.txt,0.098981,99,85
adapted_instance1146_m=3_n=25_l=20_c=15_s=2_7.txt,0.104923,99,86
adapted_instance1146_m=3_n=25_l=20_c=15_s=2_8.txt,0.052006,90,86
adapted_instance1146_m=3_n=25_l=20_c=15_s=2_9.txt,0.03495,93,88
adapted_instance1146_m=3_n=25_l=20_c=15_s=2_10.txt,0.063706,93,85
adapted_instance1148_m=3_n=25_l=20_c=15_s=1_1.txt,0.086591,107,96
adapted_instance1148_m=3_n=25_l=20_c=15_s=1_2.txt,0.122288,106,95
adapted_instance1148_m=3_n=25_l=20_c=15_s=1_3.txt,0.101576,105,98
adapted_instance1148_m=3_n=25_l=20_c=15_s=1_4.txt,0.088531,104,95
adapted_instance1148_m=3_n=25_l=20_c=15_s=1_5.txt,0.088018,109,96
adapted_instance1148_m=3_n=25_l=20_c=15_s=1_6.txt,0.089981,108,97
adapted_instance1148_m=3_n=25_l=20_c=15_s=1_7.txt,0.107589,104,96
adapted_instance1148_m=3_n=25_l=20_c=15_s=1_8.txt,0.114175,109,94
adapted_instance1148_m=3_n=25_l=20_c=15_s=1_9.txt,0.121501,106,97
adapted_instance1148_m=3_n=25_l=20_c=15_s=1_10.txt,0.104729,111,98
adapted_instance1150_m=3_n=25_l=20_c=15_s=0_1.txt,0.085749,112,104
adapted_instance1150_m=3_n=25_l=20_c=15_s=0_2.txt,0.083452,117,105
adapted_instance1150_m=3_n=25_l=20_c=15_s=0_3.txt,0.098481,115,104
adapted_instance1150_m=3_n=25_l=20_c=15_s=0_4.txt,0.098081,113,103
adapted_instance1150_m=3_n=25_l=20_c=15_s=0_5.txt,0.08102,110,103
adapted_instance1150_m=3_n=25_l=20_c=15_s=0_6.txt,0.085109,116,104
adapted_instance1150_m=3_n=25_l=20_c=15_s=0_7.txt,0.064714,109,105
adapted_instance1150_m=3_n=25_l=20_c=15_s=0_8.txt,0.133134,112,103
adapted_instance1150_m=3_n=25_l=20_c=15_s=0_9.txt,0.051139,112,106
adapted_instance1150_m=3_n=25_l=20_c=15_s=0_10.txt,0.081336,113,104
adapted_instance1152_m=3_n=25_l=20_c=15_s=2_1.txt,0.109711,112,102
adapted_instance1152_m=3_n=25_l=20_c=15_s=2_2.txt,0.114242,114,102
adapted_instance1152_m=3_n=25_l=20_c=15_s=2_3.txt,0.08369,111,103
adapted_instance1152_m=3_n=25_l=20_c=15_s=2_4.txt,0.117272,115,103
adapted_instance1152_m=3_n=25_l=20_c=15_s=2_5.txt,0.065806,110,105
adapted_instance1152_m=3_n=25_l=20_c=15_s=2_6.txt,0.066841,114,105
adapted_instance1152_m=3_n=25_l=20_c=15_s=2_7.txt,0.096639,111,101
adapted_instance1152_m=3_n=25_l=20_c=15_s=2_8.txt,0.082865,115,104
adapted_instance1152_m=3_n=25_l=20_c=15_s=2_9.txt,0.080196,110,104
adapted_instance1152_m=3_n=25_l=20_c=15_s=2_10.txt,0.069789,117,106
adapted_instance1154_m=3_n=25_l=20_c=15_s=1_1.txt,0.085347,104,97
adapted_instance1154_m=3_n=25_l=20_c=15_s=1_2.txt,0.083119,103,94
adapted_instance1154_m=3_n=25_l=20_c=15_s=1_3.txt,0.083754,104,96
adapted_instance1154_m=3_n=25_l=20_c=15_s=1_4.txt,0.066266,103,96
adapted_instance1154_m=3_n=25_l=20_c=15_s=1_5.txt,0.087265,106,97
adapted_instance1154_m=3_n=25_l=20_c=15_s=1_6.txt,0.08583,112,98
adapted_instance1154_m=3_n=25_l=20_c=15_s=1_7.txt,0.064598,105,96
adapted_instance1154_m=3_n=25_l=20_c=15_s=1_8.txt,0.098,103,94
adapted_instance1154_m=3_n=25_l=20_c=15_s=1_9.txt,0.100385,108,98
adapted_instance1154_m=3_n=25_l=20_c=15_s=1_10.txt,0.048881,107,99
adapted_instance1156_m=3_n=25_l=20_c=15_s=0_1.txt,0.066273,97,87
adapted_instance1156_m=3_n=25_l=20_c=15_s=0_2.txt,0.080729,96,85
adapted_instance1156_m=3_n=25_l=20_c=15_s=0_3.txt,0.097117,96,84
adapted_instance1156_m=3_n=25_l=20_c=15_s=0_4.txt,0.117277,97,83
adapted_instance1156_m=3_n=25_l=20_c=15_s=0_5.txt,0.114062,96,82
adapted_instance1156_m=3_n=25_l=20_c=15_s=0_6.txt,0.066722,92,83
adapted_instance1156_m=3_n=25_l=20_c=15_s=0_7.txt,0.082094,95,85
adapted_instance1156_m=3_n=25_l=20_c=15_s=0_8.txt,0.068021,93,86
adapted_instance1156_m=3_n=25_l=20_c=15_s=0_9.txt,0.066795,95,87
adapted_instance1156_m=3_n=25_l=20_c=15_s=0_10.txt,0.082213,93,83
adapted_instance1158_m=3_n=25_l=20_c=15_s=2_1.txt,0.083095,90,83
adapted_instance1158_m=3_n=25_l=20_c=15_s=2_2.txt,0.099896,96,83
adapted_instance1158_m=3_n=25_l=20_c=15_s=2_3.txt,0.109236,92,82
adapted_instance1158_m=3_n=25_l=20_c=15_s=2_4.txt,0.071524,95,86
adapted_instance1158_m=3_n=25_l=20_c=15_s=2_5.txt,0.065861,92,84
adapted_instance1158_m=3_n=25_l=20_c=15_s=2_6.txt,0.06609,94,85
adapted_instance1158_m=3_n=25_l=20_c=15_s=2_7.txt,0.080004,92,82
adapted_instance1158_m=3_n=25_l=20_c=15_s=2_8.txt,0.066613,90,82
adapted_instance1158_m=3_n=25_l=20_c=15_s=2_9.txt,0.050873,89,84
adapted_instance1158_m=3_n=25_l=20_c=15_s=2_10.txt,0.084654,90,84
adapted_instance1160_m=3_n=25_l=20_c=15_s=1_1.txt,0.133904,97,84
adapted_instance1160_m=3_n=25_l=20_c=15_s=1_2.txt,0.050592,95,89
adapted_instance1160_m=3_n=25_l=20_c=15_s=1_3.txt,0.050769,94,86
adapted_instance1160_m=3_n=25_l=20_c=15_s=1_4.txt,0.03225,89,87
adapted_instance1160_m=3_n=25_l=20_c=15_s=1_5.txt,0.118048,98,84
adapted_instance1160_m=3_n=25_l=20_c=15_s=1_6.txt,0.050237,93,85
adapted_instance1160_m=3_n=25_l=20_c=15_s=1_7.txt,0.064324,92,84
adapted_instance1160_m=3_n=25_l=20_c=15_s=1_8.txt,0.13138,100,84
adapted_instance1160_m=3_n=25_l=20_c=15_s=1_9.txt,0.101805,93,85
adapted_instance1160_m=3_n=25_l=20_c=15_s=1_10.txt,0.069273,100,86
adapted_instance1162_m=3_n=25_l=20_c=15_s=0_1.txt,0.067638,110,100
adapted_instance1162_m=3_n=25_l=20_c=15_s=0_2.txt,0.120415,111,99
adapted_instance1162_m=3_n=25_l=20_c=15_s=0_3.txt,0.034092,108,104
adapted_instance1162_m=3_n=25_l=20_c=15_s=0_4.txt,0.100185,107,99
adapted_instance1162_m=3_n=25_l=20_c=15_s=0_5.txt,0.065576,109,101
adapted_instance1162_m=3_n=25_l=20_c=15_s=0_6.txt,0.099381,112,99
adapted_instance1162_m=3_n=25_l=20_c=15_s=0_7.txt,0.101145,110,100
adapted_instance1162_m=3_n=25_l=20_c=15_s=0_8.txt,0.08342,109,99
adapted_instance1162_m=3_n=25_l=20_c=15_s=0_9.txt,0.089796,113,101
adapted_instance1162_m=3_n=25_l=20_c=15_s=0_10.txt,0.082588,109,98
adapted_instance1164_m=3_n=25_l=20_c=15_s=2_1.txt,0.083735,113,101
adapted_instance1164_m=3_n=25_l=20_c=15_s=2_2.txt,0.107176,111,100
adapted_instance1164_m=3_n=25_l=20_c=15_s=2_3.txt,0.099198,110,103
adapted_instance1164_m=3_n=25_l=20_c=15_s=2_4.txt,0.082973,111,100
adapted_instance1164_m=3_n=25_l=20_c=15_s=2_5.txt,0.085362,110,102
adapted_instance1164_m=3_n=25_l=20_c=15_s=2_6.txt,0.115349,112,101
adapted_instance1164_m=3_n=25_l=20_c=15_s=2_7.txt,0.08224,112,100
adapted_instance1164_m=3_n=25_l=20_c=15_s=2_8.txt,0.101539,110,99
adapted_instance1164_m=3_n=25_l=20_c=15_s=2_9.txt,0.066608,113,102
adapted_instance1164_m=3_n=25_l=20_c=15_s=2_10.txt,0.11783,111,100
adapted_instance1166_m=3_n=25_l=20_c=15_s=1_1.txt,0.068811,96,86
adapted_instance1166_m=3_n=25_l=20_c=15_s=1_2.txt,0.062908,99,88
adapted_instance1166_m=3_n=25_l=20_c=15_s=1_3.txt,0.063858,94,88
adapted_instance1166_m=3_n=25_l=20_c=15_s=1_4.txt,0.048718,95,88
adapted_instance1166_m=3_n=25_l=20_c=15_s=1_5.txt,0.082348,92,84
adapted_instance1166_m=3_n=25_l=20_c=15_s=1_6.txt,0.114753,97,84
adapted_instance1166_m=3_n=25_l=20_c=15_s=1_7.txt,0.082363,96,88
adapted_instance1166_m=3_n=25_l=20_c=15_s=1_8.txt,0.064576,95,88
adapted_instance1166_m=3_n=25_l=20_c=15_s=1_9.txt,0.065874,98,90
adapted_instance1166_m=3_n=25_l=20_c=15_s=1_10.txt,0.08289,96,85
adapted_instance1168_m=3_n=25_l=20_c=15_s=0_1.txt,0.096409,94,77
adapted_instance1168_m=3_n=25_l=20_c=15_s=0_2.txt,0.066573,93,80
adapted_instance1168_m=3_n=25_l=20_c=15_s=0_3.txt,0.09348,88,79
adapted_instance1168_m=3_n=25_l=20_c=15_s=0_4.txt,0.12633,89,75
adapted_instance1168_m=3_n=25_l=20_c=15_s=0_5.txt,0.051229,86,78
adapted_instance1168_m=3_n=25_l=20_c=15_s=0_6.txt,0.101582,87,77
adapted_instance1168_m=3_n=25_l=20_c=15_s=0_7.txt,0.098493,92,79
adapted_instance1168_m=3_n=25_l=20_c=15_s=0_8.txt,0.079023,87,77
adapted_instance1168_m=3_n=25_l=20_c=15_s=0_9.txt,0.096135,90,79
adapted_instance1168_m=3_n=25_l=20_c=15_s=0_10.txt,0.082009,91,79
adapted_instance1170_m=3_n=25_l=20_c=15_s=2_1.txt,0.079319,92,82
adapted_instance1170_m=3_n=25_l=20_c=15_s=2_2.txt,0.051813,89,86
adapted_instance1170_m=3_n=25_l=20_c=15_s=2_3.txt,0.093011,94,84
adapted_instance1170_m=3_n=25_l=20_c=15_s=2_4.txt,0.070876,92,86
adapted_instance1170_m=3_n=25_l=20_c=15_s=2_5.txt,0.032223,92,87
adapted_instance1170_m=3_n=25_l=20_c=15_s=2_6.txt,0.065987,94,84
adapted_instance1170_m=3_n=25_l=20_c=15_s=2_7.txt,0.127504,93,81
adapted_instance1170_m=3_n=25_l=20_c=15_s=2_8.txt,0.097505,91,81
adapted_instance1170_m=3_n=25_l=20_c=15_s=2_9.txt,0.082786,94,85
adapted_instance1170_m=3_n=25_l=20_c=15_s=2_10.txt,0.047888,91,86
adapted_instance1172_m=3_n=25_l=20_c=15_s=1_1.txt,0.059135,81,73
adapted_instance1172_m=3_n=25_l=20_c=15_s=1_2.txt,0.075477,82,72
adapted_instance1172_m=3_n=25_l=20_c=15_s=1_3.txt,0.062132,81,73
adapted_instance1172_m=3_n=25_l=20_c=15_s=1_4.txt,0.030996,78,76
adapted_instance1172_m=3_n=25_l=20_c=15_s=1_5.txt,0.058359,83,71
adapted_instance1172_m=3_n=25_l=20_c=15_s=1_6.txt,0.092793,83,71
adapted_instance1172_m=3_n=25_l=20_c=15_s=1_7.txt,0.075745,82,72
adapted_instance1172_m=3_n=25_l=20_c=15_s=1_8.txt,0.04507,79,74
adapted_instance1172_m=3_n=25_l=20_c=15_s=1_9.txt,0.045367,79,73
adapted_instance1172_m=3_n=25_l=20_c=15_s=1_10.txt,0.079787,82,72
adapted_instance1174_m=3_n=25_l=20_c=15_s=0_1.txt,0.107909,94,82
adapted_instance1174_m=3_n=25_l=20_c=15_s=0_2.txt,0.124995,95,81
adapted_instance1174_m=3_n=25_l=20_c=15_s=0_3.txt,0.089952,90,81
adapted_instance1174_m=3_n=25_l=20_c=15_s=0_4.txt,0.10765,95,82
adapted_instance1174_m=3_n=25_l=20_c=15_s=0_5.txt,0.073897,93,83
adapted_instance1174_m=3_n=25_l=20_c=15_s=0_6.txt,0.106716,95,82
adapted_instance1174_m=3_n=25_l=20_c=15_s=0_7.txt,0.090187,88,83
adapted_instance1174_m=3_n=25_l=20_c=15_s=0_8.txt,0.106945,96,82
adapted_instance1174_m=3_n=25_l=20_c=15_s=0_9.txt,0.104375,89,81
adapted_instance1174_m=3_n=25_l=20_c=15_s=0_10.txt,0.102172,92,83
adapted_instance1176_m=3_n=25_l=20_c=15_s=2_1.txt,0.058584,91,82
adapted_instance1176_m=3_n=25_l=20_c=15_s=2_2.txt,0.076566,94,83
adapted_instance1176_m=3_n=25_l=20_c=15_s=2_3.txt,0.062919,87,83
adapted_instance1176_m=3_n=25_l=20_c=15_s=2_4.txt,0.062066,92,83
adapted_instance1176_m=3_n=25_l=20_c=15_s=2_5.txt,0.077732,88,82
adapted_instance1176_m=3_n=25_l=20_c=15_s=2_6.txt,0.08905,90,80
adapted_instance1176_m=3_n=25_l=20_c=15_s=2_7.txt,0.116262,89,80
adapted_instance1176_m=3_n=25_l=20_c=15_s=2_8.txt,0.063035,87,82
adapted_instance1176_m=3_n=25_l=20_c=15_s=2_9.txt,0.06878,90,81
adapted_instance1176_m=3_n=25_l=20_c=15_s=2_10.txt,0.07735,91,81
adapted_instance1178_m=3_n=25_l=20_c=15_s=1_1.txt,0.061619,82,75
adapted_instance1178_m=3_n=25_l=20_c=15_s=1_2.txt,0.06066,81,75
adapted_instance1178_m=3_n=25_l=20_c=15_s=1_3.txt,0.04559,83,75
adapted_instance1178_m=3_n=25_l=20_c=15_s=1_4.txt,0.074356,82,74
adapted_instance1178_m=3_n=25_l=20_c=15_s=1_5.txt,0.07675,83,74
adapted_instance1178_m=3_n=25_l=20_c=15_s=1_6.txt,0.079359,79,73
adapted_instance1178_m=3_n=25_l=20_c=15_s=1_7.txt,0.073384,82,73
adapted_instance1178_m=3_n=25_l=20_c=15_s=1_8.txt,0.059904,83,75
adapted_instance1178_m=3_n=25_l=20_c=15_s=1_9.txt,0.07596,83,74
adapted_instance1178_m=3_n=25_l=20_c=15_s=1_10.txt,0.06002,80,73
adapted_instance1180_m=3_n=25_l=20_c=15_s=0_1.txt,0.062738,90,84
adapted_instance1180_m=3_n=25_l=20_c=15_s=0_2.txt,0.044235,92,85
adapted_instance1180_m=3_n=25_l=20_c=15_s=0_3.txt,0.061043,96,85
adapted_instance1180_m=3_n=25_l=20_c=15_s=0_4.txt,0.072126,89,84
adapted_instance1180_m=3_n=25_l=20_c=15_s=0_5.txt,0.06,93,85
adapted_instance1180_m=3_n=25_l=20_c=15_s=0_6.txt,0.060118,89,84
adapted_instance1180_m=3_n=25_l=20_c=15_s=0_7.txt,0.075834,90,83
adapted_instance1180_m=3_n=25_l=20_c=15_s=0_8.txt,0.059634,90,84
adapted_instance1180_m=3_n=25_l=20_c=15_s=0_9.txt,0.090028,91,85
adapted_instance1180_m=3_n=25_l=20_c=15_s=0_10.txt,0.060757,95,85
adapted_instance1182_m=3_n=25_l=20_c=15_s=2_1.txt,0.061252,88,80
adapted_instance1182_m=3_n=25_l=20_c=15_s=2_2.txt,0.044776,86,82
adapted_instance1182_m=3_n=25_l=20_c=15_s=2_3.txt,0.075872,87,79
adapted_instance1182_m=3_n=25_l=20_c=15_s=2_4.txt,0.089327,94,81
adapted_instance1182_m=3_n=25_l=20_c=15_s=2_5.txt,0.075456,88,80
adapted_instance1182_m=3_n=25_l=20_c=15_s=2_6.txt,0.086271,92,79
adapted_instance1182_m=3_n=25_l=20_c=15_s=2_7.txt,0.075729,90,82
adapted_instance1182_m=3_n=25_l=20_c=15_s=2_8.txt,0.045597,89,83
adapted_instance1182_m=3_n=25_l=20_c=15_s=2_9.txt,0.074026,91,82
adapted_instance1182_m=3_n=25_l=20_c=15_s=2_10.txt,0.045305,86,80
adapted_instance1184_m=3_n=25_l=20_c=15_s=1_1.txt,0.060265,75,69
adapted_instance1184_m=3_n=25_l=20_c=15_s=1_2.txt,0.059519,74,69
adapted_instance1184_m=3_n=25_l=20_c=15_s=1_3.txt,0.072107,75,69
adapted_instance1184_m=3_n=25_l=20_c=15_s=1_4.txt,0.03177,78,71
adapted_instance1184_m=3_n=25_l=20_c=15_s=1_5.txt,0.089345,77,68
adapted_instance1184_m=3_n=25_l=20_c=15_s=1_6.txt,0.057433,75,68
adapted_instance1184_m=3_n=25_l=20_c=15_s=1_7.txt,0.029512,74,69
adapted_instance1184_m=3_n=25_l=20_c=15_s=1_8.txt,0.075086,78,69
adapted_instance1184_m=3_n=25_l=20_c=15_s=1_9.txt,0.075994,78,69
adapted_instance1184_m=3_n=25_l=20_c=15_s=1_10.txt,0.062426,75,68
adapted_instance1186_m=3_n=25_l=20_c=15_s=0_1.txt,0.090064,83,75
adapted_instance1186_m=3_n=25_l=20_c=15_s=0_2.txt,0.058379,82,74
adapted_instance1186_m=3_n=25_l=20_c=15_s=0_3.txt,0.074818,84,75
adapted_instance1186_m=3_n=25_l=20_c=15_s=0_4.txt,0.077236,82,75
adapted_instance1186_m=3_n=25_l=20_c=15_s=0_5.txt,0.102851,85,73
adapted_instance1186_m=3_n=25_l=20_c=15_s=0_6.txt,0.044245,79,76
adapted_instance1186_m=3_n=25_l=20_c=15_s=0_7.txt,0.096339,86,76
adapted_instance1186_m=3_n=25_l=20_c=15_s=0_8.txt,0.059239,82,75
adapted_instance1186_m=3_n=25_l=20_c=15_s=0_9.txt,0.063452,84,75
adapted_instance1186_m=3_n=25_l=20_c=15_s=0_10.txt,0.063878,85,77
adapted_instance1188_m=3_n=25_l=20_c=15_s=2_1.txt,0.045101,84,76
adapted_instance1188_m=3_n=25_l=20_c=15_s=2_2.txt,0.061046,82,75
adapted_instance1188_m=3_n=25_l=20_c=15_s=2_3.txt,0.077366,86,76
adapted_instance1188_m=3_n=25_l=20_c=15_s=2_4.txt,0.080561,85,76
adapted_instance1188_m=3_n=25_l=20_c=15_s=2_5.txt,0.04534,83,78
adapted_instance1188_m=3_n=25_l=20_c=15_s=2_6.txt,0.047759,88,79
adapted_instance1188_m=3_n=25_l=20_c=15_s=2_7.txt,0.046951,82,78
adapted_instance1188_m=3_n=25_l=20_c=15_s=2_8.txt,0.059098,87,78
adapted_instance1188_m=3_n=25_l=20_c=15_s=2_9.txt,0.061895,82,78
adapted_instance1188_m=3_n=25_l=20_c=15_s=2_10.txt,0.046069,84,76
adapted_instance1190_m=3_n=25_l=20_c=15_s=1_1.txt,0.044241,78,73
adapted_instance1190_m=3_n=25_l=20_c=15_s=1_2.txt,0.030053,76,72
adapted_instance1190_m=3_n=25_l=20_c=15_s=1_3.txt,0.072175,79,72
adapted_instance1190_m=3_n=25_l=20_c=15_s=1_4.txt,0.076259,80,71
adapted_instance1190_m=3_n=25_l=20_c=15_s=1_5.txt,0.047727,77,72
adapted_instance1190_m=3_n=25_l=20_c=15_s=1_6.txt,0.044062,78,73
adapted_instance1190_m=3_n=25_l=20_c=15_s=1_7.txt,0.048873,80,73
adapted_instance1190_m=3_n=25_l=20_c=15_s=1_8.txt,0.067664,80,73
adapted_instance1190_m=3_n=25_l=20_c=15_s=1_9.txt,0.07776,81,71
adapted_instance1190_m=3_n=25_l=20_c=15_s=1_10.txt,0.074038,77,71
adapted_instance1202_m=4_n=25_l=15_c=10_s=1_1.txt,0.05661,69,61
adapted_instance1202_m=4_n=25_l=15_c=10_s=1_2.txt,0.046819,66,61
adapted_instance1202_m=4_n=25_l=15_c=10_s=1_3.txt,0.043981,66,61
adapted_instance1202_m=4_n=25_l=15_c=10_s=1_4.txt,0.04446,66,61
adapted_instance1202_m=4_n=25_l=15_c=10_s=1_5.txt,0.036373,67,61
adapted_instance1202_m=4_n=25_l=15_c=10_s=1_6.txt,0.036116,67,62
adapted_instance1202_m=4_n=25_l=15_c=10_s=1_7.txt,0.033481,67,62
adapted_instance1202_m=4_n=25_l=15_c=10_s=1_8.txt,0.037142,69,62
adapted_instance1202_m=4_n=25_l=15_c=10_s=1_9.txt,0.034243,66,62
adapted_instance1202_m=4_n=25_l=15_c=10_s=1_10.txt,0.034182,64,61
adapted_instance1204_m=4_n=25_l=15_c=10_s=0_1.txt,0.0344,54,51
adapted_instance1204_m=4_n=25_l=15_c=10_s=0_2.txt,0.022543,56,52
adapted_instance1204_m=4_n=25_l=15_c=10_s=0_3.txt,0.046261,57,50
adapted_instance1204_m=4_n=25_l=15_c=10_s=0_4.txt,0.066619,62,50
adapted_instance1204_m=4_n=25_l=15_c=10_s=0_5.txt,0.033919,55,51
adapted_instance1204_m=4_n=25_l=15_c=10_s=0_6.txt,0.033659,58,52
adapted_instance1204_m=4_n=25_l=15_c=10_s=0_7.txt,0.05653,57,50
adapted_instance1204_m=4_n=25_l=15_c=10_s=0_8.txt,0.034045,58,51
adapted_instance1204_m=4_n=25_l=15_c=10_s=0_9.txt,0.034998,59,52
adapted_instance1204_m=4_n=25_l=15_c=10_s=0_10.txt,0.022531,58,53
adapted_instance1206_m=4_n=25_l=15_c=10_s=2_1.txt,0.04791,55,51
adapted_instance1206_m=4_n=25_l=15_c=10_s=2_2.txt,0.056313,56,50
adapted_instance1206_m=4_n=25_l=15_c=10_s=2_3.txt,0.0452,56,49
adapted_instance1206_m=4_n=25_l=15_c=10_s=2_4.txt,0.04453,55,51
adapted_instance1206_m=4_n=25_l=15_c=10_s=2_5.txt,0.02198,59,52
adapted_instance1206_m=4_n=25_l=15_c=10_s=2_6.txt,0.05598,57,50
adapted_instance1206_m=4_n=25_l=15_c=10_s=2_7.txt,0.056657,56,50
adapted_instance1206_m=4_n=25_l=15_c=10_s=2_8.txt,0.034279,59,53
adapted_instance1206_m=4_n=25_l=15_c=10_s=2_9.txt,0.023111,57,51
adapted_instance1206_m=4_n=25_l=15_c=10_s=2_10.txt,0.03266,52,50
adapted_instance1208_m=4_n=25_l=15_c=10_s=1_1.txt,0.043714,58,52
adapted_instance1208_m=4_n=25_l=15_c=10_s=1_2.txt,0.033316,58,52
adapted_instance1208_m=4_n=25_l=15_c=10_s=1_3.txt,0.033115,57,51
adapted_instance1208_m=4_n=25_l=15_c=10_s=1_4.txt,0.033839,60,53
adapted_instance1208_m=4_n=25_l=15_c=10_s=1_5.txt,0.045015,58,52
adapted_instance1208_m=4_n=25_l=15_c=10_s=1_6.txt,0.054951,58,50
adapted_instance1208_m=4_n=25_l=15_c=10_s=1_7.txt,0.070505,58,50
adapted_instance1208_m=4_n=25_l=15_c=10_s=1_8.txt,0.046643,57,52
adapted_instance1208_m=4_n=25_l=15_c=10_s=1_9.txt,0.044212,58,52
adapted_instance1208_m=4_n=25_l=15_c=10_s=1_10.txt,0.043733,59,52
adapted_instance1210_m=4_n=25_l=15_c=10_s=0_1.txt,0.032232,64,59
adapted_instance1210_m=4_n=25_l=15_c=10_s=0_2.txt,0.045985,65,58
adapted_instance1210_m=4_n=25_l=15_c=10_s=0_3.txt,0.036736,64,59
adapted_instance1210_m=4_n=25_l=15_c=10_s=0_4.txt,0.046849,63,58
adapted_instance1210_m=4_n=25_l=15_c=10_s=0_5.txt,0.045861,63,59
adapted_instance1210_m=4_n=25_l=15_c=10_s=0_6.txt,0.036405,65,58
adapted_instance1210_m=4_n=25_l=15_c=10_s=0_7.txt,0.033487,64,59
adapted_instance1210_m=4_n=25_l=15_c=10_s=0_8.txt,0.055054,64,58
adapted_instance1210_m=4_n=25_l=15_c=10_s=0_9.txt,0.046059,65,59
adapted_instance1210_m=4_n=25_l=15_c=10_s=0_10.txt,0.045387,63,58
adapted_instance1212_m=4_n=25_l=15_c=10_s=2_1.txt,0.034303,68,64
adapted_instance1212_m=4_n=25_l=15_c=10_s=2_2.txt,0.048368,66,62
adapted_instance1212_m=4_n=25_l=15_c=10_s=2_3.txt,0.033946,68,63
adapted_instance1212_m=4_n=25_l=15_c=10_s=2_4.txt,0.045312,68,64
adapted_instance1212_m=4_n=25_l=15_c=10_s=2_5.txt,0.055189,72,63
adapted_instance1212_m=4_n=25_l=15_c=10_s=2_6.txt,0.038016,71,63
adapted_instance1212_m=4_n=25_l=15_c=10_s=2_7.txt,0.067682,71,63
adapted_instance1212_m=4_n=25_l=15_c=10_s=2_8.txt,0.06986,72,63
adapted_instance1212_m=4_n=25_l=15_c=10_s=2_9.txt,0.043632,70,64
adapted_instance1212_m=4_n=25_l=15_c=10_s=2_10.txt,0.032897,71,63
adapted_instance1214_m=4_n=25_l=15_c=10_s=1_1.txt,0.033647,57,53
adapted_instance1214_m=4_n=25_l=15_c=10_s=1_2.txt,0.046013,58,53
adapted_instance1214_m=4_n=25_l=15_c=10_s=1_3.txt,0.048448,56,53
adapted_instance1214_m=4_n=25_l=15_c=10_s=1_4.txt,0.045666,56,53
adapted_instance1214_m=4_n=25_l=15_c=10_s=1_5.txt,0.055191,57,53
adapted_instance1214_m=4_n=25_l=15_c=10_s=1_6.txt,0.043929,58,53
adapted_instance1214_m=4_n=25_l=15_c=10_s=1_7.txt,0.058719,60,53
adapted_instance1214_m=4_n=25_l=15_c=10_s=1_8.txt,0.040906,59,54
adapted_instance1214_m=4_n=25_l=15_c=10_s=1_9.txt,0.0355,57,53
adapted_instance1214_m=4_n=25_l=15_c=10_s=1_10.txt,0.047283,57,53
adapted_instance1216_m=4_n=25_l=15_c=10_s=0_1.txt,0.046237,56,51
adapted_instance1216_m=4_n=25_l=15_c=10_s=0_2.txt,0.072565,61,48
adapted_instance1216_m=4_n=25_l=15_c=10_s=0_3.txt,0.03379,55,51
adapted_instance1216_m=4_n=25_l=15_c=10_s=0_4.txt,0.057071,56,48
adapted_instance1216_m=4_n=25_l=15_c=10_s=0_5.txt,0.03343,51,49
adapted_instance1216_m=4_n=25_l=15_c=10_s=0_6.txt,0.045452,55,49
adapted_instance1216_m=4_n=25_l=15_c=10_s=0_7.txt,0.055311,57,47
adapted_instance1216_m=4_n=25_l=15_c=10_s=0_8.txt,0.032988,53,50
adapted_instance1216_m=4_n=25_l=15_c=10_s=0_9.txt,0.044893,58,50
adapted_instance1216_m=4_n=25_l=15_c=10_s=0_10.txt,0.043915,56,49
adapted_instance1218_m=4_n=25_l=15_c=10_s=2_1.txt,0.033063,53,47
adapted_instance1218_m=4_n=25_l=15_c=10_s=2_2.txt,0.055283,55,47
adapted_instance1218_m=4_n=25_l=15_c=10_s=2_3.txt,0.03385,53,48
adapted_instance1218_m=4_n=25_l=15_c=10_s=2_4.txt,0.045096,57,48
adapted_instance1218_m=4_n=25_l=15_c=10_s=2_5.txt,0.04398,58,48
adapted_instance1218_m=4_n=25_l=15_c=10_s=2_6.txt,0.033991,54,49
adapted_instance1218_m=4_n=25_l=15_c=10_s=2_7.txt,0.045237,56,49
adapted_instance1218_m=4_n=25_l=15_c=10_s=2_8.txt,0.048656,54,47
adapted_instance1218_m=4_n=25_l=15_c=10_s=2_9.txt,0.035723,52,48
adapted_instance1218_m=4_n=25_l=15_c=10_s=2_10.txt,0.035854,56,51
adapted_instance1220_m=4_n=25_l=15_c=10_s=1_1.txt,0.04783,56,49
adapted_instance1220_m=4_n=25_l=15_c=10_s=1_2.txt,0.025144,54,51
adapted_instance1220_m=4_n=25_l=15_c=10_s=1_3.txt,0.045512,53,50
adapted_instance1220_m=4_n=25_l=15_c=10_s=1_4.txt,0.054489,59,51
adapted_instance1220_m=4_n=25_l=15_c=10_s=1_5.txt,0.033417,54,51
adapted_instance1220_m=4_n=25_l=15_c=10_s=1_6.txt,0.057611,57,50
adapted_instance1220_m=4_n=25_l=15_c=10_s=1_7.txt,0.033824,57,52
adapted_instance1220_m=4_n=25_l=15_c=10_s=1_8.txt,0.023685,53,50
adapted_instance1220_m=4_n=25_l=15_c=10_s=1_9.txt,0.034175,57,52
adapted_instance1220_m=4_n=25_l=15_c=10_s=1_10.txt,0.023018,58,52
adapted_instance1222_m=4_n=25_l=15_c=10_s=0_1.txt,0.032634,54,50
adapted_instance1222_m=4_n=25_l=15_c=10_s=0_2.txt,0.033159,52,49
adapted_instance1222_m=4_n=25_l=15_c=10_s=0_3.txt,0.06595,60,47
adapted_instance1222_m=4_n=25_l=15_c=10_s=0_4.txt,0.045135,56,49
adapted_instance1222_m=4_n=25_l=15_c=10_s=0_5.txt,0.032614,55,49
adapted_instance1222_m=4_n=25_l=15_c=10_s=0_6.txt,0.039032,52,50
adapted_instance1222_m=4_n=25_l=15_c=10_s=0_7.txt,0.034456,57,51
adapted_instance1222_m=4_n=25_l=15_c=10_s=0_8.txt,0.034141,53,49
adapted_instance1222_m=4_n=25_l=15_c=10_s=0_9.txt,0.033626,52,49
adapted_instance1222_m=4_n=25_l=15_c=10_s=0_10.txt,0.032713,53,49
adapted_instance1224_m=4_n=25_l=15_c=10_s=2_1.txt,0.021801,50,47
adapted_instance1224_m=4_n=25_l=15_c=10_s=2_2.txt,0.021988,52,49
adapted_instance1224_m=4_n=25_l=15_c=10_s=2_3.txt,0.032483,53,47
adapted_instance1224_m=4_n=25_l=15_c=10_s=2_4.txt,0.032447,51,47
adapted_instance1224_m=4_n=25_l=15_c=10_s=2_5.txt,0.032971,50,47
adapted_instance1224_m=4_n=25_l=15_c=10_s=2_6.txt,0.023557,52,49
adapted_instance1224_m=4_n=25_l=15_c=10_s=2_7.txt,0.033378,53,46
adapted_instance1224_m=4_n=25_l=15_c=10_s=2_8.txt,0.03368,53,47
adapted_instance1224_m=4_n=25_l=15_c=10_s=2_9.txt,0.046351,56,48
adapted_instance1224_m=4_n=25_l=15_c=10_s=2_10.txt,0.044527,53,47
adapted_instance1226_m=4_n=25_l=15_c=10_s=1_1.txt,0.044417,51,47
adapted_instance1226_m=4_n=25_l=15_c=10_s=1_2.txt,0.021959,48,47
adapted_instance1226_m=4_n=25_l=15_c=10_s=1_3.txt,0.045595,55,48
adapted_instance1226_m=4_n=25_l=15_c=10_s=1_4.txt,0.053398,54,46
adapted_instance1226_m=4_n=25_l=15_c=10_s=1_5.txt,0.022709,52,48
adapted_instance1226_m=4_n=25_l=15_c=10_s=1_6.txt,0.021817,49,48
adapted_instance1226_m=4_n=25_l=15_c=10_s=1_7.txt,0.032459,53,47
adapted_instance1226_m=4_n=25_l=15_c=10_s=1_8.txt,0.044009,50,46
adapted_instance1226_m=4_n=25_l=15_c=10_s=1_9.txt,0.033422,50,48
adapted_instance1226_m=4_n=25_l=15_c=10_s=1_10.txt,0.055626,53,46
adapted_instance1228_m=4_n=25_l=15_c=10_s=0_1.txt,0.03441,59,54
adapted_instance1228_m=4_n=25_l=15_c=10_s=0_2.txt,0.02272,57,55
adapted_instance1228_m=4_n=25_l=15_c=10_s=0_3.txt,0.045685,58,54
adapted_instance1228_m=4_n=25_l=15_c=10_s=0_4.txt,0.03294,60,56
adapted_instance1228_m=4_n=25_l=15_c=10_s=0_5.txt,0.055962,62,54
adapted_instance1228_m=4_n=25_l=15_c=10_s=0_6.txt,0.056064,59,54
adapted_instance1228_m=4_n=25_l=15_c=10_s=0_7.txt,0.034881,60,56
adapted_instance1228_m=4_n=25_l=15_c=10_s=0_8.txt,0.033007,61,54
adapted_instance1228_m=4_n=25_l=15_c=10_s=0_9.txt,0.045625,59,54
adapted_instance1228_m=4_n=25_l=15_c=10_s=0_10.txt,0.056318,60,54
adapted_instance1230_m=4_n=25_l=15_c=10_s=2_1.txt,0.05509,57,50
adapted_instance1230_m=4_n=25_l=15_c=10_s=2_2.txt,0.044857,59,51
adapted_instance1230_m=4_n=25_l=15_c=10_s=2_3.txt,0.033051,57,51
adapted_instance1230_m=4_n=25_l=15_c=10_s=2_4.txt,0.022739,55,52
adapted_instance1230_m=4_n=25_l=15_c=10_s=2_5.txt,0.043944,57,51
adapted_instance1230_m=4_n=25_l=15_c=10_s=2_6.txt,0.056208,60,52
adapted_instance1230_m=4_n=25_l=15_c=10_s=2_7.txt,0.044267,57,52
adapted_instance1230_m=4_n=25_l=15_c=10_s=2_8.txt,0.023063,57,53
adapted_instance1230_m=4_n=25_l=15_c=10_s=2_9.txt,0.046819,58,51
adapted_instance1230_m=4_n=25_l=15_c=10_s=2_10.txt,0.033515,57,52
adapted_instance1232_m=4_n=25_l=15_c=10_s=1_1.txt,0.032479,50,44
adapted_instance1232_m=4_n=25_l=15_c=10_s=1_2.txt,0.033158,49,45
adapted_instance1232_m=4_n=25_l=15_c=10_s=1_3.txt,0.042803,49,44
adapted_instance1232_m=4_n=25_l=15_c=10_s=1_4.txt,0.043134,50,44
adapted_instance1232_m=4_n=25_l=15_c=10_s=1_5.txt,0.043258,50,44
adapted_instance1232_m=4_n=25_l=15_c=10_s=1_6.txt,0.031977,51,44
adapted_instance1232_m=4_n=25_l=15_c=10_s=1_7.txt,0.032986,49,44
adapted_instance1232_m=4_n=25_l=15_c=10_s=1_8.txt,0.043381,48,44
adapted_instance1232_m=4_n=25_l=15_c=10_s=1_9.txt,0.033189,50,45
adapted_instance1232_m=4_n=25_l=15_c=10_s=1_10.txt,0.043417,50,44
adapted_instance1234_m=4_n=25_l=15_c=10_s=0_1.txt,0.054753,60,53
adapted_instance1234_m=4_n=25_l=15_c=10_s=0_2.txt,0.011507,53,53
adapted_instance1234_m=4_n=25_l=15_c=10_s=0_3.txt,0.042523,57,52
adapted_instance1234_m=4_n=25_l=15_c=10_s=0_4.txt,0.032379,59,53
adapted_instance1234_m=4_n=25_l=15_c=10_s=0_5.txt,0.055038,59,52
adapted_instance1234_m=4_n=25_l=15_c=10_s=0_6.txt,0.032819,57,53
adapted_instance1234_m=4_n=25_l=15_c=10_s=0_7.txt,0.021802,57,53
adapted_instance1234_m=4_n=25_l=15_c=10_s=0_8.txt,0.031527,57,53
adapted_instance1234_m=4_n=25_l=15_c=10_s=0_9.txt,0.047061,58,53
adapted_instance1234_m=4_n=25_l=15_c=10_s=0_10.txt,0.021967,57,54
adapted_instance1236_m=4_n=25_l=15_c=10_s=2_1.txt,0.035009,56,49
adapted_instance1236_m=4_n=25_l=15_c=10_s=2_2.txt,0.040594,51,49
adapted_instance1236_m=4_n=25_l=15_c=10_s=2_3.txt,0.028104,52,49
adapted_instance1236_m=4_n=25_l=15_c=10_s=2_4.txt,0.069493,54,49
adapted_instance1236_m=4_n=25_l=15_c=10_s=2_5.txt,0.033057,52,50
adapted_instance1236_m=4_n=25_l=15_c=10_s=2_6.txt,0.022651,55,51
adapted_instance1236_m=4_n=25_l=15_c=10_s=2_7.txt,0.032603,53,49
adapted_instance1236_m=4_n=25_l=15_c=10_s=2_8.txt,0.044478,55,50
adapted_instance1236_m=4_n=25_l=15_c=10_s=2_9.txt,0.031987,54,50
adapted_instance1236_m=4_n=25_l=15_c=10_s=2_10.txt,0.042771,54,50
adapted_instance1238_m=4_n=25_l=15_c=10_s=1_1.txt,0.032782,58,50
adapted_instance1238_m=4_n=25_l=15_c=10_s=1_2.txt,0.043524,56,51
adapted_instance1238_m=4_n=25_l=15_c=10_s=1_3.txt,0.058253,54,50
adapted_instance1238_m=4_n=25_l=15_c=10_s=1_4.txt,0.057136,56,50
adapted_instance1238_m=4_n=25_l=15_c=10_s=1_5.txt,0.043909,56,51
adapted_instance1238_m=4_n=25_l=15_c=10_s=1_6.txt,0.022197,53,52
adapted_instance1238_m=4_n=25_l=15_c=10_s=1_7.txt,0.044725,57,52
adapted_instance1238_m=4_n=25_l=15_c=10_s=1_8.txt,0.043555,56,51
adapted_instance1238_m=4_n=25_l=15_c=10_s=1_9.txt,0.031981,56,50
adapted_instance1238_m=4_n=25_l=15_c=10_s=1_10.txt,0.033341,54,51
adapted_instance1284_m=4_n=25_l=15_c=10_s=2_1.txt,0.033989,73,67
adapted_instance1284_m=4_n=25_l=15_c=10_s=2_2.txt,0.034601,70,66
adapted_instance1284_m=4_n=25_l=15_c=10_s=2_3.txt,0.044389,69,65
adapted_instance1284_m=4_n=25_l=15_c=10_s=2_4.txt,0.043727,69,65
adapted_instance1284_m=4_n=25_l=15_c=10_s=2_5.txt,0.033997,72,67
adapted_instance1284_m=4_n=25_l=15_c=10_s=2_6.txt,0.048203,70,66
adapted_instance1284_m=4_n=25_l=15_c=10_s=2_7.txt,0.046266,70,66
adapted_instance1284_m=4_n=25_l=15_c=10_s=2_8.txt,0.054957,74,65
adapted_instance1284_m=4_n=25_l=15_c=10_s=2_9.txt,0.035819,71,67
adapted_instance1284_m=4_n=25_l=15_c=10_s=2_10.txt,0.035796,70,67
adapted_instance1286_m=4_n=25_l=15_c=10_s=1_1.txt,0.033959,73,67
adapted_instance1286_m=4_n=25_l=15_c=10_s=1_2.txt,0.047253,71,66
adapted_instance1286_m=4_n=25_l=15_c=10_s=1_3.txt,0.04541,71,66
adapted_instance1286_m=4_n=25_l=15_c=10_s=1_4.txt,0.033795,69,66
adapted_instance1286_m=4_n=25_l=15_c=10_s=1_5.txt,0.034905,71,66
adapted_instance1286_m=4_n=25_l=15_c=10_s=1_6.txt,0.032744,69,66
adapted_instance1286_m=4_n=25_l=15_c=10_s=1_7.txt,0.023618,71,67
adapted_instance1286_m=4_n=25_l=15_c=10_s=1_8.txt,0.025132,70,67
adapted_instance1286_m=4_n=25_l=15_c=10_s=1_9.txt,0.035847,69,66
adapted_instance1286_m=4_n=25_l=15_c=10_s=1_10.txt,0.034717,71,67
adapted_instance1288_m=4_n=25_l=15_c=10_s=0_1.txt,0.035314,62,58
adapted_instance1288_m=4_n=25_l=15_c=10_s=0_2.txt,0.034998,61,58
adapted_instance1288_m=4_n=25_l=15_c=10_s=0_3.txt,0.034748,64,58
adapted_instance1288_m=4_n=25_l=15_c=10_s=0_4.txt,0.022399,62,59
adapted_instance1288_m=4_n=25_l=15_c=10_s=0_5.txt,0.034255,61,57
adapted_instance1288_m=4_n=25_l=15_c=10_s=0_6.txt,0.021359,60,58
adapted_instance1288_m=4_n=25_l=15_c=10_s=0_7.txt,0.034681,61,58
adapted_instance1288_m=4_n=25_l=15_c=10_s=0_8.txt,0.045437,61,57
adapted_instance1288_m=4_n=25_l=15_c=10_s=0_9.txt,0.035386,63,58
adapted_instance1288_m=4_n=25_l=15_c=10_s=0_10.txt,0.034101,65,59
adapted_instance1290_m=4_n=25_l=15_c=10_s=2_1.txt,0.044599,64,58
adapted_instance1290_m=4_n=25_l=15_c=10_s=2_2.txt,0.046086,61,58
adapted_instance1290_m=4_n=25_l=15_c=10_s=2_3.txt,0.046704,65,58
adapted_instance1290_m=4_n=25_l=15_c=10_s=2_4.txt,0.03587,63,59
adapted_instance1290_m=4_n=25_l=15_c=10_s=2_5.txt,0.022152,64,60
adapted_instance1290_m=4_n=25_l=15_c=10_s=2_6.txt,0.043043,63,58
adapted_instance1290_m=4_n=25_l=15_c=10_s=2_7.txt,0.035015,65,58
adapted_instance1290_m=4_n=25_l=15_c=10_s=2_8.txt,0.047393,63,57
adapted_instance1290_m=4_n=25_l=15_c=10_s=2_9.txt,0.024304,61,58
adapted_instance1290_m=4_n=25_l=15_c=10_s=2_10.txt,0.044341,62,57
adapted_instance1294_m=4_n=25_l=15_c=10_s=0_1.txt,0.045984,52,46
adapted_instance1294_m=4_n=25_l=15_c=10_s=0_2.txt,0.06531,52,46
adapted_instance1294_m=4_n=25_l=15_c=10_s=0_3.txt,0.043815,55,47
adapted_instance1294_m=4_n=25_l=15_c=10_s=0_4.txt,0.023203,50,48
adapted_instance1294_m=4_n=25_l=15_c=10_s=0_5.txt,0.055774,53,47
adapted_instance1294_m=4_n=25_l=15_c=10_s=0_6.txt,0.052972,53,46
adapted_instance1294_m=4_n=25_l=15_c=10_s=0_7.txt,0.044149,53,46
adapted_instance1294_m=4_n=25_l=15_c=10_s=0_8.txt,0.053932,52,46
adapted_instance1294_m=4_n=25_l=15_c=10_s=0_9.txt,0.033319,52,47
adapted_instance1294_m=4_n=25_l=15_c=10_s=0_10.txt,0.044649,52,45
adapted_instance1296_m=4_n=25_l=15_c=10_s=2_1.txt,0.032309,52,48
adapted_instance1296_m=4_n=25_l=15_c=10_s=2_2.txt,0.053688,57,46
adapted_instance1296_m=4_n=25_l=15_c=10_s=2_3.txt,0.032758,52,47
adapted_instance1296_m=4_n=25_l=15_c=10_s=2_4.txt,0.043795,54,47
adapted_instance1296_m=4_n=25_l=15_c=10_s=2_5.txt,0.032531,51,47
adapted_instance1296_m=4_n=25_l=15_c=10_s=2_6.txt,0.022967,50,47
adapted_instance1296_m=4_n=25_l=15_c=10_s=2_7.txt,0.043129,56,46
adapted_instance1296_m=4_n=25_l=15_c=10_s=2_8.txt,0.031756,49,46
adapted_instance1296_m=4_n=25_l=15_c=10_s=2_9.txt,0.021916,50,49
adapted_instance1296_m=4_n=25_l=15_c=10_s=2_10.txt,0.04239,53,47
adapted_instance1302_m=4_n=25_l=15_c=10_s=2_1.txt,0.043322,54,47
adapted_instance1302_m=4_n=25_l=15_c=10_s=2_2.txt,0.054637,54,45
adapted_instance1302_m=4_n=25_l=15_c=10_s=2_3.txt,0.021474,49,47
adapted_instance1302_m=4_n=25_l=15_c=10_s=2_4.txt,0.032498,52,47
adapted_instance1302_m=4_n=25_l=15_c=10_s=2_5.txt,0.021955,52,48
adapted_instance1302_m=4_n=25_l=15_c=10_s=2_6.txt,0.043524,54,46
adapted_instance1302_m=4_n=25_l=15_c=10_s=2_7.txt,0.043316,52,45
adapted_instance1302_m=4_n=25_l=15_c=10_s=2_8.txt,0.052294,52,46
adapted_instance1302_m=4_n=25_l=15_c=10_s=2_9.txt,0.055793,51,45
adapted_instance1302_m=4_n=25_l=15_c=10_s=2_10.txt,0.032493,53,45
adapted_instance1304_m=4_n=25_l=15_c=10_s=1_1.txt,0.045376,58,53
adapted_instance1304_m=4_n=25_l=15_c=10_s=1_2.txt,0.066939,58,52
adapted_instance1304_m=4_n=25_l=15_c=10_s=1_3.txt,0.031916,59,54
adapted_instance1304_m=4_n=25_l=15_c=10_s=1_4.txt,0.032839,61,53
adapted_instance1304_m=4_n=25_l=15_c=10_s=1_5.txt,0.044766,60,53
adapted_instance1304_m=4_n=25_l=15_c=10_s=1_6.txt,0.021656,59,53
adapted_instance1304_m=4_n=25_l=15_c=10_s=1_7.txt,0.044687,62,54
adapted_instance1304_m=4_n=25_l=15_c=10_s=1_8.txt,0.021541,57,54
adapted_instance1304_m=4_n=25_l=15_c=10_s=1_9.txt,0.021688,59,53
adapted_instance1304_m=4_n=25_l=15_c=10_s=1_10.txt,0.034761,55,53
adapted_instance1310_m=4_n=25_l=15_c=10_s=1_1.txt,0.052999,55,48
adapted_instance1310_m=4_n=25_l=15_c=10_s=1_2.txt,0.04332,54,48
adapted_instance1310_m=4_n=25_l=15_c=10_s=1_3.txt,0.0435,58,51
adapted_instance1310_m=4_n=25_l=15_c=10_s=1_4.txt,0.043727,55,49
adapted_instance1310_m=4_n=25_l=15_c=10_s=1_5.txt,0.032383,55,50
adapted_instance1310_m=4_n=25_l=15_c=10_s=1_6.txt,0.042728,55,50
adapted_instance1310_m=4_n=25_l=15_c=10_s=1_7.txt,0.053588,58,48
adapted_instance1310_m=4_n=25_l=15_c=10_s=1_8.txt,0.046656,56,48
adapted_instance1310_m=4_n=25_l=15_c=10_s=1_9.txt,0.067631,57,48
adapted_instance1310_m=4_n=25_l=15_c=10_s=1_10.txt,0.054506,57,50
adapted_instance1324_m=4_n=25_l=20_c=10_s=0_1.txt,0.047045,65,61
adapted_instance1324_m=4_n=25_l=20_c=10_s=0_2.txt,0.049603,68,63
adapted_instance1324_m=4_n=25_l=20_c=10_s=0_3.txt,0.031471,63,61
adapted_instance1324_m=4_n=25_l=20_c=10_s=0_4.txt,0.04715,64,61
adapted_instance1324_m=4_n=25_l=20_c=10_s=0_5.txt,0.083176,68,61
adapted_instance1324_m=4_n=25_l=20_c=10_s=0_6.txt,0.06295,66,61
adapted_instance1324_m=4_n=25_l=20_c=10_s=0_7.txt,0.032302,65,62
adapted_instance1324_m=4_n=25_l=20_c=10_s=0_8.txt,0.047587,63,61
adapted_instance1324_m=4_n=25_l=20_c=10_s=0_9.txt,0.047123,65,61
adapted_instance1324_m=4_n=25_l=20_c=10_s=0_10.txt,0.048262,65,61
adapted_instance1326_m=4_n=25_l=20_c=10_s=2_1.txt,0.04728,62,58
adapted_instance1326_m=4_n=25_l=20_c=10_s=2_2.txt,0.066231,65,59
adapted_instance1326_m=4_n=25_l=20_c=10_s=2_3.txt,0.080532,65,57
adapted_instance1326_m=4_n=25_l=20_c=10_s=2_4.txt,0.081952,63,58
adapted_instance1326_m=4_n=25_l=20_c=10_s=2_5.txt,0.048386,62,59
adapted_instance1326_m=4_n=25_l=20_c=10_s=2_6.txt,0.062934,64,57
adapted_instance1326_m=4_n=25_l=20_c=10_s=2_7.txt,0.033674,63,59
adapted_instance1326_m=4_n=25_l=20_c=10_s=2_8.txt,0.063494,64,58
adapted_instance1326_m=4_n=25_l=20_c=10_s=2_9.txt,0.064218,63,58
adapted_instance1326_m=4_n=25_l=20_c=10_s=2_10.txt,0.031844,62,60
adapted_instance1328_m=4_n=25_l=20_c=10_s=1_1.txt,0.033757,63,58
adapted_instance1328_m=4_n=25_l=20_c=10_s=1_2.txt,0.048495,59,56
adapted_instance1328_m=4_n=25_l=20_c=10_s=1_3.txt,0.033264,58,57
adapted_instance1328_m=4_n=25_l=20_c=10_s=1_4.txt,0.054108,59,55
adapted_instance1328_m=4_n=25_l=20_c=10_s=1_5.txt,0.065928,60,55
adapted_instance1328_m=4_n=25_l=20_c=10_s=1_6.txt,0.050361,61,57
adapted_instance1328_m=4_n=25_l=20_c=10_s=1_7.txt,0.048862,61,57
adapted_instance1328_m=4_n=25_l=20_c=10_s=1_8.txt,0.047601,61,56
adapted_instance1328_m=4_n=25_l=20_c=10_s=1_9.txt,0.048098,60,57
adapted_instance1328_m=4_n=25_l=20_c=10_s=1_10.txt,0.061601,62,56
adapted_instance1334_m=4_n=25_l=20_c=10_s=1_1.txt,0.031916,65,63
adapted_instance1334_m=4_n=25_l=20_c=10_s=1_2.txt,0.033154,65,63
adapted_instance1334_m=4_n=25_l=20_c=10_s=1_3.txt,0.031672,64,63
adapted_instance1334_m=4_n=25_l=20_c=10_s=1_4.txt,0.030986,65,63
adapted_instance1334_m=4_n=25_l=20_c=10_s=1_5.txt,0.033081,65,63
adapted_instance1334_m=4_n=25_l=20_c=10_s=1_6.txt,0.032242,64,63
adapted_instance1334_m=4_n=25_l=20_c=10_s=1_7.txt,0.03237,67,63
adapted_instance1334_m=4_n=25_l=20_c=10_s=1_8.txt,0.016909,63,63
adapted_instance1334_m=4_n=25_l=20_c=10_s=1_9.txt,0.035319,65,63
adapted_instance1334_m=4_n=25_l=20_c=10_s=1_10.txt,0.032757,65,63
adapted_instance1338_m=4_n=25_l=20_c=10_s=2_1.txt,0.049126,59,53
adapted_instance1338_m=4_n=25_l=20_c=10_s=2_2.txt,0.078102,60,52
adapted_instance1338_m=4_n=25_l=20_c=10_s=2_3.txt,0.046942,58,53
adapted_instance1338_m=4_n=25_l=20_c=10_s=2_4.txt,0.064799,59,53
adapted_instance1338_m=4_n=25_l=20_c=10_s=2_5.txt,0.079095,58,51
adapted_instance1338_m=4_n=25_l=20_c=10_s=2_6.txt,0.096477,59,51
adapted_instance1338_m=4_n=25_l=20_c=10_s=2_7.txt,0.098606,59,51
adapted_instance1338_m=4_n=25_l=20_c=10_s=2_8.txt,0.046896,58,52
adapted_instance1338_m=4_n=25_l=20_c=10_s=2_9.txt,0.095418,59,51
adapted_instance1338_m=4_n=25_l=20_c=10_s=2_10.txt,0.06477,58,53
adapted_instance1340_m=4_n=25_l=20_c=10_s=1_1.txt,0.079841,61,54
adapted_instance1340_m=4_n=25_l=20_c=10_s=1_2.txt,0.032508,59,57
adapted_instance1340_m=4_n=25_l=20_c=10_s=1_3.txt,0.031556,59,55
adapted_instance1340_m=4_n=25_l=20_c=10_s=1_4.txt,0.0818,60,54
adapted_instance1340_m=4_n=25_l=20_c=10_s=1_5.txt,0.049187,61,57
adapted_instance1340_m=4_n=25_l=20_c=10_s=1_6.txt,0.031902,60,56
adapted_instance1340_m=4_n=25_l=20_c=10_s=1_7.txt,0.080611,66,54
adapted_instance1340_m=4_n=25_l=20_c=10_s=1_8.txt,0.048298,61,55
adapted_instance1340_m=4_n=25_l=20_c=10_s=1_9.txt,0.066554,60,55
adapted_instance1340_m=4_n=25_l=20_c=10_s=1_10.txt,0.06555,58,55
adapted_instance1342_m=4_n=25_l=20_c=10_s=0_1.txt,0.033887,57,53
adapted_instance1342_m=4_n=25_l=20_c=10_s=0_2.txt,0.030753,56,53
adapted_instance1342_m=4_n=25_l=20_c=10_s=0_3.txt,0.048255,55,52
adapted_instance1342_m=4_n=25_l=20_c=10_s=0_4.txt,0.064376,59,52
adapted_instance1342_m=4_n=25_l=20_c=10_s=0_5.txt,0.03245,56,53
adapted_instance1342_m=4_n=25_l=20_c=10_s=0_6.txt,0.032273,55,53
adapted_instance1342_m=4_n=25_l=20_c=10_s=0_7.txt,0.032271,55,53
adapted_instance1342_m=4_n=25_l=20_c=10_s=0_8.txt,0.064988,58,52
adapted_instance1342_m=4_n=25_l=20_c=10_s=0_9.txt,0.033349,59,53
adapted_instance1342_m=4_n=25_l=20_c=10_s=0_10.txt,0.032421,54,53
adapted_instance1344_m=4_n=25_l=20_c=10_s=2_1.txt,0.063354,60,54
adapted_instance1344_m=4_n=25_l=20_c=10_s=2_2.txt,0.032723,58,55
adapted_instance1344_m=4_n=25_l=20_c=10_s=2_3.txt,0.050793,60,55
adapted_instance1344_m=4_n=25_l=20_c=10_s=2_4.txt,0.04894,59,54
adapted_instance1344_m=4_n=25_l=20_c=10_s=2_5.txt,0.048746,59,54
adapted_instance1344_m=4_n=25_l=20_c=10_s=2_6.txt,0.064953,61,55
adapted_instance1344_m=4_n=25_l=20_c=10_s=2_7.txt,0.050172,61,55
adapted_instance1344_m=4_n=25_l=20_c=10_s=2_8.txt,0.03251,59,56
adapted_instance1344_m=4_n=25_l=20_c=10_s=2_9.txt,0.079688,62,54
adapted_instance1344_m=4_n=25_l=20_c=10_s=2_10.txt,0.032265,60,54
adapted_instance1346_m=4_n=25_l=20_c=10_s=1_1.txt,0.048342,56,52
adapted_instance1346_m=4_n=25_l=20_c=10_s=1_2.txt,0.080927,59,51
adapted_instance1346_m=4_n=25_l=20_c=10_s=1_3.txt,0.065007,57,50
adapted_instance1346_m=4_n=25_l=20_c=10_s=1_4.txt,0.048858,57,51
adapted_instance1346_m=4_n=25_l=20_c=10_s=1_5.txt,0.048319,59,52
adapted_instance1346_m=4_n=25_l=20_c=10_s=1_6.txt,0.016693,54,54
adapted_instance1346_m=4_n=25_l=20_c=10_s=1_7.txt,0.0647,58,52
adapted_instance1346_m=4_n=25_l=20_c=10_s=1_8.txt,0.065002,58,51
adapted_instance1346_m=4_n=25_l=20_c=10_s=1_9.txt,0.079967,56,50
adapted_instance1346_m=4_n=25_l=20_c=10_s=1_10.txt,0.064489,58,51
adapted_instance1348_m=4_n=25_l=20_c=10_s=0_1.txt,0.050839,67,62
adapted_instance1348_m=4_n=25_l=20_c=10_s=0_2.txt,0.047466,67,62
adapted_instance1348_m=4_n=25_l=20_c=10_s=0_3.txt,0.047072,67,62
adapted_instance1348_m=4_n=25_l=20_c=10_s=0_4.txt,0.032953,65,62
adapted_instance1348_m=4_n=25_l=20_c=10_s=0_5.txt,0.049312,65,62
adapted_instance1348_m=4_n=25_l=20_c=10_s=0_6.txt,0.069704,67,62
adapted_instance1348_m=4_n=25_l=20_c=10_s=0_7.txt,0.048402,68,62
adapted_instance1348_m=4_n=25_l=20_c=10_s=0_8.txt,0.032163,65,62
adapted_instance1348_m=4_n=25_l=20_c=10_s=0_9.txt,0.064694,70,62
adapted_instance1348_m=4_n=25_l=20_c=10_s=0_10.txt,0.066226,70,62
adapted_instance1350_m=4_n=25_l=20_c=10_s=2_1.txt,0.064485,69,62
adapted_instance1350_m=4_n=25_l=20_c=10_s=2_2.txt,0.04856,65,63
adapted_instance1350_m=4_n=25_l=20_c=10_s=2_3.txt,0.047015,65,62
adapted_instance1350_m=4_n=25_l=20_c=10_s=2_4.txt,0.065181,68,62
adapted_instance1350_m=4_n=25_l=20_c=10_s=2_5.txt,0.063842,66,62
adapted_instance1350_m=4_n=25_l=20_c=10_s=2_6.txt,0.079748,67,62
adapted_instance1350_m=4_n=25_l=20_c=10_s=2_7.txt,0.048215,66,62
adapted_instance1350_m=4_n=25_l=20_c=10_s=2_8.txt,0.064431,68,63
adapted_instance1350_m=4_n=25_l=20_c=10_s=2_9.txt,0.080696,71,62
adapted_instance1350_m=4_n=25_l=20_c=10_s=2_10.txt,0.047052,68,63
adapted_instance1354_m=4_n=25_l=20_c=10_s=0_1.txt,0.084242,69,65
adapted_instance1354_m=4_n=25_l=20_c=10_s=0_2.txt,0.034342,71,69
adapted_instance1354_m=4_n=25_l=20_c=10_s=0_3.txt,0.04921,72,66
adapted_instance1354_m=4_n=25_l=20_c=10_s=0_4.txt,0.049068,71,66
adapted_instance1354_m=4_n=25_l=20_c=10_s=0_5.txt,0.101133,73,66
adapted_instance1354_m=4_n=25_l=20_c=10_s=0_6.txt,0.100246,75,66
adapted_instance1354_m=4_n=25_l=20_c=10_s=0_7.txt,0.052333,72,68
adapted_instance1354_m=4_n=25_l=20_c=10_s=0_8.txt,0.051748,73,67
adapted_instance1354_m=4_n=25_l=20_c=10_s=0_9.txt,0.05021,73,66
adapted_instance1354_m=4_n=25_l=20_c=10_s=0_10.txt,0.033492,71,67
adapted_instance1356_m=4_n=25_l=20_c=10_s=2_1.txt,0.115436,75,64
adapted_instance1356_m=4_n=25_l=20_c=10_s=2_2.txt,0.049236,70,65
adapted_instance1356_m=4_n=25_l=20_c=10_s=2_3.txt,0.080487,69,64
adapted_instance1356_m=4_n=25_l=20_c=10_s=2_4.txt,0.067589,70,65
adapted_instance1356_m=4_n=25_l=20_c=10_s=2_5.txt,0.049845,71,66
adapted_instance1356_m=4_n=25_l=20_c=10_s=2_6.txt,0.082391,72,64
adapted_instance1356_m=4_n=25_l=20_c=10_s=2_7.txt,0.070118,74,65
adapted_instance1356_m=4_n=25_l=20_c=10_s=2_8.txt,0.049868,72,66
adapted_instance1356_m=4_n=25_l=20_c=10_s=2_9.txt,0.083984,72,65
adapted_instance1356_m=4_n=25_l=20_c=10_s=2_10.txt,0.068706,70,65
adapted_instance1362_m=4_n=25_l=20_c=10_s=2_1.txt,0.050912,64,58
adapted_instance1362_m=4_n=25_l=20_c=10_s=2_2.txt,0.065908,62,55
adapted_instance1362_m=4_n=25_l=20_c=10_s=2_3.txt,0.049165,64,57
adapted_instance1362_m=4_n=25_l=20_c=10_s=2_4.txt,0.066635,61,54
adapted_instance1362_m=4_n=25_l=20_c=10_s=2_5.txt,0.084487,65,56
adapted_instance1362_m=4_n=25_l=20_c=10_s=2_6.txt,0.049506,63,56
adapted_instance1362_m=4_n=25_l=20_c=10_s=2_7.txt,0.101566,64,55
adapted_instance1362_m=4_n=25_l=20_c=10_s=2_8.txt,0.067462,63,55
adapted_instance1362_m=4_n=25_l=20_c=10_s=2_9.txt,0.066662,63,58
adapted_instance1362_m=4_n=25_l=20_c=10_s=2_10.txt,0.098132,62,55
adapted_instance1364_m=4_n=25_l=20_c=10_s=1_1.txt,0.05389,78,74
adapted_instance1364_m=4_n=25_l=20_c=10_s=1_2.txt,0.050966,75,72
adapted_instance1364_m=4_n=25_l=20_c=10_s=1_3.txt,0.052252,76,73
adapted_instance1364_m=4_n=25_l=20_c=10_s=1_4.txt,0.066128,79,73
adapted_instance1364_m=4_n=25_l=20_c=10_s=1_5.txt,0.049593,78,73
adapted_instance1364_m=4_n=25_l=20_c=10_s=1_6.txt,0.034036,76,74
adapted_instance1364_m=4_n=25_l=20_c=10_s=1_7.txt,0.032857,77,74
adapted_instance1364_m=4_n=25_l=20_c=10_s=1_8.txt,0.033291,77,74
adapted_instance1364_m=4_n=25_l=20_c=10_s=1_9.txt,0.051065,77,72
adapted_instance1364_m=4_n=25_l=20_c=10_s=1_10.txt,0.083864,78,72
adapted_instance1366_m=4_n=25_l=20_c=10_s=0_1.txt,0.050218,58,54
adapted_instance1366_m=4_n=25_l=20_c=10_s=0_2.txt,0.052898,61,56
adapted_instance1366_m=4_n=25_l=20_c=10_s=0_3.txt,0.079934,64,54
adapted_instance1366_m=4_n=25_l=20_c=10_s=0_4.txt,0.064919,58,54
adapted_instance1366_m=4_n=25_l=20_c=10_s=0_5.txt,0.084168,62,55
adapted_instance1366_m=4_n=25_l=20_c=10_s=0_6.txt,0.06855,62,55
adapted_instance1366_m=4_n=25_l=20_c=10_s=0_7.txt,0.068205,59,54
adapted_instance1366_m=4_n=25_l=20_c=10_s=0_8.txt,0.036824,64,56
adapted_instance1366_m=4_n=25_l=20_c=10_s=0_9.txt,0.099548,63,53
adapted_instance1366_m=4_n=25_l=20_c=10_s=0_10.txt,0.049664,60,55
