Instance_Name,Execution_Time,Initial_Solution,Final_Solution
adapted_instance242_m=2_n=15_l=15_c=5_s=1_1.txt,0.005897,45,44
adapted_instance242_m=2_n=15_l=15_c=5_s=1_2.txt,0.008454,46,44
adapted_instance242_m=2_n=15_l=15_c=5_s=1_3.txt,0.006425,45,44
adapted_instance242_m=2_n=15_l=15_c=5_s=1_4.txt,0.006295,47,44
adapted_instance242_m=2_n=15_l=15_c=5_s=1_5.txt,0.009162,47,44
adapted_instance242_m=2_n=15_l=15_c=5_s=1_6.txt,0.008759,47,44
adapted_instance242_m=2_n=15_l=15_c=5_s=1_7.txt,0.005739,45,44
adapted_instance242_m=2_n=15_l=15_c=5_s=1_8.txt,0.0061,45,44
adapted_instance242_m=2_n=15_l=15_c=5_s=1_9.txt,0.008312,46,44
adapted_instance242_m=2_n=15_l=15_c=5_s=1_10.txt,0.005845,47,44
adapted_instance244_m=2_n=15_l=15_c=5_s=0_1.txt,0.005884,46,44
adapted_instance244_m=2_n=15_l=15_c=5_s=0_2.txt,0.005468,47,44
adapted_instance244_m=2_n=15_l=15_c=5_s=0_3.txt,0.006013,45,44
adapted_instance244_m=2_n=15_l=15_c=5_s=0_4.txt,0.008919,47,44
adapted_instance244_m=2_n=15_l=15_c=5_s=0_5.txt,0.005864,45,44
adapted_instance244_m=2_n=15_l=15_c=5_s=0_6.txt,0.005699,45,44
adapted_instance244_m=2_n=15_l=15_c=5_s=0_7.txt,0.005816,45,44
adapted_instance244_m=2_n=15_l=15_c=5_s=0_8.txt,0.009,46,44
adapted_instance244_m=2_n=15_l=15_c=5_s=0_9.txt,0.00668,45,44
adapted_instance244_m=2_n=15_l=15_c=5_s=0_10.txt,0.00611,46,44
adapted_instance246_m=2_n=15_l=15_c=5_s=2_1.txt,0.003072,43,43
adapted_instance246_m=2_n=15_l=15_c=5_s=2_2.txt,0.006414,46,43
adapted_instance246_m=2_n=15_l=15_c=5_s=2_3.txt,0.008803,47,44
adapted_instance246_m=2_n=15_l=15_c=5_s=2_4.txt,0.006127,46,43
adapted_instance246_m=2_n=15_l=15_c=5_s=2_5.txt,0.006649,45,44
adapted_instance246_m=2_n=15_l=15_c=5_s=2_6.txt,0.006341,45,43
adapted_instance246_m=2_n=15_l=15_c=5_s=2_7.txt,0.005811,44,43
adapted_instance246_m=2_n=15_l=15_c=5_s=2_8.txt,0.005961,46,43
adapted_instance246_m=2_n=15_l=15_c=5_s=2_9.txt,0.0087,46,43
adapted_instance246_m=2_n=15_l=15_c=5_s=2_10.txt,0.009152,45,43
adapted_instance248_m=2_n=15_l=15_c=5_s=1_1.txt,0.005877,44,41
adapted_instance248_m=2_n=15_l=15_c=5_s=1_2.txt,0.006216,42,41
adapted_instance248_m=2_n=15_l=15_c=5_s=1_3.txt,0.008686,43,40
adapted_instance248_m=2_n=15_l=15_c=5_s=1_4.txt,0.009295,44,41
adapted_instance248_m=2_n=15_l=15_c=5_s=1_5.txt,0.014789,46,40
adapted_instance248_m=2_n=15_l=15_c=5_s=1_6.txt,0.008984,43,40
adapted_instance248_m=2_n=15_l=15_c=5_s=1_7.txt,0.006174,44,42
adapted_instance248_m=2_n=15_l=15_c=5_s=1_8.txt,0.011522,45,41
adapted_instance248_m=2_n=15_l=15_c=5_s=1_9.txt,0.006103,45,42
adapted_instance248_m=2_n=15_l=15_c=5_s=1_10.txt,0.012189,46,40
adapted_instance250_m=2_n=15_l=15_c=5_s=0_1.txt,0.008511,44,42
adapted_instance250_m=2_n=15_l=15_c=5_s=0_2.txt,0.008618,46,42
adapted_instance250_m=2_n=15_l=15_c=5_s=0_3.txt,0.008691,45,42
adapted_instance250_m=2_n=15_l=15_c=5_s=0_4.txt,0.012071,47,42
adapted_instance250_m=2_n=15_l=15_c=5_s=0_5.txt,0.002813,43,43
adapted_instance250_m=2_n=15_l=15_c=5_s=0_6.txt,0.008458,46,42
adapted_instance250_m=2_n=15_l=15_c=5_s=0_7.txt,0.009028,45,42
adapted_instance250_m=2_n=15_l=15_c=5_s=0_8.txt,0.008524,45,42
adapted_instance250_m=2_n=15_l=15_c=5_s=0_9.txt,0.008484,45,42
adapted_instance250_m=2_n=15_l=15_c=5_s=0_10.txt,0.005554,45,43
adapted_instance252_m=2_n=15_l=15_c=5_s=2_1.txt,0.00895,46,43
adapted_instance252_m=2_n=15_l=15_c=5_s=2_2.txt,0.005857,45,43
adapted_instance252_m=2_n=15_l=15_c=5_s=2_3.txt,0.008802,46,42
adapted_instance252_m=2_n=15_l=15_c=5_s=2_4.txt,0.006627,46,43
adapted_instance252_m=2_n=15_l=15_c=5_s=2_5.txt,0.008613,45,42
adapted_instance252_m=2_n=15_l=15_c=5_s=2_6.txt,0.005943,45,43
adapted_instance252_m=2_n=15_l=15_c=5_s=2_7.txt,0.008694,45,42
adapted_instance252_m=2_n=15_l=15_c=5_s=2_8.txt,0.005879,44,43
adapted_instance252_m=2_n=15_l=15_c=5_s=2_9.txt,0.008626,46,42
adapted_instance252_m=2_n=15_l=15_c=5_s=2_10.txt,0.005866,43,42
adapted_instance254_m=2_n=15_l=15_c=5_s=1_1.txt,0.012114,46,43
adapted_instance254_m=2_n=15_l=15_c=5_s=1_2.txt,0.009578,47,43
adapted_instance254_m=2_n=15_l=15_c=5_s=1_3.txt,0.005857,48,44
adapted_instance254_m=2_n=15_l=15_c=5_s=1_4.txt,0.009026,47,43
adapted_instance254_m=2_n=15_l=15_c=5_s=1_5.txt,0.011456,47,44
adapted_instance254_m=2_n=15_l=15_c=5_s=1_6.txt,0.015298,46,43
adapted_instance254_m=2_n=15_l=15_c=5_s=1_7.txt,0.013015,48,43
adapted_instance254_m=2_n=15_l=15_c=5_s=1_8.txt,0.00891,47,43
adapted_instance254_m=2_n=15_l=15_c=5_s=1_9.txt,0.012008,47,43
adapted_instance254_m=2_n=15_l=15_c=5_s=1_10.txt,0.008582,46,43
adapted_instance256_m=2_n=15_l=15_c=5_s=0_1.txt,0.012103,47,43
adapted_instance256_m=2_n=15_l=15_c=5_s=0_2.txt,0.009146,47,44
adapted_instance256_m=2_n=15_l=15_c=5_s=0_3.txt,0.009472,46,43
adapted_instance256_m=2_n=15_l=15_c=5_s=0_4.txt,0.009494,48,43
adapted_instance256_m=2_n=15_l=15_c=5_s=0_5.txt,0.006084,46,44
adapted_instance256_m=2_n=15_l=15_c=5_s=0_6.txt,0.008539,47,43
adapted_instance256_m=2_n=15_l=15_c=5_s=0_7.txt,0.012204,46,43
adapted_instance256_m=2_n=15_l=15_c=5_s=0_8.txt,0.006662,46,44
adapted_instance256_m=2_n=15_l=15_c=5_s=0_9.txt,0.012144,47,44
adapted_instance256_m=2_n=15_l=15_c=5_s=0_10.txt,0.006096,46,44
adapted_instance272_m=2_n=15_l=15_c=10_s=1_1.txt,0.002659,36,36
adapted_instance272_m=2_n=15_l=15_c=10_s=1_2.txt,0.005186,38,36
adapted_instance272_m=2_n=15_l=15_c=10_s=1_3.txt,0.002536,37,37
adapted_instance272_m=2_n=15_l=15_c=10_s=1_4.txt,0.007382,38,35
adapted_instance272_m=2_n=15_l=15_c=10_s=1_5.txt,0.009977,38,35
adapted_instance272_m=2_n=15_l=15_c=10_s=1_6.txt,0.007729,39,36
adapted_instance272_m=2_n=15_l=15_c=10_s=1_7.txt,0.005064,38,36
adapted_instance272_m=2_n=15_l=15_c=10_s=1_8.txt,0.008042,38,36
adapted_instance272_m=2_n=15_l=15_c=10_s=1_9.txt,0.007167,40,36
adapted_instance272_m=2_n=15_l=15_c=10_s=1_10.txt,0.010346,39,35
adapted_instance286_m=2_n=15_l=15_c=10_s=0_1.txt,0.007844,40,35
adapted_instance286_m=2_n=15_l=15_c=10_s=0_2.txt,0.005291,38,35
adapted_instance286_m=2_n=15_l=15_c=10_s=0_3.txt,0.009927,37,34
adapted_instance286_m=2_n=15_l=15_c=10_s=0_4.txt,0.007348,38,35
adapted_instance286_m=2_n=15_l=15_c=10_s=0_5.txt,0.005329,38,34
adapted_instance286_m=2_n=15_l=15_c=10_s=0_6.txt,0.009933,38,34
adapted_instance286_m=2_n=15_l=15_c=10_s=0_7.txt,0.007591,40,35
adapted_instance286_m=2_n=15_l=15_c=10_s=0_8.txt,0.007291,38,34
adapted_instance286_m=2_n=15_l=15_c=10_s=0_9.txt,0.009458,38,34
adapted_instance286_m=2_n=15_l=15_c=10_s=0_10.txt,0.00788,39,34
adapted_instance302_m=2_n=15_l=15_c=10_s=1_1.txt,0.016612,62,52
adapted_instance302_m=2_n=15_l=15_c=10_s=1_2.txt,0.010345,58,54
adapted_instance302_m=2_n=15_l=15_c=10_s=1_3.txt,0.01148,59,53
adapted_instance302_m=2_n=15_l=15_c=10_s=1_4.txt,0.010964,58,53
adapted_instance302_m=2_n=15_l=15_c=10_s=1_5.txt,0.012274,61,54
adapted_instance302_m=2_n=15_l=15_c=10_s=1_6.txt,0.010074,59,53
adapted_instance302_m=2_n=15_l=15_c=10_s=1_7.txt,0.009041,61,55
adapted_instance302_m=2_n=15_l=15_c=10_s=1_8.txt,0.009406,57,55
adapted_instance302_m=2_n=15_l=15_c=10_s=1_9.txt,0.017549,63,53
adapted_instance302_m=2_n=15_l=15_c=10_s=1_10.txt,0.006412,60,55
adapted_instance304_m=2_n=15_l=15_c=10_s=0_1.txt,0.011852,47,39
adapted_instance304_m=2_n=15_l=15_c=10_s=0_2.txt,0.009515,43,39
adapted_instance304_m=2_n=15_l=15_c=10_s=0_3.txt,0.014521,44,38
adapted_instance304_m=2_n=15_l=15_c=10_s=0_4.txt,0.012032,45,40
adapted_instance304_m=2_n=15_l=15_c=10_s=0_5.txt,0.006096,43,40
adapted_instance304_m=2_n=15_l=15_c=10_s=0_6.txt,0.005894,45,41
adapted_instance304_m=2_n=15_l=15_c=10_s=0_7.txt,0.012256,46,40
adapted_instance304_m=2_n=15_l=15_c=10_s=0_8.txt,0.008645,46,40
adapted_instance304_m=2_n=15_l=15_c=10_s=0_9.txt,0.01216,48,39
adapted_instance304_m=2_n=15_l=15_c=10_s=0_10.txt,0.011219,44,39
adapted_instance306_m=2_n=15_l=15_c=10_s=2_1.txt,0.011895,47,42
adapted_instance306_m=2_n=15_l=15_c=10_s=2_2.txt,0.012027,47,41
adapted_instance306_m=2_n=15_l=15_c=10_s=2_3.txt,0.009429,51,43
adapted_instance306_m=2_n=15_l=15_c=10_s=2_4.txt,0.008535,47,42
adapted_instance306_m=2_n=15_l=15_c=10_s=2_5.txt,0.008908,49,42
adapted_instance306_m=2_n=15_l=15_c=10_s=2_6.txt,0.014843,47,41
adapted_instance306_m=2_n=15_l=15_c=10_s=2_7.txt,0.016241,48,40
adapted_instance306_m=2_n=15_l=15_c=10_s=2_8.txt,0.014653,46,42
adapted_instance306_m=2_n=15_l=15_c=10_s=2_9.txt,0.010759,48,43
adapted_instance306_m=2_n=15_l=15_c=10_s=2_10.txt,0.025235,48,40
adapted_instance308_m=2_n=15_l=15_c=10_s=1_1.txt,0.014779,56,55
adapted_instance308_m=2_n=15_l=15_c=10_s=1_2.txt,0.012659,59,53
adapted_instance308_m=2_n=15_l=15_c=10_s=1_3.txt,0.006058,57,55
adapted_instance308_m=2_n=15_l=15_c=10_s=1_4.txt,0.011497,59,53
adapted_instance308_m=2_n=15_l=15_c=10_s=1_5.txt,0.005995,56,54
adapted_instance308_m=2_n=15_l=15_c=10_s=1_6.txt,0.017723,62,52
adapted_instance308_m=2_n=15_l=15_c=10_s=1_7.txt,0.008669,56,53
adapted_instance308_m=2_n=15_l=15_c=10_s=1_8.txt,0.009033,55,53
adapted_instance308_m=2_n=15_l=15_c=10_s=1_9.txt,0.008331,57,53
adapted_instance308_m=2_n=15_l=15_c=10_s=1_10.txt,0.011399,57,53
adapted_instance314_m=2_n=15_l=15_c=10_s=1_1.txt,0.018138,68,59
adapted_instance314_m=2_n=15_l=15_c=10_s=1_2.txt,0.015257,67,60
adapted_instance314_m=2_n=15_l=15_c=10_s=1_3.txt,0.011262,65,59
adapted_instance314_m=2_n=15_l=15_c=10_s=1_4.txt,0.008367,63,59
adapted_instance314_m=2_n=15_l=15_c=10_s=1_5.txt,0.005912,63,60
adapted_instance314_m=2_n=15_l=15_c=10_s=1_6.txt,0.009557,63,60
adapted_instance314_m=2_n=15_l=15_c=10_s=1_7.txt,0.009982,63,59
adapted_instance314_m=2_n=15_l=15_c=10_s=1_8.txt,0.014769,66,59
adapted_instance314_m=2_n=15_l=15_c=10_s=1_9.txt,0.008961,63,60
adapted_instance314_m=2_n=15_l=15_c=10_s=1_10.txt,0.012135,66,59
adapted_instance316_m=2_n=15_l=15_c=10_s=0_1.txt,0.009134,58,51
adapted_instance316_m=2_n=15_l=15_c=10_s=0_2.txt,0.009447,56,51
adapted_instance316_m=2_n=15_l=15_c=10_s=0_3.txt,0.014938,55,50
adapted_instance316_m=2_n=15_l=15_c=10_s=0_4.txt,0.011488,54,49
adapted_instance316_m=2_n=15_l=15_c=10_s=0_5.txt,0.008936,56,50
adapted_instance316_m=2_n=15_l=15_c=10_s=0_6.txt,0.00863,55,49
adapted_instance316_m=2_n=15_l=15_c=10_s=0_7.txt,0.0143,56,48
adapted_instance316_m=2_n=15_l=15_c=10_s=0_8.txt,0.014576,52,48
adapted_instance316_m=2_n=15_l=15_c=10_s=0_9.txt,0.011991,52,48
adapted_instance316_m=2_n=15_l=15_c=10_s=0_10.txt,0.014674,55,49
adapted_instance318_m=2_n=15_l=15_c=10_s=2_1.txt,0.02024,56,47
adapted_instance318_m=2_n=15_l=15_c=10_s=2_2.txt,0.009822,54,49
adapted_instance318_m=2_n=15_l=15_c=10_s=2_3.txt,0.00901,51,48
adapted_instance318_m=2_n=15_l=15_c=10_s=2_4.txt,0.019102,54,48
adapted_instance318_m=2_n=15_l=15_c=10_s=2_5.txt,0.012237,55,49
adapted_instance318_m=2_n=15_l=15_c=10_s=2_6.txt,0.01563,54,50
adapted_instance318_m=2_n=15_l=15_c=10_s=2_7.txt,0.015989,53,50
adapted_instance318_m=2_n=15_l=15_c=10_s=2_8.txt,0.01393,54,49
adapted_instance318_m=2_n=15_l=15_c=10_s=2_9.txt,0.008553,52,51
adapted_instance318_m=2_n=15_l=15_c=10_s=2_10.txt,0.014349,57,49
adapted_instance320_m=2_n=15_l=15_c=10_s=1_1.txt,0.009996,55,44
adapted_instance320_m=2_n=15_l=15_c=10_s=1_2.txt,0.014349,51,43
adapted_instance320_m=2_n=15_l=15_c=10_s=1_3.txt,0.008545,48,43
adapted_instance320_m=2_n=15_l=15_c=10_s=1_4.txt,0.01113,50,43
adapted_instance320_m=2_n=15_l=15_c=10_s=1_5.txt,0.009169,47,42
adapted_instance320_m=2_n=15_l=15_c=10_s=1_6.txt,0.011486,52,42
adapted_instance320_m=2_n=15_l=15_c=10_s=1_7.txt,0.01418,50,42
adapted_instance320_m=2_n=15_l=15_c=10_s=1_8.txt,0.015065,51,43
adapted_instance320_m=2_n=15_l=15_c=10_s=1_9.txt,0.012123,50,44
adapted_instance320_m=2_n=15_l=15_c=10_s=1_10.txt,0.006491,46,43
adapted_instance322_m=2_n=15_l=15_c=10_s=0_1.txt,0.014549,65,58
adapted_instance322_m=2_n=15_l=15_c=10_s=0_2.txt,0.009345,64,58
adapted_instance322_m=2_n=15_l=15_c=10_s=0_3.txt,0.009348,62,58
adapted_instance322_m=2_n=15_l=15_c=10_s=0_4.txt,0.008923,63,59
adapted_instance322_m=2_n=15_l=15_c=10_s=0_5.txt,0.009658,64,58
adapted_instance322_m=2_n=15_l=15_c=10_s=0_6.txt,0.011921,63,58
adapted_instance322_m=2_n=15_l=15_c=10_s=0_7.txt,0.008478,64,59
adapted_instance322_m=2_n=15_l=15_c=10_s=0_8.txt,0.009455,61,57
adapted_instance322_m=2_n=15_l=15_c=10_s=0_9.txt,0.013522,65,58
adapted_instance322_m=2_n=15_l=15_c=10_s=0_10.txt,0.008666,65,58
adapted_instance324_m=2_n=15_l=15_c=10_s=2_1.txt,0.008441,61,57
adapted_instance324_m=2_n=15_l=15_c=10_s=2_2.txt,0.011596,63,56
adapted_instance324_m=2_n=15_l=15_c=10_s=2_3.txt,0.008204,59,56
adapted_instance324_m=2_n=15_l=15_c=10_s=2_4.txt,0.011748,60,56
adapted_instance324_m=2_n=15_l=15_c=10_s=2_5.txt,0.011712,62,56
adapted_instance324_m=2_n=15_l=15_c=10_s=2_6.txt,0.011601,63,56
adapted_instance324_m=2_n=15_l=15_c=10_s=2_7.txt,0.014378,61,55
adapted_instance324_m=2_n=15_l=15_c=10_s=2_8.txt,0.00969,60,56
adapted_instance324_m=2_n=15_l=15_c=10_s=2_9.txt,0.008474,61,56
adapted_instance324_m=2_n=15_l=15_c=10_s=2_10.txt,0.011679,61,56
adapted_instance326_m=2_n=15_l=15_c=10_s=1_1.txt,0.011171,55,48
adapted_instance326_m=2_n=15_l=15_c=10_s=1_2.txt,0.011835,55,49
adapted_instance326_m=2_n=15_l=15_c=10_s=1_3.txt,0.005631,55,49
adapted_instance326_m=2_n=15_l=15_c=10_s=1_4.txt,0.006067,51,50
adapted_instance326_m=2_n=15_l=15_c=10_s=1_5.txt,0.008381,56,49
adapted_instance326_m=2_n=15_l=15_c=10_s=1_6.txt,0.011501,53,48
adapted_instance326_m=2_n=15_l=15_c=10_s=1_7.txt,0.01162,53,48
adapted_instance326_m=2_n=15_l=15_c=10_s=1_8.txt,0.014086,54,49
adapted_instance326_m=2_n=15_l=15_c=10_s=1_9.txt,0.008526,54,49
adapted_instance326_m=2_n=15_l=15_c=10_s=1_10.txt,0.01213,55,48
adapted_instance328_m=2_n=15_l=15_c=10_s=0_1.txt,0.008844,52,48
adapted_instance328_m=2_n=15_l=15_c=10_s=0_2.txt,0.005714,54,49
adapted_instance328_m=2_n=15_l=15_c=10_s=0_3.txt,0.011359,53,48
adapted_instance328_m=2_n=15_l=15_c=10_s=0_4.txt,0.008285,51,49
adapted_instance328_m=2_n=15_l=15_c=10_s=0_5.txt,0.011394,58,48
adapted_instance328_m=2_n=15_l=15_c=10_s=0_6.txt,0.011717,53,49
adapted_instance328_m=2_n=15_l=15_c=10_s=0_7.txt,0.011735,56,49
adapted_instance328_m=2_n=15_l=15_c=10_s=0_8.txt,0.009426,53,48
adapted_instance328_m=2_n=15_l=15_c=10_s=0_9.txt,0.011128,54,48
adapted_instance328_m=2_n=15_l=15_c=10_s=0_10.txt,0.008809,54,48
adapted_instance330_m=2_n=15_l=15_c=10_s=2_1.txt,0.011564,51,47
adapted_instance330_m=2_n=15_l=15_c=10_s=2_2.txt,0.010846,51,47
adapted_instance330_m=2_n=15_l=15_c=10_s=2_3.txt,0.017074,55,48
adapted_instance330_m=2_n=15_l=15_c=10_s=2_4.txt,0.008449,54,48
adapted_instance330_m=2_n=15_l=15_c=10_s=2_5.txt,0.00846,53,48
adapted_instance330_m=2_n=15_l=15_c=10_s=2_6.txt,0.011873,59,49
adapted_instance330_m=2_n=15_l=15_c=10_s=2_7.txt,0.011243,53,48
adapted_instance330_m=2_n=15_l=15_c=10_s=2_8.txt,0.01597,54,48
adapted_instance330_m=2_n=15_l=15_c=10_s=2_9.txt,0.014147,54,47
adapted_instance330_m=2_n=15_l=15_c=10_s=2_10.txt,0.011396,53,47
adapted_instance332_m=2_n=15_l=15_c=10_s=1_1.txt,0.024213,78,65
adapted_instance332_m=2_n=15_l=15_c=10_s=1_2.txt,0.022097,81,66
adapted_instance332_m=2_n=15_l=15_c=10_s=1_3.txt,0.021131,72,64
adapted_instance332_m=2_n=15_l=15_c=10_s=1_4.txt,0.023941,78,64
adapted_instance332_m=2_n=15_l=15_c=10_s=1_5.txt,0.020146,72,63
adapted_instance332_m=2_n=15_l=15_c=10_s=1_6.txt,0.014568,77,64
adapted_instance332_m=2_n=15_l=15_c=10_s=1_7.txt,0.017837,74,65
adapted_instance332_m=2_n=15_l=15_c=10_s=1_8.txt,0.020278,80,65
adapted_instance332_m=2_n=15_l=15_c=10_s=1_9.txt,0.015038,73,66
adapted_instance332_m=2_n=15_l=15_c=10_s=1_10.txt,0.015165,73,66
adapted_instance334_m=2_n=15_l=15_c=10_s=0_1.txt,0.014246,86,75
adapted_instance334_m=2_n=15_l=15_c=10_s=0_2.txt,0.014205,86,74
adapted_instance334_m=2_n=15_l=15_c=10_s=0_3.txt,0.013572,79,71
adapted_instance334_m=2_n=15_l=15_c=10_s=0_4.txt,0.0205,89,71
adapted_instance334_m=2_n=15_l=15_c=10_s=0_5.txt,0.017383,82,71
adapted_instance334_m=2_n=15_l=15_c=10_s=0_6.txt,0.029174,85,71
adapted_instance334_m=2_n=15_l=15_c=10_s=0_7.txt,0.01828,85,72
adapted_instance334_m=2_n=15_l=15_c=10_s=0_8.txt,0.017475,80,72
adapted_instance334_m=2_n=15_l=15_c=10_s=0_9.txt,0.021058,81,73
adapted_instance334_m=2_n=15_l=15_c=10_s=0_10.txt,0.017744,81,72
adapted_instance336_m=2_n=15_l=15_c=10_s=2_1.txt,0.013421,82,73
adapted_instance336_m=2_n=15_l=15_c=10_s=2_2.txt,0.020887,84,72
adapted_instance336_m=2_n=15_l=15_c=10_s=2_3.txt,0.01798,83,72
adapted_instance336_m=2_n=15_l=15_c=10_s=2_4.txt,0.020577,81,72
adapted_instance336_m=2_n=15_l=15_c=10_s=2_5.txt,0.010913,77,73
adapted_instance336_m=2_n=15_l=15_c=10_s=2_6.txt,0.017949,91,73
adapted_instance336_m=2_n=15_l=15_c=10_s=2_7.txt,0.007461,74,73
adapted_instance336_m=2_n=15_l=15_c=10_s=2_8.txt,0.02229,83,71
adapted_instance336_m=2_n=15_l=15_c=10_s=2_9.txt,0.015574,86,73
adapted_instance336_m=2_n=15_l=15_c=10_s=2_10.txt,0.021095,84,72
adapted_instance338_m=2_n=15_l=15_c=10_s=1_1.txt,0.026006,88,76
adapted_instance338_m=2_n=15_l=15_c=10_s=1_2.txt,0.018289,89,79
adapted_instance338_m=2_n=15_l=15_c=10_s=1_3.txt,0.023208,89,77
adapted_instance338_m=2_n=15_l=15_c=10_s=1_4.txt,0.015117,88,79
adapted_instance338_m=2_n=15_l=15_c=10_s=1_5.txt,0.025332,87,76
adapted_instance338_m=2_n=15_l=15_c=10_s=1_6.txt,0.01439,85,78
adapted_instance338_m=2_n=15_l=15_c=10_s=1_7.txt,0.014341,88,77
adapted_instance338_m=2_n=15_l=15_c=10_s=1_8.txt,0.011052,89,79
adapted_instance338_m=2_n=15_l=15_c=10_s=1_9.txt,0.017727,85,78
adapted_instance338_m=2_n=15_l=15_c=10_s=1_10.txt,0.010853,87,79
adapted_instance340_m=2_n=15_l=15_c=10_s=0_1.txt,0.033061,89,76
adapted_instance340_m=2_n=15_l=15_c=10_s=0_2.txt,0.017233,86,77
adapted_instance340_m=2_n=15_l=15_c=10_s=0_3.txt,0.017176,86,77
adapted_instance340_m=2_n=15_l=15_c=10_s=0_4.txt,0.016096,83,76
adapted_instance340_m=2_n=15_l=15_c=10_s=0_5.txt,0.031663,87,73
adapted_instance340_m=2_n=15_l=15_c=10_s=0_6.txt,0.017135,85,76
adapted_instance340_m=2_n=15_l=15_c=10_s=0_7.txt,0.026827,88,74
adapted_instance340_m=2_n=15_l=15_c=10_s=0_8.txt,0.021789,88,76
adapted_instance340_m=2_n=15_l=15_c=10_s=0_9.txt,0.018452,88,79
adapted_instance340_m=2_n=15_l=15_c=10_s=0_10.txt,0.021959,86,77
adapted_instance342_m=2_n=15_l=15_c=10_s=2_1.txt,0.014378,86,77
adapted_instance342_m=2_n=15_l=15_c=10_s=2_2.txt,0.014315,81,75
adapted_instance342_m=2_n=15_l=15_c=10_s=2_3.txt,0.013887,82,74
adapted_instance342_m=2_n=15_l=15_c=10_s=2_4.txt,0.012902,82,75
adapted_instance342_m=2_n=15_l=15_c=10_s=2_5.txt,0.029171,86,73
adapted_instance342_m=2_n=15_l=15_c=10_s=2_6.txt,0.018185,83,75
adapted_instance342_m=2_n=15_l=15_c=10_s=2_7.txt,0.021254,84,74
adapted_instance342_m=2_n=15_l=15_c=10_s=2_8.txt,0.0147,82,75
adapted_instance342_m=2_n=15_l=15_c=10_s=2_9.txt,0.007453,82,75
adapted_instance342_m=2_n=15_l=15_c=10_s=2_10.txt,0.015334,82,74
adapted_instance344_m=2_n=15_l=15_c=10_s=1_1.txt,0.018054,78,75
adapted_instance344_m=2_n=15_l=15_c=10_s=1_2.txt,0.014705,80,73
adapted_instance344_m=2_n=15_l=15_c=10_s=1_3.txt,0.018541,83,73
adapted_instance344_m=2_n=15_l=15_c=10_s=1_4.txt,0.010941,80,74
adapted_instance344_m=2_n=15_l=15_c=10_s=1_5.txt,0.010029,80,75
adapted_instance344_m=2_n=15_l=15_c=10_s=1_6.txt,0.01802,80,72
adapted_instance344_m=2_n=15_l=15_c=10_s=1_7.txt,0.010552,80,76
adapted_instance344_m=2_n=15_l=15_c=10_s=1_8.txt,0.014564,81,72
adapted_instance344_m=2_n=15_l=15_c=10_s=1_9.txt,0.010671,80,75
adapted_instance344_m=2_n=15_l=15_c=10_s=1_10.txt,0.014806,84,75
adapted_instance346_m=2_n=15_l=15_c=10_s=0_1.txt,0.013976,85,76
adapted_instance346_m=2_n=15_l=15_c=10_s=0_2.txt,0.023949,87,75
adapted_instance346_m=2_n=15_l=15_c=10_s=0_3.txt,0.031262,88,75
adapted_instance346_m=2_n=15_l=15_c=10_s=0_4.txt,0.02315,84,78
adapted_instance346_m=2_n=15_l=15_c=10_s=0_5.txt,0.01388,86,81
adapted_instance346_m=2_n=15_l=15_c=10_s=0_6.txt,0.020935,84,76
adapted_instance346_m=2_n=15_l=15_c=10_s=0_7.txt,0.020873,87,76
adapted_instance346_m=2_n=15_l=15_c=10_s=0_8.txt,0.019001,91,77
adapted_instance346_m=2_n=15_l=15_c=10_s=0_9.txt,0.014144,91,79
adapted_instance346_m=2_n=15_l=15_c=10_s=0_10.txt,0.018339,87,79
adapted_instance348_m=2_n=15_l=15_c=10_s=2_1.txt,0.013889,87,79
adapted_instance348_m=2_n=15_l=15_c=10_s=2_2.txt,0.023091,83,75
adapted_instance348_m=2_n=15_l=15_c=10_s=2_3.txt,0.014433,85,79
adapted_instance348_m=2_n=15_l=15_c=10_s=2_4.txt,0.017552,82,76
adapted_instance348_m=2_n=15_l=15_c=10_s=2_5.txt,0.010738,84,78
adapted_instance348_m=2_n=15_l=15_c=10_s=2_6.txt,0.022459,86,77
adapted_instance348_m=2_n=15_l=15_c=10_s=2_7.txt,0.018155,87,78
adapted_instance348_m=2_n=15_l=15_c=10_s=2_8.txt,0.021126,88,77
adapted_instance348_m=2_n=15_l=15_c=10_s=2_9.txt,0.006742,84,79
adapted_instance348_m=2_n=15_l=15_c=10_s=2_10.txt,0.013862,87,77
adapted_instance350_m=2_n=15_l=15_c=10_s=1_1.txt,0.014355,70,63
adapted_instance350_m=2_n=15_l=15_c=10_s=1_2.txt,0.022133,75,63
adapted_instance350_m=2_n=15_l=15_c=10_s=1_3.txt,0.023444,73,63
adapted_instance350_m=2_n=15_l=15_c=10_s=1_4.txt,0.014511,71,64
adapted_instance350_m=2_n=15_l=15_c=10_s=1_5.txt,0.024537,69,63
adapted_instance350_m=2_n=15_l=15_c=10_s=1_6.txt,0.010794,73,65
adapted_instance350_m=2_n=15_l=15_c=10_s=1_7.txt,0.007576,72,68
adapted_instance350_m=2_n=15_l=15_c=10_s=1_8.txt,0.025362,72,62
adapted_instance350_m=2_n=15_l=15_c=10_s=1_9.txt,0.02052,73,62
adapted_instance350_m=2_n=15_l=15_c=10_s=1_10.txt,0.013723,67,63
adapted_instance352_m=2_n=15_l=15_c=10_s=0_1.txt,0.026644,91,78
adapted_instance352_m=2_n=15_l=15_c=10_s=0_2.txt,0.020078,83,75
adapted_instance352_m=2_n=15_l=15_c=10_s=0_3.txt,0.017201,86,75
adapted_instance352_m=2_n=15_l=15_c=10_s=0_4.txt,0.015834,85,77
adapted_instance352_m=2_n=15_l=15_c=10_s=0_5.txt,0.028152,90,73
adapted_instance352_m=2_n=15_l=15_c=10_s=0_6.txt,0.028574,86,74
adapted_instance352_m=2_n=15_l=15_c=10_s=0_7.txt,0.007274,80,77
adapted_instance352_m=2_n=15_l=15_c=10_s=0_8.txt,0.011008,83,77
adapted_instance352_m=2_n=15_l=15_c=10_s=0_9.txt,0.017699,84,78
adapted_instance352_m=2_n=15_l=15_c=10_s=0_10.txt,0.010488,83,77
adapted_instance362_m=2_n=15_l=20_c=8_s=1_1.txt,0.017727,57,53
adapted_instance362_m=2_n=15_l=20_c=8_s=1_2.txt,0.016521,56,53
adapted_instance362_m=2_n=15_l=20_c=8_s=1_3.txt,0.003996,53,53
adapted_instance362_m=2_n=15_l=20_c=8_s=1_4.txt,0.01254,55,52
adapted_instance362_m=2_n=15_l=20_c=8_s=1_5.txt,0.016546,59,52
adapted_instance362_m=2_n=15_l=20_c=8_s=1_6.txt,0.01673,55,52
adapted_instance362_m=2_n=15_l=20_c=8_s=1_7.txt,0.004091,54,54
adapted_instance362_m=2_n=15_l=20_c=8_s=1_8.txt,0.012283,56,53
adapted_instance362_m=2_n=15_l=20_c=8_s=1_9.txt,0.011923,59,53
adapted_instance362_m=2_n=15_l=20_c=8_s=1_10.txt,0.012435,58,54
adapted_instance364_m=2_n=15_l=20_c=8_s=0_1.txt,0.012991,61,57
adapted_instance364_m=2_n=15_l=20_c=8_s=0_2.txt,0.012351,59,56
adapted_instance364_m=2_n=15_l=20_c=8_s=0_3.txt,0.01353,61,57
adapted_instance364_m=2_n=15_l=20_c=8_s=0_4.txt,0.012228,60,56
adapted_instance364_m=2_n=15_l=20_c=8_s=0_5.txt,0.016361,62,56
adapted_instance364_m=2_n=15_l=20_c=8_s=0_6.txt,0.008615,58,56
adapted_instance364_m=2_n=15_l=20_c=8_s=0_7.txt,0.011956,61,57
adapted_instance364_m=2_n=15_l=20_c=8_s=0_8.txt,0.01617,61,56
adapted_instance364_m=2_n=15_l=20_c=8_s=0_9.txt,0.012134,59,56
adapted_instance364_m=2_n=15_l=20_c=8_s=0_10.txt,0.012304,60,56
adapted_instance366_m=2_n=15_l=20_c=8_s=2_1.txt,0.008105,52,50
adapted_instance366_m=2_n=15_l=20_c=8_s=2_2.txt,0.01193,56,51
adapted_instance366_m=2_n=15_l=20_c=8_s=2_3.txt,0.017234,56,50
adapted_instance366_m=2_n=15_l=20_c=8_s=2_4.txt,0.012996,54,50
adapted_instance366_m=2_n=15_l=20_c=8_s=2_5.txt,0.012475,53,49
adapted_instance366_m=2_n=15_l=20_c=8_s=2_6.txt,0.015996,54,49
adapted_instance366_m=2_n=15_l=20_c=8_s=2_7.txt,0.017346,58,50
adapted_instance366_m=2_n=15_l=20_c=8_s=2_8.txt,0.021329,57,49
adapted_instance366_m=2_n=15_l=20_c=8_s=2_9.txt,0.018325,55,51
adapted_instance366_m=2_n=15_l=20_c=8_s=2_10.txt,0.016533,55,50
adapted_instance368_m=2_n=15_l=20_c=8_s=1_1.txt,0.009096,62,60
adapted_instance368_m=2_n=15_l=20_c=8_s=1_2.txt,0.008247,61,60
adapted_instance368_m=2_n=15_l=20_c=8_s=1_3.txt,0.008317,61,60
adapted_instance368_m=2_n=15_l=20_c=8_s=1_4.txt,0.008588,62,60
adapted_instance368_m=2_n=15_l=20_c=8_s=1_5.txt,0.015194,63,60
adapted_instance368_m=2_n=15_l=20_c=8_s=1_6.txt,0.008343,63,61
adapted_instance368_m=2_n=15_l=20_c=8_s=1_7.txt,0.012492,62,60
adapted_instance368_m=2_n=15_l=20_c=8_s=1_8.txt,0.012636,62,60
adapted_instance368_m=2_n=15_l=20_c=8_s=1_9.txt,0.004093,60,60
adapted_instance368_m=2_n=15_l=20_c=8_s=1_10.txt,0.004333,60,60
adapted_instance370_m=2_n=15_l=20_c=8_s=0_1.txt,0.00806,60,59
adapted_instance370_m=2_n=15_l=20_c=8_s=0_2.txt,0.008264,61,60
adapted_instance370_m=2_n=15_l=20_c=8_s=0_3.txt,0.008242,63,59
adapted_instance370_m=2_n=15_l=20_c=8_s=0_4.txt,0.012184,62,59
adapted_instance370_m=2_n=15_l=20_c=8_s=0_5.txt,0.008449,61,59
adapted_instance370_m=2_n=15_l=20_c=8_s=0_6.txt,0.008264,61,59
adapted_instance370_m=2_n=15_l=20_c=8_s=0_7.txt,0.011838,62,59
adapted_instance370_m=2_n=15_l=20_c=8_s=0_8.txt,0.012633,62,59
adapted_instance370_m=2_n=15_l=20_c=8_s=0_9.txt,0.00414,59,59
adapted_instance370_m=2_n=15_l=20_c=8_s=0_10.txt,0.00421,59,59
adapted_instance372_m=2_n=15_l=20_c=8_s=2_1.txt,0.004337,63,63
adapted_instance372_m=2_n=15_l=20_c=8_s=2_2.txt,0.008222,65,63
adapted_instance372_m=2_n=15_l=20_c=8_s=2_3.txt,0.008544,64,63
adapted_instance372_m=2_n=15_l=20_c=8_s=2_4.txt,0.004203,63,63
adapted_instance372_m=2_n=15_l=20_c=8_s=2_5.txt,0.004337,63,63
adapted_instance372_m=2_n=15_l=20_c=8_s=2_6.txt,0.008114,66,63
adapted_instance372_m=2_n=15_l=20_c=8_s=2_7.txt,0.007916,64,63
adapted_instance372_m=2_n=15_l=20_c=8_s=2_8.txt,0.00949,64,63
adapted_instance372_m=2_n=15_l=20_c=8_s=2_9.txt,0.010991,64,63
adapted_instance372_m=2_n=15_l=20_c=8_s=2_10.txt,0.011524,64,63
adapted_instance374_m=2_n=15_l=20_c=8_s=1_1.txt,0.004683,63,63
adapted_instance374_m=2_n=15_l=20_c=8_s=1_2.txt,0.005364,63,63
adapted_instance374_m=2_n=15_l=20_c=8_s=1_3.txt,0.008136,65,63
adapted_instance374_m=2_n=15_l=20_c=8_s=1_4.txt,0.007958,64,63
adapted_instance374_m=2_n=15_l=20_c=8_s=1_5.txt,0.008617,64,63
adapted_instance374_m=2_n=15_l=20_c=8_s=1_6.txt,0.004202,63,63
adapted_instance374_m=2_n=15_l=20_c=8_s=1_7.txt,0.00432,63,63
adapted_instance374_m=2_n=15_l=20_c=8_s=1_8.txt,0.008564,65,63
adapted_instance374_m=2_n=15_l=20_c=8_s=1_9.txt,0.008155,64,63
adapted_instance374_m=2_n=15_l=20_c=8_s=1_10.txt,0.004099,63,63
adapted_instance376_m=2_n=15_l=20_c=8_s=0_1.txt,0.008393,67,66
adapted_instance376_m=2_n=15_l=20_c=8_s=0_2.txt,0.004228,66,66
adapted_instance376_m=2_n=15_l=20_c=8_s=0_3.txt,0.004251,66,66
adapted_instance376_m=2_n=15_l=20_c=8_s=0_4.txt,0.004165,66,66
adapted_instance376_m=2_n=15_l=20_c=8_s=0_5.txt,0.004177,66,66
adapted_instance376_m=2_n=15_l=20_c=8_s=0_6.txt,0.004186,66,66
adapted_instance376_m=2_n=15_l=20_c=8_s=0_7.txt,0.004159,66,66
adapted_instance376_m=2_n=15_l=20_c=8_s=0_8.txt,0.004083,66,66
adapted_instance376_m=2_n=15_l=20_c=8_s=0_9.txt,0.004249,66,66
adapted_instance376_m=2_n=15_l=20_c=8_s=0_10.txt,0.004077,66,66
adapted_instance398_m=2_n=15_l=20_c=12_s=1_1.txt,0.007037,47,45
adapted_instance398_m=2_n=15_l=20_c=12_s=1_2.txt,0.009945,46,44
adapted_instance398_m=2_n=15_l=20_c=12_s=1_3.txt,0.006724,45,44
adapted_instance398_m=2_n=15_l=20_c=12_s=1_4.txt,0.010114,46,44
adapted_instance398_m=2_n=15_l=20_c=12_s=1_5.txt,0.006602,47,45
adapted_instance398_m=2_n=15_l=20_c=12_s=1_6.txt,0.006836,48,44
adapted_instance398_m=2_n=15_l=20_c=12_s=1_7.txt,0.013119,48,44
adapted_instance398_m=2_n=15_l=20_c=12_s=1_8.txt,0.007056,46,45
adapted_instance398_m=2_n=15_l=20_c=12_s=1_9.txt,0.010329,47,44
adapted_instance398_m=2_n=15_l=20_c=12_s=1_10.txt,0.006786,49,45
adapted_instance400_m=2_n=15_l=20_c=12_s=0_1.txt,0.007628,62,60
adapted_instance400_m=2_n=15_l=20_c=12_s=0_2.txt,0.007377,61,60
adapted_instance400_m=2_n=15_l=20_c=12_s=0_3.txt,0.007376,61,60
adapted_instance400_m=2_n=15_l=20_c=12_s=0_4.txt,0.007252,62,60
adapted_instance400_m=2_n=15_l=20_c=12_s=0_5.txt,0.006679,61,60
adapted_instance400_m=2_n=15_l=20_c=12_s=0_6.txt,0.007383,63,60
adapted_instance400_m=2_n=15_l=20_c=12_s=0_7.txt,0.007233,61,60
adapted_instance400_m=2_n=15_l=20_c=12_s=0_8.txt,0.006908,61,60
adapted_instance400_m=2_n=15_l=20_c=12_s=0_9.txt,0.008023,62,60
adapted_instance400_m=2_n=15_l=20_c=12_s=0_10.txt,0.007635,61,60
adapted_instance402_m=2_n=15_l=20_c=12_s=2_1.txt,0.006888,52,48
adapted_instance402_m=2_n=15_l=20_c=12_s=2_2.txt,0.010077,53,48
adapted_instance402_m=2_n=15_l=20_c=12_s=2_3.txt,0.007045,50,48
adapted_instance402_m=2_n=15_l=20_c=12_s=2_4.txt,0.010659,52,48
adapted_instance402_m=2_n=15_l=20_c=12_s=2_5.txt,0.007223,50,48
adapted_instance402_m=2_n=15_l=20_c=12_s=2_6.txt,0.010356,50,48
adapted_instance402_m=2_n=15_l=20_c=12_s=2_7.txt,0.007178,50,48
adapted_instance402_m=2_n=15_l=20_c=12_s=2_8.txt,0.010365,51,48
adapted_instance402_m=2_n=15_l=20_c=12_s=2_9.txt,0.006673,50,48
adapted_instance402_m=2_n=15_l=20_c=12_s=2_10.txt,0.010819,52,48
adapted_instance404_m=2_n=15_l=20_c=12_s=1_1.txt,0.017006,58,51
adapted_instance404_m=2_n=15_l=20_c=12_s=1_2.txt,0.010106,55,51
adapted_instance404_m=2_n=15_l=20_c=12_s=1_3.txt,0.020489,55,52
adapted_instance404_m=2_n=15_l=20_c=12_s=1_4.txt,0.014926,55,51
adapted_instance404_m=2_n=15_l=20_c=12_s=1_5.txt,0.01061,54,51
adapted_instance404_m=2_n=15_l=20_c=12_s=1_6.txt,0.006681,55,53
adapted_instance404_m=2_n=15_l=20_c=12_s=1_7.txt,0.006925,54,52
adapted_instance404_m=2_n=15_l=20_c=12_s=1_8.txt,0.006527,54,52
adapted_instance404_m=2_n=15_l=20_c=12_s=1_9.txt,0.016072,57,51
adapted_instance404_m=2_n=15_l=20_c=12_s=1_10.txt,0.010026,58,53
adapted_instance406_m=2_n=15_l=20_c=12_s=0_1.txt,0.006757,46,45
adapted_instance406_m=2_n=15_l=20_c=12_s=0_2.txt,0.007445,47,44
adapted_instance406_m=2_n=15_l=20_c=12_s=0_3.txt,0.007131,48,44
adapted_instance406_m=2_n=15_l=20_c=12_s=0_4.txt,0.010668,47,44
adapted_instance406_m=2_n=15_l=20_c=12_s=0_5.txt,0.007228,48,45
adapted_instance406_m=2_n=15_l=20_c=12_s=0_6.txt,0.006986,46,45
adapted_instance406_m=2_n=15_l=20_c=12_s=0_7.txt,0.00679,47,45
adapted_instance406_m=2_n=15_l=20_c=12_s=0_8.txt,0.007429,47,45
adapted_instance406_m=2_n=15_l=20_c=12_s=0_9.txt,0.006952,48,45
adapted_instance406_m=2_n=15_l=20_c=12_s=0_10.txt,0.007043,47,44
adapted_instance408_m=2_n=15_l=20_c=12_s=2_1.txt,0.006888,59,58
adapted_instance408_m=2_n=15_l=20_c=12_s=2_2.txt,0.006786,59,58
adapted_instance408_m=2_n=15_l=20_c=12_s=2_3.txt,0.006777,59,58
adapted_instance408_m=2_n=15_l=20_c=12_s=2_4.txt,0.010501,60,58
adapted_instance408_m=2_n=15_l=20_c=12_s=2_5.txt,0.006582,62,58
adapted_instance408_m=2_n=15_l=20_c=12_s=2_6.txt,0.003328,58,58
adapted_instance408_m=2_n=15_l=20_c=12_s=2_7.txt,0.009824,60,58
adapted_instance408_m=2_n=15_l=20_c=12_s=2_8.txt,0.010366,63,58
adapted_instance408_m=2_n=15_l=20_c=12_s=2_9.txt,0.006725,60,58
adapted_instance408_m=2_n=15_l=20_c=12_s=2_10.txt,0.006922,60,58
adapted_instance418_m=2_n=15_l=20_c=12_s=0_1.txt,0.010165,51,48
adapted_instance418_m=2_n=15_l=20_c=12_s=0_2.txt,0.009409,51,48
adapted_instance418_m=2_n=15_l=20_c=12_s=0_3.txt,0.009791,54,48
adapted_instance418_m=2_n=15_l=20_c=12_s=0_4.txt,0.006892,50,49
adapted_instance418_m=2_n=15_l=20_c=12_s=0_5.txt,0.010113,57,48
adapted_instance418_m=2_n=15_l=20_c=12_s=0_6.txt,0.009787,53,48
adapted_instance418_m=2_n=15_l=20_c=12_s=0_7.txt,0.01033,56,48
adapted_instance418_m=2_n=15_l=20_c=12_s=0_8.txt,0.010005,52,49
adapted_instance418_m=2_n=15_l=20_c=12_s=0_9.txt,0.010273,51,48
adapted_instance418_m=2_n=15_l=20_c=12_s=0_10.txt,0.014421,51,48
adapted_instance420_m=2_n=15_l=20_c=12_s=2_1.txt,0.009714,56,49
adapted_instance420_m=2_n=15_l=20_c=12_s=2_2.txt,0.009916,53,49
adapted_instance420_m=2_n=15_l=20_c=12_s=2_3.txt,0.006556,52,50
adapted_instance420_m=2_n=15_l=20_c=12_s=2_4.txt,0.009974,54,48
adapted_instance420_m=2_n=15_l=20_c=12_s=2_5.txt,0.010194,56,49
adapted_instance420_m=2_n=15_l=20_c=12_s=2_6.txt,0.013321,55,49
adapted_instance420_m=2_n=15_l=20_c=12_s=2_7.txt,0.013558,56,49
adapted_instance420_m=2_n=15_l=20_c=12_s=2_8.txt,0.015837,52,48
adapted_instance420_m=2_n=15_l=20_c=12_s=2_9.txt,0.006796,51,49
adapted_instance420_m=2_n=15_l=20_c=12_s=2_10.txt,0.006822,53,50
adapted_instance452_m=2_n=15_l=20_c=15_s=1_1.txt,0.020945,102,88
adapted_instance452_m=2_n=15_l=20_c=15_s=1_2.txt,0.026127,96,86
adapted_instance452_m=2_n=15_l=20_c=15_s=1_3.txt,0.021877,103,88
adapted_instance452_m=2_n=15_l=20_c=15_s=1_4.txt,0.021143,98,88
adapted_instance452_m=2_n=15_l=20_c=15_s=1_5.txt,0.017083,97,89
adapted_instance452_m=2_n=15_l=20_c=15_s=1_6.txt,0.012639,99,88
adapted_instance452_m=2_n=15_l=20_c=15_s=1_7.txt,0.016696,95,91
adapted_instance452_m=2_n=15_l=20_c=15_s=1_8.txt,0.024965,102,87
adapted_instance452_m=2_n=15_l=20_c=15_s=1_9.txt,0.017098,99,89
adapted_instance452_m=2_n=15_l=20_c=15_s=1_10.txt,0.026519,100,89
adapted_instance454_m=2_n=15_l=20_c=15_s=0_1.txt,0.027089,98,88
adapted_instance454_m=2_n=15_l=20_c=15_s=0_2.txt,0.008925,95,91
adapted_instance454_m=2_n=15_l=20_c=15_s=0_3.txt,0.013188,99,92
adapted_instance454_m=2_n=15_l=20_c=15_s=0_4.txt,0.026869,104,89
adapted_instance454_m=2_n=15_l=20_c=15_s=0_5.txt,0.026521,98,90
adapted_instance454_m=2_n=15_l=20_c=15_s=0_6.txt,0.01336,97,91
adapted_instance454_m=2_n=15_l=20_c=15_s=0_7.txt,0.020698,101,91
adapted_instance454_m=2_n=15_l=20_c=15_s=0_8.txt,0.012957,98,91
adapted_instance454_m=2_n=15_l=20_c=15_s=0_9.txt,0.030505,102,89
adapted_instance454_m=2_n=15_l=20_c=15_s=0_10.txt,0.026976,102,88
adapted_instance692_m=3_n=15_l=20_c=15_s=1_1.txt,0.021446,96,86
adapted_instance692_m=3_n=15_l=20_c=15_s=1_2.txt,0.024862,93,83
adapted_instance692_m=3_n=15_l=20_c=15_s=1_3.txt,0.017324,93,87
adapted_instance692_m=3_n=15_l=20_c=15_s=1_4.txt,0.013332,93,85
adapted_instance692_m=3_n=15_l=20_c=15_s=1_5.txt,0.027183,93,84
adapted_instance692_m=3_n=15_l=20_c=15_s=1_6.txt,0.013155,92,87
adapted_instance692_m=3_n=15_l=20_c=15_s=1_7.txt,0.021974,96,85
adapted_instance692_m=3_n=15_l=20_c=15_s=1_8.txt,0.021496,97,86
adapted_instance692_m=3_n=15_l=20_c=15_s=1_9.txt,0.012808,92,86
adapted_instance692_m=3_n=15_l=20_c=15_s=1_10.txt,0.021323,91,84
adapted_instance694_m=3_n=15_l=20_c=15_s=0_1.txt,0.016825,98,87
adapted_instance694_m=3_n=15_l=20_c=15_s=0_2.txt,0.017397,99,88
adapted_instance694_m=3_n=15_l=20_c=15_s=0_3.txt,0.025875,97,87
adapted_instance694_m=3_n=15_l=20_c=15_s=0_4.txt,0.0176,92,86
adapted_instance694_m=3_n=15_l=20_c=15_s=0_5.txt,0.026097,97,86
adapted_instance694_m=3_n=15_l=20_c=15_s=0_6.txt,0.021552,103,91
adapted_instance694_m=3_n=15_l=20_c=15_s=0_7.txt,0.029294,97,85
adapted_instance694_m=3_n=15_l=20_c=15_s=0_8.txt,0.030363,96,84
adapted_instance694_m=3_n=15_l=20_c=15_s=0_9.txt,0.026283,95,85
adapted_instance694_m=3_n=15_l=20_c=15_s=0_10.txt,0.029483,99,86
adapted_instance696_m=3_n=15_l=20_c=15_s=2_1.txt,0.017811,96,90
adapted_instance696_m=3_n=15_l=20_c=15_s=2_2.txt,0.021332,100,90
adapted_instance696_m=3_n=15_l=20_c=15_s=2_3.txt,0.02656,101,90
adapted_instance696_m=3_n=15_l=20_c=15_s=2_4.txt,0.017079,98,91
adapted_instance696_m=3_n=15_l=20_c=15_s=2_5.txt,0.0127,98,92
adapted_instance696_m=3_n=15_l=20_c=15_s=2_6.txt,0.026696,97,88
adapted_instance696_m=3_n=15_l=20_c=15_s=2_7.txt,0.013044,98,89
adapted_instance696_m=3_n=15_l=20_c=15_s=2_8.txt,0.013527,103,90
adapted_instance696_m=3_n=15_l=20_c=15_s=2_9.txt,0.013267,96,90
adapted_instance696_m=3_n=15_l=20_c=15_s=2_10.txt,0.012975,96,91
adapted_instance698_m=3_n=15_l=20_c=15_s=1_1.txt,0.017132,103,90
adapted_instance698_m=3_n=15_l=20_c=15_s=1_2.txt,0.021172,97,88
adapted_instance698_m=3_n=15_l=20_c=15_s=1_3.txt,0.020043,96,90
adapted_instance698_m=3_n=15_l=20_c=15_s=1_4.txt,0.012793,102,90
adapted_instance698_m=3_n=15_l=20_c=15_s=1_5.txt,0.016977,100,91
adapted_instance698_m=3_n=15_l=20_c=15_s=1_6.txt,0.020991,105,93
adapted_instance698_m=3_n=15_l=20_c=15_s=1_7.txt,0.016736,99,90
adapted_instance698_m=3_n=15_l=20_c=15_s=1_8.txt,0.012981,99,90
adapted_instance698_m=3_n=15_l=20_c=15_s=1_9.txt,0.02099,101,92
adapted_instance698_m=3_n=15_l=20_c=15_s=1_10.txt,0.017228,93,88
adapted_instance700_m=3_n=15_l=20_c=15_s=0_1.txt,0.013272,98,93
adapted_instance700_m=3_n=15_l=20_c=15_s=0_2.txt,0.026362,103,91
adapted_instance700_m=3_n=15_l=20_c=15_s=0_3.txt,0.025855,98,89
adapted_instance700_m=3_n=15_l=20_c=15_s=0_4.txt,0.018058,105,92
adapted_instance700_m=3_n=15_l=20_c=15_s=0_5.txt,0.014124,96,90
adapted_instance700_m=3_n=15_l=20_c=15_s=0_6.txt,0.017105,102,90
adapted_instance700_m=3_n=15_l=20_c=15_s=0_7.txt,0.03154,98,89
adapted_instance700_m=3_n=15_l=20_c=15_s=0_8.txt,0.012306,101,91
adapted_instance700_m=3_n=15_l=20_c=15_s=0_9.txt,0.013247,99,91
adapted_instance700_m=3_n=15_l=20_c=15_s=0_10.txt,0.022494,101,92
adapted_instance702_m=3_n=15_l=20_c=15_s=2_1.txt,0.018473,95,86
adapted_instance702_m=3_n=15_l=20_c=15_s=2_2.txt,0.021127,93,85
adapted_instance702_m=3_n=15_l=20_c=15_s=2_3.txt,0.01854,96,87
adapted_instance702_m=3_n=15_l=20_c=15_s=2_4.txt,0.022057,97,84
adapted_instance702_m=3_n=15_l=20_c=15_s=2_5.txt,0.030714,99,84
adapted_instance702_m=3_n=15_l=20_c=15_s=2_6.txt,0.013336,96,87
adapted_instance702_m=3_n=15_l=20_c=15_s=2_7.txt,0.021988,95,86
adapted_instance702_m=3_n=15_l=20_c=15_s=2_8.txt,0.021135,97,82
adapted_instance702_m=3_n=15_l=20_c=15_s=2_9.txt,0.020253,93,82
adapted_instance702_m=3_n=15_l=20_c=15_s=2_10.txt,0.021653,93,86
adapted_instance704_m=3_n=15_l=20_c=15_s=1_1.txt,0.022817,93,85
adapted_instance704_m=3_n=15_l=20_c=15_s=1_2.txt,0.029729,94,82
adapted_instance704_m=3_n=15_l=20_c=15_s=1_3.txt,0.013072,89,82
adapted_instance704_m=3_n=15_l=20_c=15_s=1_4.txt,0.025126,90,81
adapted_instance704_m=3_n=15_l=20_c=15_s=1_5.txt,0.017619,88,83
adapted_instance704_m=3_n=15_l=20_c=15_s=1_6.txt,0.012806,95,84
adapted_instance704_m=3_n=15_l=20_c=15_s=1_7.txt,0.012785,89,85
adapted_instance704_m=3_n=15_l=20_c=15_s=1_8.txt,0.028672,93,81
adapted_instance704_m=3_n=15_l=20_c=15_s=1_9.txt,0.025618,95,83
adapted_instance704_m=3_n=15_l=20_c=15_s=1_10.txt,0.017186,95,82
adapted_instance706_m=3_n=15_l=20_c=15_s=0_1.txt,0.012382,107,102
adapted_instance706_m=3_n=15_l=20_c=15_s=0_2.txt,0.020888,111,99
adapted_instance706_m=3_n=15_l=20_c=15_s=0_3.txt,0.016811,104,100
adapted_instance706_m=3_n=15_l=20_c=15_s=0_4.txt,0.008269,108,101
adapted_instance706_m=3_n=15_l=20_c=15_s=0_5.txt,0.01635,109,102
adapted_instance706_m=3_n=15_l=20_c=15_s=0_6.txt,0.012394,108,100
adapted_instance706_m=3_n=15_l=20_c=15_s=0_7.txt,0.020953,109,102
adapted_instance706_m=3_n=15_l=20_c=15_s=0_8.txt,0.016541,107,101
adapted_instance706_m=3_n=15_l=20_c=15_s=0_9.txt,0.020174,109,100
adapted_instance706_m=3_n=15_l=20_c=15_s=0_10.txt,0.016137,110,101
adapted_instance708_m=3_n=15_l=20_c=15_s=2_1.txt,0.012752,106,101
adapted_instance708_m=3_n=15_l=20_c=15_s=2_2.txt,0.013232,109,101
adapted_instance708_m=3_n=15_l=20_c=15_s=2_3.txt,0.01671,103,99
adapted_instance708_m=3_n=15_l=20_c=15_s=2_4.txt,0.01668,104,99
adapted_instance708_m=3_n=15_l=20_c=15_s=2_5.txt,0.020738,111,98
adapted_instance708_m=3_n=15_l=20_c=15_s=2_6.txt,0.016679,104,98
adapted_instance708_m=3_n=15_l=20_c=15_s=2_7.txt,0.012042,108,100
adapted_instance708_m=3_n=15_l=20_c=15_s=2_8.txt,0.016421,109,100
adapted_instance708_m=3_n=15_l=20_c=15_s=2_9.txt,0.01229,108,100
adapted_instance708_m=3_n=15_l=20_c=15_s=2_10.txt,0.012578,107,99
adapted_instance710_m=3_n=15_l=20_c=15_s=1_1.txt,0.021432,88,74
adapted_instance710_m=3_n=15_l=20_c=15_s=1_2.txt,0.023833,86,76
adapted_instance710_m=3_n=15_l=20_c=15_s=1_3.txt,0.022231,90,76
adapted_instance710_m=3_n=15_l=20_c=15_s=1_4.txt,0.025941,86,73
adapted_instance710_m=3_n=15_l=20_c=15_s=1_5.txt,0.034725,82,72
adapted_instance710_m=3_n=15_l=20_c=15_s=1_6.txt,0.042713,87,71
adapted_instance710_m=3_n=15_l=20_c=15_s=1_7.txt,0.021148,86,76
adapted_instance710_m=3_n=15_l=20_c=15_s=1_8.txt,0.017414,84,77
adapted_instance710_m=3_n=15_l=20_c=15_s=1_9.txt,0.03418,91,75
adapted_instance710_m=3_n=15_l=20_c=15_s=1_10.txt,0.02526,89,74
adapted_instance712_m=3_n=15_l=20_c=15_s=0_1.txt,0.025866,91,79
adapted_instance712_m=3_n=15_l=20_c=15_s=0_2.txt,0.017583,89,79
adapted_instance712_m=3_n=15_l=20_c=15_s=0_3.txt,0.019597,88,81
adapted_instance712_m=3_n=15_l=20_c=15_s=0_4.txt,0.013328,86,83
adapted_instance712_m=3_n=15_l=20_c=15_s=0_5.txt,0.009401,96,85
adapted_instance712_m=3_n=15_l=20_c=15_s=0_6.txt,0.008588,83,80
adapted_instance712_m=3_n=15_l=20_c=15_s=0_7.txt,0.024897,92,78
adapted_instance712_m=3_n=15_l=20_c=15_s=0_8.txt,0.020627,92,81
adapted_instance712_m=3_n=15_l=20_c=15_s=0_9.txt,0.021339,88,80
adapted_instance712_m=3_n=15_l=20_c=15_s=0_10.txt,0.023801,94,80
adapted_instance714_m=3_n=15_l=20_c=15_s=2_1.txt,0.017182,86,80
adapted_instance714_m=3_n=15_l=20_c=15_s=2_2.txt,0.024819,85,76
adapted_instance714_m=3_n=15_l=20_c=15_s=2_3.txt,0.021763,89,79
adapted_instance714_m=3_n=15_l=20_c=15_s=2_4.txt,0.017324,88,79
adapted_instance714_m=3_n=15_l=20_c=15_s=2_5.txt,0.021267,91,79
adapted_instance714_m=3_n=15_l=20_c=15_s=2_6.txt,0.025235,88,77
adapted_instance714_m=3_n=15_l=20_c=15_s=2_7.txt,0.021176,87,78
adapted_instance714_m=3_n=15_l=20_c=15_s=2_8.txt,0.02086,85,78
adapted_instance714_m=3_n=15_l=20_c=15_s=2_9.txt,0.021931,90,79
adapted_instance714_m=3_n=15_l=20_c=15_s=2_10.txt,0.022144,87,78
adapted_instance716_m=3_n=15_l=20_c=15_s=1_1.txt,0.020622,88,77
adapted_instance716_m=3_n=15_l=20_c=15_s=1_2.txt,0.021982,94,77
adapted_instance716_m=3_n=15_l=20_c=15_s=1_3.txt,0.02077,91,79
adapted_instance716_m=3_n=15_l=20_c=15_s=1_4.txt,0.030496,96,77
adapted_instance716_m=3_n=15_l=20_c=15_s=1_5.txt,0.01711,83,77
adapted_instance716_m=3_n=15_l=20_c=15_s=1_6.txt,0.026772,88,79
adapted_instance716_m=3_n=15_l=20_c=15_s=1_7.txt,0.034838,87,74
adapted_instance716_m=3_n=15_l=20_c=15_s=1_8.txt,0.021291,88,77
adapted_instance716_m=3_n=15_l=20_c=15_s=1_9.txt,0.022263,86,78
adapted_instance716_m=3_n=15_l=20_c=15_s=1_10.txt,0.024439,88,76
