Instance_Name,Execution_Time,Initial_Solution,Final_Solution
adapted_instance242_m=2_n=15_l=15_c=5_s=1_1.txt,0.008354,48,44
adapted_instance242_m=2_n=15_l=15_c=5_s=1_2.txt,0.008456,46,44
adapted_instance242_m=2_n=15_l=15_c=5_s=1_3.txt,0.011111,47,44
adapted_instance242_m=2_n=15_l=15_c=5_s=1_4.txt,0.011031,48,44
adapted_instance242_m=2_n=15_l=15_c=5_s=1_5.txt,0.008192,45,44
adapted_instance242_m=2_n=15_l=15_c=5_s=1_6.txt,0.005596,44,44
adapted_instance242_m=2_n=15_l=15_c=5_s=1_7.txt,0.010753,47,44
adapted_instance242_m=2_n=15_l=15_c=5_s=1_8.txt,0.011296,47,44
adapted_instance242_m=2_n=15_l=15_c=5_s=1_9.txt,0.010887,48,44
adapted_instance242_m=2_n=15_l=15_c=5_s=1_10.txt,0.008375,46,44
adapted_instance244_m=2_n=15_l=15_c=5_s=0_1.txt,0.00571,44,44
adapted_instance244_m=2_n=15_l=15_c=5_s=0_2.txt,0.011212,46,44
adapted_instance244_m=2_n=15_l=15_c=5_s=0_3.txt,0.005662,44,44
adapted_instance244_m=2_n=15_l=15_c=5_s=0_4.txt,0.008456,48,44
adapted_instance244_m=2_n=15_l=15_c=5_s=0_5.txt,0.008322,47,44
adapted_instance244_m=2_n=15_l=15_c=5_s=0_6.txt,0.010815,47,44
adapted_instance244_m=2_n=15_l=15_c=5_s=0_7.txt,0.008568,46,44
adapted_instance244_m=2_n=15_l=15_c=5_s=0_8.txt,0.008242,46,44
adapted_instance244_m=2_n=15_l=15_c=5_s=0_9.txt,0.011249,48,44
adapted_instance244_m=2_n=15_l=15_c=5_s=0_10.txt,0.009343,46,44
adapted_instance246_m=2_n=15_l=15_c=5_s=2_1.txt,0.008202,44,43
adapted_instance246_m=2_n=15_l=15_c=5_s=2_2.txt,0.011027,46,43
adapted_instance246_m=2_n=15_l=15_c=5_s=2_3.txt,0.011206,46,43
adapted_instance246_m=2_n=15_l=15_c=5_s=2_4.txt,0.011221,47,43
adapted_instance246_m=2_n=15_l=15_c=5_s=2_5.txt,0.005865,43,43
adapted_instance246_m=2_n=15_l=15_c=5_s=2_6.txt,0.011329,46,43
adapted_instance246_m=2_n=15_l=15_c=5_s=2_7.txt,0.008473,44,43
adapted_instance246_m=2_n=15_l=15_c=5_s=2_8.txt,0.008401,45,43
adapted_instance246_m=2_n=15_l=15_c=5_s=2_9.txt,0.008314,45,43
adapted_instance246_m=2_n=15_l=15_c=5_s=2_10.txt,0.008518,44,43
adapted_instance248_m=2_n=15_l=15_c=5_s=1_1.txt,0.013774,44,41
adapted_instance248_m=2_n=15_l=15_c=5_s=1_2.txt,0.013557,45,40
adapted_instance248_m=2_n=15_l=15_c=5_s=1_3.txt,0.014297,47,41
adapted_instance248_m=2_n=15_l=15_c=5_s=1_4.txt,0.0134,45,41
adapted_instance248_m=2_n=15_l=15_c=5_s=1_5.txt,0.010844,43,41
adapted_instance248_m=2_n=15_l=15_c=5_s=1_6.txt,0.013727,47,41
adapted_instance248_m=2_n=15_l=15_c=5_s=1_7.txt,0.010533,45,41
adapted_instance248_m=2_n=15_l=15_c=5_s=1_8.txt,0.013754,44,40
adapted_instance248_m=2_n=15_l=15_c=5_s=1_9.txt,0.013562,45,40
adapted_instance248_m=2_n=15_l=15_c=5_s=1_10.txt,0.015982,46,40
adapted_instance250_m=2_n=15_l=15_c=5_s=0_1.txt,0.010888,47,42
adapted_instance250_m=2_n=15_l=15_c=5_s=0_2.txt,0.013543,45,42
adapted_instance250_m=2_n=15_l=15_c=5_s=0_3.txt,0.013803,46,42
adapted_instance250_m=2_n=15_l=15_c=5_s=0_4.txt,0.008394,44,42
adapted_instance250_m=2_n=15_l=15_c=5_s=0_5.txt,0.01103,46,42
adapted_instance250_m=2_n=15_l=15_c=5_s=0_6.txt,0.01341,46,42
adapted_instance250_m=2_n=15_l=15_c=5_s=0_7.txt,0.008022,45,43
adapted_instance250_m=2_n=15_l=15_c=5_s=0_8.txt,0.011072,45,42
adapted_instance250_m=2_n=15_l=15_c=5_s=0_9.txt,0.008637,45,42
adapted_instance250_m=2_n=15_l=15_c=5_s=0_10.txt,0.008332,43,42
adapted_instance252_m=2_n=15_l=15_c=5_s=2_1.txt,0.011051,44,42
adapted_instance252_m=2_n=15_l=15_c=5_s=2_2.txt,0.011468,47,43
adapted_instance252_m=2_n=15_l=15_c=5_s=2_3.txt,0.011553,45,42
adapted_instance252_m=2_n=15_l=15_c=5_s=2_4.txt,0.010987,44,42
adapted_instance252_m=2_n=15_l=15_c=5_s=2_5.txt,0.010703,46,42
adapted_instance252_m=2_n=15_l=15_c=5_s=2_6.txt,0.011187,45,42
adapted_instance252_m=2_n=15_l=15_c=5_s=2_7.txt,0.01124,45,42
adapted_instance252_m=2_n=15_l=15_c=5_s=2_8.txt,0.010594,44,42
adapted_instance252_m=2_n=15_l=15_c=5_s=2_9.txt,0.010739,45,42
adapted_instance252_m=2_n=15_l=15_c=5_s=2_10.txt,0.008222,44,42
adapted_instance254_m=2_n=15_l=15_c=5_s=1_1.txt,0.008239,45,43
adapted_instance254_m=2_n=15_l=15_c=5_s=1_2.txt,0.013953,47,43
adapted_instance254_m=2_n=15_l=15_c=5_s=1_3.txt,0.011224,46,43
adapted_instance254_m=2_n=15_l=15_c=5_s=1_4.txt,0.008108,45,43
adapted_instance254_m=2_n=15_l=15_c=5_s=1_5.txt,0.014392,47,43
adapted_instance254_m=2_n=15_l=15_c=5_s=1_6.txt,0.010908,45,43
adapted_instance254_m=2_n=15_l=15_c=5_s=1_7.txt,0.013475,47,43
adapted_instance254_m=2_n=15_l=15_c=5_s=1_8.txt,0.011321,47,43
adapted_instance254_m=2_n=15_l=15_c=5_s=1_9.txt,0.011533,46,43
adapted_instance254_m=2_n=15_l=15_c=5_s=1_10.txt,0.010894,46,43
adapted_instance256_m=2_n=15_l=15_c=5_s=0_1.txt,0.010926,45,43
adapted_instance256_m=2_n=15_l=15_c=5_s=0_2.txt,0.010945,45,43
adapted_instance256_m=2_n=15_l=15_c=5_s=0_3.txt,0.008443,46,44
adapted_instance256_m=2_n=15_l=15_c=5_s=0_4.txt,0.008132,44,43
adapted_instance256_m=2_n=15_l=15_c=5_s=0_5.txt,0.011082,47,43
adapted_instance256_m=2_n=15_l=15_c=5_s=0_6.txt,0.008225,45,44
adapted_instance256_m=2_n=15_l=15_c=5_s=0_7.txt,0.008541,45,44
adapted_instance256_m=2_n=15_l=15_c=5_s=0_8.txt,0.008337,47,44
adapted_instance256_m=2_n=15_l=15_c=5_s=0_9.txt,0.011134,45,43
adapted_instance256_m=2_n=15_l=15_c=5_s=0_10.txt,0.011048,45,43
adapted_instance272_m=2_n=15_l=15_c=10_s=1_1.txt,0.007098,39,36
adapted_instance272_m=2_n=15_l=15_c=10_s=1_2.txt,0.007141,40,36
adapted_instance272_m=2_n=15_l=15_c=10_s=1_3.txt,0.005214,36,36
adapted_instance272_m=2_n=15_l=15_c=10_s=1_4.txt,0.007525,37,36
adapted_instance272_m=2_n=15_l=15_c=10_s=1_5.txt,0.005124,36,36
adapted_instance272_m=2_n=15_l=15_c=10_s=1_6.txt,0.012208,39,35
adapted_instance272_m=2_n=15_l=15_c=10_s=1_7.txt,0.0094,38,35
adapted_instance272_m=2_n=15_l=15_c=10_s=1_8.txt,0.004686,36,36
adapted_instance272_m=2_n=15_l=15_c=10_s=1_9.txt,0.009589,41,36
adapted_instance272_m=2_n=15_l=15_c=10_s=1_10.txt,0.009419,42,36
adapted_instance286_m=2_n=15_l=15_c=10_s=0_1.txt,0.009786,39,35
adapted_instance286_m=2_n=15_l=15_c=10_s=0_2.txt,0.007463,38,35
adapted_instance286_m=2_n=15_l=15_c=10_s=0_3.txt,0.009544,37,34
adapted_instance286_m=2_n=15_l=15_c=10_s=0_4.txt,0.009276,39,34
adapted_instance286_m=2_n=15_l=15_c=10_s=0_5.txt,0.007071,37,34
adapted_instance286_m=2_n=15_l=15_c=10_s=0_6.txt,0.00693,36,35
adapted_instance286_m=2_n=15_l=15_c=10_s=0_7.txt,0.009403,39,34
adapted_instance286_m=2_n=15_l=15_c=10_s=0_8.txt,0.009445,36,34
adapted_instance286_m=2_n=15_l=15_c=10_s=0_9.txt,0.009352,38,34
adapted_instance286_m=2_n=15_l=15_c=10_s=0_10.txt,0.012237,39,34
adapted_instance302_m=2_n=15_l=15_c=10_s=1_1.txt,0.010765,59,53
adapted_instance302_m=2_n=15_l=15_c=10_s=1_2.txt,0.01129,59,54
adapted_instance302_m=2_n=15_l=15_c=10_s=1_3.txt,0.014523,56,52
adapted_instance302_m=2_n=15_l=15_c=10_s=1_4.txt,0.014419,62,53
adapted_instance302_m=2_n=15_l=15_c=10_s=1_5.txt,0.013759,59,54
adapted_instance302_m=2_n=15_l=15_c=10_s=1_6.txt,0.011499,59,53
adapted_instance302_m=2_n=15_l=15_c=10_s=1_7.txt,0.008708,58,55
adapted_instance302_m=2_n=15_l=15_c=10_s=1_8.txt,0.011598,58,54
adapted_instance302_m=2_n=15_l=15_c=10_s=1_9.txt,0.014955,57,53
adapted_instance302_m=2_n=15_l=15_c=10_s=1_10.txt,0.016351,60,52
adapted_instance304_m=2_n=15_l=15_c=10_s=0_1.txt,0.013779,49,39
adapted_instance304_m=2_n=15_l=15_c=10_s=0_2.txt,0.007832,40,39
adapted_instance304_m=2_n=15_l=15_c=10_s=0_3.txt,0.013682,47,39
adapted_instance304_m=2_n=15_l=15_c=10_s=0_4.txt,0.011706,43,40
adapted_instance304_m=2_n=15_l=15_c=10_s=0_5.txt,0.014151,46,40
adapted_instance304_m=2_n=15_l=15_c=10_s=0_6.txt,0.013693,46,40
adapted_instance304_m=2_n=15_l=15_c=10_s=0_7.txt,0.013508,51,39
adapted_instance304_m=2_n=15_l=15_c=10_s=0_8.txt,0.010782,46,40
adapted_instance304_m=2_n=15_l=15_c=10_s=0_9.txt,0.011173,42,40
adapted_instance304_m=2_n=15_l=15_c=10_s=0_10.txt,0.021253,48,37
adapted_instance306_m=2_n=15_l=15_c=10_s=2_1.txt,0.011235,46,42
adapted_instance306_m=2_n=15_l=15_c=10_s=2_2.txt,0.016353,49,40
adapted_instance306_m=2_n=15_l=15_c=10_s=2_3.txt,0.020831,51,41
adapted_instance306_m=2_n=15_l=15_c=10_s=2_4.txt,0.011202,48,42
adapted_instance306_m=2_n=15_l=15_c=10_s=2_5.txt,0.011152,48,42
adapted_instance306_m=2_n=15_l=15_c=10_s=2_6.txt,0.01671,52,42
adapted_instance306_m=2_n=15_l=15_c=10_s=2_7.txt,0.010578,47,42
adapted_instance306_m=2_n=15_l=15_c=10_s=2_8.txt,0.010811,47,43
adapted_instance306_m=2_n=15_l=15_c=10_s=2_9.txt,0.014561,53,41
adapted_instance306_m=2_n=15_l=15_c=10_s=2_10.txt,0.011138,46,41
adapted_instance308_m=2_n=15_l=15_c=10_s=1_1.txt,0.015055,58,52
adapted_instance308_m=2_n=15_l=15_c=10_s=1_2.txt,0.01457,60,53
adapted_instance308_m=2_n=15_l=15_c=10_s=1_3.txt,0.013913,56,53
adapted_instance308_m=2_n=15_l=15_c=10_s=1_4.txt,0.011557,56,52
adapted_instance308_m=2_n=15_l=15_c=10_s=1_5.txt,0.008685,56,54
adapted_instance308_m=2_n=15_l=15_c=10_s=1_6.txt,0.019499,60,52
adapted_instance308_m=2_n=15_l=15_c=10_s=1_7.txt,0.017705,60,52
adapted_instance308_m=2_n=15_l=15_c=10_s=1_8.txt,0.019602,60,52
adapted_instance308_m=2_n=15_l=15_c=10_s=1_9.txt,0.011071,60,54
adapted_instance308_m=2_n=15_l=15_c=10_s=1_10.txt,0.014374,60,52
adapted_instance314_m=2_n=15_l=15_c=10_s=1_1.txt,0.014244,67,60
adapted_instance314_m=2_n=15_l=15_c=10_s=1_2.txt,0.017194,65,59
adapted_instance314_m=2_n=15_l=15_c=10_s=1_3.txt,0.014692,64,59
adapted_instance314_m=2_n=15_l=15_c=10_s=1_4.txt,0.008943,62,61
adapted_instance314_m=2_n=15_l=15_c=10_s=1_5.txt,0.014379,65,59
adapted_instance314_m=2_n=15_l=15_c=10_s=1_6.txt,0.014697,66,60
adapted_instance314_m=2_n=15_l=15_c=10_s=1_7.txt,0.011703,66,60
adapted_instance314_m=2_n=15_l=15_c=10_s=1_8.txt,0.011691,64,61
adapted_instance314_m=2_n=15_l=15_c=10_s=1_9.txt,0.014731,66,60
adapted_instance314_m=2_n=15_l=15_c=10_s=1_10.txt,0.014661,68,60
adapted_instance316_m=2_n=15_l=15_c=10_s=0_1.txt,0.011596,53,50
adapted_instance316_m=2_n=15_l=15_c=10_s=0_2.txt,0.017169,55,48
adapted_instance316_m=2_n=15_l=15_c=10_s=0_3.txt,0.012434,55,49
adapted_instance316_m=2_n=15_l=15_c=10_s=0_4.txt,0.011699,56,50
adapted_instance316_m=2_n=15_l=15_c=10_s=0_5.txt,0.014914,55,49
adapted_instance316_m=2_n=15_l=15_c=10_s=0_6.txt,0.013756,55,49
adapted_instance316_m=2_n=15_l=15_c=10_s=0_7.txt,0.017549,57,49
adapted_instance316_m=2_n=15_l=15_c=10_s=0_8.txt,0.013759,57,49
adapted_instance316_m=2_n=15_l=15_c=10_s=0_9.txt,0.011279,55,50
adapted_instance316_m=2_n=15_l=15_c=10_s=0_10.txt,0.014475,57,49
adapted_instance318_m=2_n=15_l=15_c=10_s=2_1.txt,0.011633,52,49
adapted_instance318_m=2_n=15_l=15_c=10_s=2_2.txt,0.020063,56,49
adapted_instance318_m=2_n=15_l=15_c=10_s=2_3.txt,0.013837,52,48
adapted_instance318_m=2_n=15_l=15_c=10_s=2_4.txt,0.011914,55,49
adapted_instance318_m=2_n=15_l=15_c=10_s=2_5.txt,0.014205,54,47
adapted_instance318_m=2_n=15_l=15_c=10_s=2_6.txt,0.011202,54,50
adapted_instance318_m=2_n=15_l=15_c=10_s=2_7.txt,0.011781,58,50
adapted_instance318_m=2_n=15_l=15_c=10_s=2_8.txt,0.011436,52,49
adapted_instance318_m=2_n=15_l=15_c=10_s=2_9.txt,0.011245,56,49
adapted_instance318_m=2_n=15_l=15_c=10_s=2_10.txt,0.014854,54,49
adapted_instance320_m=2_n=15_l=15_c=10_s=1_1.txt,0.016508,52,43
adapted_instance320_m=2_n=15_l=15_c=10_s=1_2.txt,0.0112,48,43
adapted_instance320_m=2_n=15_l=15_c=10_s=1_3.txt,0.011186,50,43
adapted_instance320_m=2_n=15_l=15_c=10_s=1_4.txt,0.017295,50,43
adapted_instance320_m=2_n=15_l=15_c=10_s=1_5.txt,0.01108,51,43
adapted_instance320_m=2_n=15_l=15_c=10_s=1_6.txt,0.013377,50,42
adapted_instance320_m=2_n=15_l=15_c=10_s=1_7.txt,0.008756,47,44
adapted_instance320_m=2_n=15_l=15_c=10_s=1_8.txt,0.011135,50,44
adapted_instance320_m=2_n=15_l=15_c=10_s=1_9.txt,0.011252,48,43
adapted_instance320_m=2_n=15_l=15_c=10_s=1_10.txt,0.011559,50,43
adapted_instance322_m=2_n=15_l=15_c=10_s=0_1.txt,0.012507,63,57
adapted_instance322_m=2_n=15_l=15_c=10_s=0_2.txt,0.014076,63,58
adapted_instance322_m=2_n=15_l=15_c=10_s=0_3.txt,0.011436,65,59
adapted_instance322_m=2_n=15_l=15_c=10_s=0_4.txt,0.017722,64,58
adapted_instance322_m=2_n=15_l=15_c=10_s=0_5.txt,0.013372,65,58
adapted_instance322_m=2_n=15_l=15_c=10_s=0_6.txt,0.011543,61,58
adapted_instance322_m=2_n=15_l=15_c=10_s=0_7.txt,0.011164,61,58
adapted_instance322_m=2_n=15_l=15_c=10_s=0_8.txt,0.011219,62,57
adapted_instance322_m=2_n=15_l=15_c=10_s=0_9.txt,0.011201,61,59
adapted_instance322_m=2_n=15_l=15_c=10_s=0_10.txt,0.011604,66,60
adapted_instance324_m=2_n=15_l=15_c=10_s=2_1.txt,0.016392,64,56
adapted_instance324_m=2_n=15_l=15_c=10_s=2_2.txt,0.020826,66,57
adapted_instance324_m=2_n=15_l=15_c=10_s=2_3.txt,0.015727,62,56
adapted_instance324_m=2_n=15_l=15_c=10_s=2_4.txt,0.014951,63,56
adapted_instance324_m=2_n=15_l=15_c=10_s=2_5.txt,0.01179,64,57
adapted_instance324_m=2_n=15_l=15_c=10_s=2_6.txt,0.017074,64,56
adapted_instance324_m=2_n=15_l=15_c=10_s=2_7.txt,0.010699,59,56
adapted_instance324_m=2_n=15_l=15_c=10_s=2_8.txt,0.010987,61,56
adapted_instance324_m=2_n=15_l=15_c=10_s=2_9.txt,0.014087,64,56
adapted_instance324_m=2_n=15_l=15_c=10_s=2_10.txt,0.011343,60,56
adapted_instance326_m=2_n=15_l=15_c=10_s=1_1.txt,0.01379,53,48
adapted_instance326_m=2_n=15_l=15_c=10_s=1_2.txt,0.010914,54,48
adapted_instance326_m=2_n=15_l=15_c=10_s=1_3.txt,0.012416,56,49
adapted_instance326_m=2_n=15_l=15_c=10_s=1_4.txt,0.015279,57,49
adapted_instance326_m=2_n=15_l=15_c=10_s=1_5.txt,0.016407,54,48
adapted_instance326_m=2_n=15_l=15_c=10_s=1_6.txt,0.013566,54,49
adapted_instance326_m=2_n=15_l=15_c=10_s=1_7.txt,0.013969,56,49
adapted_instance326_m=2_n=15_l=15_c=10_s=1_8.txt,0.014146,57,48
adapted_instance326_m=2_n=15_l=15_c=10_s=1_9.txt,0.011272,54,48
adapted_instance326_m=2_n=15_l=15_c=10_s=1_10.txt,0.010977,55,50
adapted_instance328_m=2_n=15_l=15_c=10_s=0_1.txt,0.013616,52,48
adapted_instance328_m=2_n=15_l=15_c=10_s=0_2.txt,0.008521,52,49
adapted_instance328_m=2_n=15_l=15_c=10_s=0_3.txt,0.013482,59,48
adapted_instance328_m=2_n=15_l=15_c=10_s=0_4.txt,0.013587,53,49
adapted_instance328_m=2_n=15_l=15_c=10_s=0_5.txt,0.011244,54,48
adapted_instance328_m=2_n=15_l=15_c=10_s=0_6.txt,0.013781,55,48
adapted_instance328_m=2_n=15_l=15_c=10_s=0_7.txt,0.011359,53,49
adapted_instance328_m=2_n=15_l=15_c=10_s=0_8.txt,0.011617,54,49
adapted_instance328_m=2_n=15_l=15_c=10_s=0_9.txt,0.017001,58,48
adapted_instance328_m=2_n=15_l=15_c=10_s=0_10.txt,0.008585,50,48
adapted_instance330_m=2_n=15_l=15_c=10_s=2_1.txt,0.007845,52,47
adapted_instance330_m=2_n=15_l=15_c=10_s=2_2.txt,0.01132,55,48
adapted_instance330_m=2_n=15_l=15_c=10_s=2_3.txt,0.014505,50,47
adapted_instance330_m=2_n=15_l=15_c=10_s=2_4.txt,0.019333,55,47
adapted_instance330_m=2_n=15_l=15_c=10_s=2_5.txt,0.013403,52,47
adapted_instance330_m=2_n=15_l=15_c=10_s=2_6.txt,0.013066,55,47
adapted_instance330_m=2_n=15_l=15_c=10_s=2_7.txt,0.013154,53,47
adapted_instance330_m=2_n=15_l=15_c=10_s=2_8.txt,0.011305,54,47
adapted_instance330_m=2_n=15_l=15_c=10_s=2_9.txt,0.019454,53,47
adapted_instance330_m=2_n=15_l=15_c=10_s=2_10.txt,0.01662,54,46
adapted_instance332_m=2_n=15_l=15_c=10_s=1_1.txt,0.023602,76,66
adapted_instance332_m=2_n=15_l=15_c=10_s=1_2.txt,0.020909,74,65
adapted_instance332_m=2_n=15_l=15_c=10_s=1_3.txt,0.017285,75,65
adapted_instance332_m=2_n=15_l=15_c=10_s=1_4.txt,0.020523,81,65
adapted_instance332_m=2_n=15_l=15_c=10_s=1_5.txt,0.030571,78,63
adapted_instance332_m=2_n=15_l=15_c=10_s=1_6.txt,0.025437,80,64
adapted_instance332_m=2_n=15_l=15_c=10_s=1_7.txt,0.026063,78,66
adapted_instance332_m=2_n=15_l=15_c=10_s=1_8.txt,0.025121,79,64
adapted_instance332_m=2_n=15_l=15_c=10_s=1_9.txt,0.021513,72,66
adapted_instance332_m=2_n=15_l=15_c=10_s=1_10.txt,0.017248,76,66
adapted_instance334_m=2_n=15_l=15_c=10_s=0_1.txt,0.021276,82,72
adapted_instance334_m=2_n=15_l=15_c=10_s=0_2.txt,0.016767,80,74
adapted_instance334_m=2_n=15_l=15_c=10_s=0_3.txt,0.033081,90,71
adapted_instance334_m=2_n=15_l=15_c=10_s=0_4.txt,0.022648,86,73
adapted_instance334_m=2_n=15_l=15_c=10_s=0_5.txt,0.031209,83,70
adapted_instance334_m=2_n=15_l=15_c=10_s=0_6.txt,0.021962,81,73
adapted_instance334_m=2_n=15_l=15_c=10_s=0_7.txt,0.021203,85,73
adapted_instance334_m=2_n=15_l=15_c=10_s=0_8.txt,0.023983,84,71
adapted_instance334_m=2_n=15_l=15_c=10_s=0_9.txt,0.027156,84,71
adapted_instance334_m=2_n=15_l=15_c=10_s=0_10.txt,0.017487,86,76
adapted_instance336_m=2_n=15_l=15_c=10_s=2_1.txt,0.01737,81,73
adapted_instance336_m=2_n=15_l=15_c=10_s=2_2.txt,0.020707,83,72
adapted_instance336_m=2_n=15_l=15_c=10_s=2_3.txt,0.020383,83,72
adapted_instance336_m=2_n=15_l=15_c=10_s=2_4.txt,0.017165,84,73
adapted_instance336_m=2_n=15_l=15_c=10_s=2_5.txt,0.017146,78,71
adapted_instance336_m=2_n=15_l=15_c=10_s=2_6.txt,0.017533,83,74
adapted_instance336_m=2_n=15_l=15_c=10_s=2_7.txt,0.027428,84,71
adapted_instance336_m=2_n=15_l=15_c=10_s=2_8.txt,0.017712,81,75
adapted_instance336_m=2_n=15_l=15_c=10_s=2_9.txt,0.02325,85,71
adapted_instance336_m=2_n=15_l=15_c=10_s=2_10.txt,0.021225,83,73
adapted_instance338_m=2_n=15_l=15_c=10_s=1_1.txt,0.026286,85,76
adapted_instance338_m=2_n=15_l=15_c=10_s=1_2.txt,0.02468,86,76
adapted_instance338_m=2_n=15_l=15_c=10_s=1_3.txt,0.020682,88,77
adapted_instance338_m=2_n=15_l=15_c=10_s=1_4.txt,0.018057,84,76
adapted_instance338_m=2_n=15_l=15_c=10_s=1_5.txt,0.020863,84,76
adapted_instance338_m=2_n=15_l=15_c=10_s=1_6.txt,0.020988,89,77
adapted_instance338_m=2_n=15_l=15_c=10_s=1_7.txt,0.028512,86,76
adapted_instance338_m=2_n=15_l=15_c=10_s=1_8.txt,0.017547,85,78
adapted_instance338_m=2_n=15_l=15_c=10_s=1_9.txt,0.017792,84,78
adapted_instance338_m=2_n=15_l=15_c=10_s=1_10.txt,0.020188,90,76
adapted_instance340_m=2_n=15_l=15_c=10_s=0_1.txt,0.021207,89,77
adapted_instance340_m=2_n=15_l=15_c=10_s=0_2.txt,0.020635,87,75
adapted_instance340_m=2_n=15_l=15_c=10_s=0_3.txt,0.018396,89,79
adapted_instance340_m=2_n=15_l=15_c=10_s=0_4.txt,0.014012,86,79
adapted_instance340_m=2_n=15_l=15_c=10_s=0_5.txt,0.017748,87,78
adapted_instance340_m=2_n=15_l=15_c=10_s=0_6.txt,0.037223,88,73
adapted_instance340_m=2_n=15_l=15_c=10_s=0_7.txt,0.020928,87,76
adapted_instance340_m=2_n=15_l=15_c=10_s=0_8.txt,0.018409,88,76
adapted_instance340_m=2_n=15_l=15_c=10_s=0_9.txt,0.033501,88,72
adapted_instance340_m=2_n=15_l=15_c=10_s=0_10.txt,0.024514,91,77
adapted_instance342_m=2_n=15_l=15_c=10_s=2_1.txt,0.026682,85,73
adapted_instance342_m=2_n=15_l=15_c=10_s=2_2.txt,0.01688,89,75
adapted_instance342_m=2_n=15_l=15_c=10_s=2_3.txt,0.016457,92,77
adapted_instance342_m=2_n=15_l=15_c=10_s=2_4.txt,0.020344,81,73
adapted_instance342_m=2_n=15_l=15_c=10_s=2_5.txt,0.013619,86,76
adapted_instance342_m=2_n=15_l=15_c=10_s=2_6.txt,0.031065,82,72
adapted_instance342_m=2_n=15_l=15_c=10_s=2_7.txt,0.019918,82,75
adapted_instance342_m=2_n=15_l=15_c=10_s=2_8.txt,0.017587,82,74
adapted_instance342_m=2_n=15_l=15_c=10_s=2_9.txt,0.017156,85,73
adapted_instance342_m=2_n=15_l=15_c=10_s=2_10.txt,0.017864,86,76
adapted_instance344_m=2_n=15_l=15_c=10_s=1_1.txt,0.028448,84,72
adapted_instance344_m=2_n=15_l=15_c=10_s=1_2.txt,0.024737,83,72
adapted_instance344_m=2_n=15_l=15_c=10_s=1_3.txt,0.017546,86,74
adapted_instance344_m=2_n=15_l=15_c=10_s=1_4.txt,0.01351,81,72
adapted_instance344_m=2_n=15_l=15_c=10_s=1_5.txt,0.021623,83,72
adapted_instance344_m=2_n=15_l=15_c=10_s=1_6.txt,0.024672,82,72
adapted_instance344_m=2_n=15_l=15_c=10_s=1_7.txt,0.014694,80,75
adapted_instance344_m=2_n=15_l=15_c=10_s=1_8.txt,0.021788,80,73
adapted_instance344_m=2_n=15_l=15_c=10_s=1_9.txt,0.021575,83,72
adapted_instance344_m=2_n=15_l=15_c=10_s=1_10.txt,0.020105,82,73
adapted_instance346_m=2_n=15_l=15_c=10_s=0_1.txt,0.020744,86,77
adapted_instance346_m=2_n=15_l=15_c=10_s=0_2.txt,0.017649,82,74
adapted_instance346_m=2_n=15_l=15_c=10_s=0_3.txt,0.021229,87,77
adapted_instance346_m=2_n=15_l=15_c=10_s=0_4.txt,0.019976,85,79
adapted_instance346_m=2_n=15_l=15_c=10_s=0_5.txt,0.028185,88,76
adapted_instance346_m=2_n=15_l=15_c=10_s=0_6.txt,0.023614,83,75
adapted_instance346_m=2_n=15_l=15_c=10_s=0_7.txt,0.014054,85,79
adapted_instance346_m=2_n=15_l=15_c=10_s=0_8.txt,0.019834,84,76
adapted_instance346_m=2_n=15_l=15_c=10_s=0_9.txt,0.020315,86,78
adapted_instance346_m=2_n=15_l=15_c=10_s=0_10.txt,0.023591,87,75
adapted_instance348_m=2_n=15_l=15_c=10_s=2_1.txt,0.017072,85,78
adapted_instance348_m=2_n=15_l=15_c=10_s=2_2.txt,0.017402,86,77
adapted_instance348_m=2_n=15_l=15_c=10_s=2_3.txt,0.017406,83,76
adapted_instance348_m=2_n=15_l=15_c=10_s=2_4.txt,0.019863,92,77
adapted_instance348_m=2_n=15_l=15_c=10_s=2_5.txt,0.01754,83,78
adapted_instance348_m=2_n=15_l=15_c=10_s=2_6.txt,0.01363,88,78
adapted_instance348_m=2_n=15_l=15_c=10_s=2_7.txt,0.017685,86,78
adapted_instance348_m=2_n=15_l=15_c=10_s=2_8.txt,0.017125,86,77
adapted_instance348_m=2_n=15_l=15_c=10_s=2_9.txt,0.020197,85,76
adapted_instance348_m=2_n=15_l=15_c=10_s=2_10.txt,0.024753,84,76
adapted_instance350_m=2_n=15_l=15_c=10_s=1_1.txt,0.013711,74,66
adapted_instance350_m=2_n=15_l=15_c=10_s=1_2.txt,0.020629,70,64
adapted_instance350_m=2_n=15_l=15_c=10_s=1_3.txt,0.017616,78,64
adapted_instance350_m=2_n=15_l=15_c=10_s=1_4.txt,0.026785,76,62
adapted_instance350_m=2_n=15_l=15_c=10_s=1_5.txt,0.017071,69,63
adapted_instance350_m=2_n=15_l=15_c=10_s=1_6.txt,0.031582,75,61
adapted_instance350_m=2_n=15_l=15_c=10_s=1_7.txt,0.01369,73,65
adapted_instance350_m=2_n=15_l=15_c=10_s=1_8.txt,0.0272,73,61
adapted_instance350_m=2_n=15_l=15_c=10_s=1_9.txt,0.016919,68,65
adapted_instance350_m=2_n=15_l=15_c=10_s=1_10.txt,0.017539,75,66
adapted_instance352_m=2_n=15_l=15_c=10_s=0_1.txt,0.020955,85,75
adapted_instance352_m=2_n=15_l=15_c=10_s=0_2.txt,0.016494,85,75
adapted_instance352_m=2_n=15_l=15_c=10_s=0_3.txt,0.022697,83,73
adapted_instance352_m=2_n=15_l=15_c=10_s=0_4.txt,0.016913,86,76
adapted_instance352_m=2_n=15_l=15_c=10_s=0_5.txt,0.02016,84,76
adapted_instance352_m=2_n=15_l=15_c=10_s=0_6.txt,0.014209,81,77
adapted_instance352_m=2_n=15_l=15_c=10_s=0_7.txt,0.023812,88,75
adapted_instance352_m=2_n=15_l=15_c=10_s=0_8.txt,0.016859,83,76
adapted_instance352_m=2_n=15_l=15_c=10_s=0_9.txt,0.01983,81,73
adapted_instance352_m=2_n=15_l=15_c=10_s=0_10.txt,0.0238,86,77
adapted_instance362_m=2_n=15_l=20_c=8_s=1_1.txt,0.020045,58,52
adapted_instance362_m=2_n=15_l=20_c=8_s=1_2.txt,0.015563,60,52
adapted_instance362_m=2_n=15_l=20_c=8_s=1_3.txt,0.019662,58,52
adapted_instance362_m=2_n=15_l=20_c=8_s=1_4.txt,0.019222,57,53
adapted_instance362_m=2_n=15_l=20_c=8_s=1_5.txt,0.019625,57,53
adapted_instance362_m=2_n=15_l=20_c=8_s=1_6.txt,0.024223,61,52
adapted_instance362_m=2_n=15_l=20_c=8_s=1_7.txt,0.023741,61,52
adapted_instance362_m=2_n=15_l=20_c=8_s=1_8.txt,0.015906,55,52
adapted_instance362_m=2_n=15_l=20_c=8_s=1_9.txt,0.015725,58,52
adapted_instance362_m=2_n=15_l=20_c=8_s=1_10.txt,0.015454,58,53
adapted_instance364_m=2_n=15_l=20_c=8_s=0_1.txt,0.015481,58,56
adapted_instance364_m=2_n=15_l=20_c=8_s=0_2.txt,0.011826,59,57
adapted_instance364_m=2_n=15_l=20_c=8_s=0_3.txt,0.019805,62,56
adapted_instance364_m=2_n=15_l=20_c=8_s=0_4.txt,0.012056,59,56
adapted_instance364_m=2_n=15_l=20_c=8_s=0_5.txt,0.019615,62,56
adapted_instance364_m=2_n=15_l=20_c=8_s=0_6.txt,0.016061,60,57
adapted_instance364_m=2_n=15_l=20_c=8_s=0_7.txt,0.015849,60,56
adapted_instance364_m=2_n=15_l=20_c=8_s=0_8.txt,0.012291,57,56
adapted_instance364_m=2_n=15_l=20_c=8_s=0_9.txt,0.020899,59,57
adapted_instance364_m=2_n=15_l=20_c=8_s=0_10.txt,0.019288,61,56
adapted_instance366_m=2_n=15_l=20_c=8_s=2_1.txt,0.023639,57,49
adapted_instance366_m=2_n=15_l=20_c=8_s=2_2.txt,0.023558,55,49
adapted_instance366_m=2_n=15_l=20_c=8_s=2_3.txt,0.019522,55,50
adapted_instance366_m=2_n=15_l=20_c=8_s=2_4.txt,0.015761,54,49
adapted_instance366_m=2_n=15_l=20_c=8_s=2_5.txt,0.020058,53,49
adapted_instance366_m=2_n=15_l=20_c=8_s=2_6.txt,0.015447,57,51
adapted_instance366_m=2_n=15_l=20_c=8_s=2_7.txt,0.022828,56,49
adapted_instance366_m=2_n=15_l=20_c=8_s=2_8.txt,0.019542,55,49
adapted_instance366_m=2_n=15_l=20_c=8_s=2_9.txt,0.019809,54,49
adapted_instance366_m=2_n=15_l=20_c=8_s=2_10.txt,0.019418,55,49
adapted_instance368_m=2_n=15_l=20_c=8_s=1_1.txt,0.015681,62,60
adapted_instance368_m=2_n=15_l=20_c=8_s=1_2.txt,0.011728,64,60
adapted_instance368_m=2_n=15_l=20_c=8_s=1_3.txt,0.016826,62,60
adapted_instance368_m=2_n=15_l=20_c=8_s=1_4.txt,0.012035,62,60
adapted_instance368_m=2_n=15_l=20_c=8_s=1_5.txt,0.018211,62,60
adapted_instance368_m=2_n=15_l=20_c=8_s=1_6.txt,0.012684,61,60
adapted_instance368_m=2_n=15_l=20_c=8_s=1_7.txt,0.012638,61,60
adapted_instance368_m=2_n=15_l=20_c=8_s=1_8.txt,0.013229,61,60
adapted_instance368_m=2_n=15_l=20_c=8_s=1_9.txt,0.012213,62,60
adapted_instance368_m=2_n=15_l=20_c=8_s=1_10.txt,0.016986,62,60
adapted_instance370_m=2_n=15_l=20_c=8_s=0_1.txt,0.012143,60,59
adapted_instance370_m=2_n=15_l=20_c=8_s=0_2.txt,0.016551,63,59
adapted_instance370_m=2_n=15_l=20_c=8_s=0_3.txt,0.008674,59,59
adapted_instance370_m=2_n=15_l=20_c=8_s=0_4.txt,0.007961,59,59
adapted_instance370_m=2_n=15_l=20_c=8_s=0_5.txt,0.017822,62,59
adapted_instance370_m=2_n=15_l=20_c=8_s=0_6.txt,0.007952,59,59
adapted_instance370_m=2_n=15_l=20_c=8_s=0_7.txt,0.014366,60,59
adapted_instance370_m=2_n=15_l=20_c=8_s=0_8.txt,0.011646,60,59
adapted_instance370_m=2_n=15_l=20_c=8_s=0_9.txt,0.012165,61,59
adapted_instance370_m=2_n=15_l=20_c=8_s=0_10.txt,0.012169,62,59
adapted_instance372_m=2_n=15_l=20_c=8_s=2_1.txt,0.008129,63,63
adapted_instance372_m=2_n=15_l=20_c=8_s=2_2.txt,0.01162,64,63
adapted_instance372_m=2_n=15_l=20_c=8_s=2_3.txt,0.012656,65,63
adapted_instance372_m=2_n=15_l=20_c=8_s=2_4.txt,0.012982,67,63
adapted_instance372_m=2_n=15_l=20_c=8_s=2_5.txt,0.008276,63,63
adapted_instance372_m=2_n=15_l=20_c=8_s=2_6.txt,0.012212,64,63
adapted_instance372_m=2_n=15_l=20_c=8_s=2_7.txt,0.012263,65,63
adapted_instance372_m=2_n=15_l=20_c=8_s=2_8.txt,0.008701,63,63
adapted_instance372_m=2_n=15_l=20_c=8_s=2_9.txt,0.013476,65,63
adapted_instance372_m=2_n=15_l=20_c=8_s=2_10.txt,0.01282,64,63
adapted_instance374_m=2_n=15_l=20_c=8_s=1_1.txt,0.011856,65,63
adapted_instance374_m=2_n=15_l=20_c=8_s=1_2.txt,0.008954,63,63
adapted_instance374_m=2_n=15_l=20_c=8_s=1_3.txt,0.012439,64,63
adapted_instance374_m=2_n=15_l=20_c=8_s=1_4.txt,0.012206,64,63
adapted_instance374_m=2_n=15_l=20_c=8_s=1_5.txt,0.012147,65,63
adapted_instance374_m=2_n=15_l=20_c=8_s=1_6.txt,0.007955,63,63
adapted_instance374_m=2_n=15_l=20_c=8_s=1_7.txt,0.013249,65,63
adapted_instance374_m=2_n=15_l=20_c=8_s=1_8.txt,0.012556,64,63
adapted_instance374_m=2_n=15_l=20_c=8_s=1_9.txt,0.012007,65,63
adapted_instance374_m=2_n=15_l=20_c=8_s=1_10.txt,0.012065,64,63
adapted_instance376_m=2_n=15_l=20_c=8_s=0_1.txt,0.0085,66,66
adapted_instance376_m=2_n=15_l=20_c=8_s=0_2.txt,0.0086,66,66
adapted_instance376_m=2_n=15_l=20_c=8_s=0_3.txt,0.00827,66,66
adapted_instance376_m=2_n=15_l=20_c=8_s=0_4.txt,0.007986,66,66
adapted_instance376_m=2_n=15_l=20_c=8_s=0_5.txt,0.01243,67,66
adapted_instance376_m=2_n=15_l=20_c=8_s=0_6.txt,0.00871,66,66
adapted_instance376_m=2_n=15_l=20_c=8_s=0_7.txt,0.008537,66,66
adapted_instance376_m=2_n=15_l=20_c=8_s=0_8.txt,0.008531,66,66
adapted_instance376_m=2_n=15_l=20_c=8_s=0_9.txt,0.013372,67,66
adapted_instance376_m=2_n=15_l=20_c=8_s=0_10.txt,0.008664,66,66
adapted_instance398_m=2_n=15_l=20_c=12_s=1_1.txt,0.014977,47,44
adapted_instance398_m=2_n=15_l=20_c=12_s=1_2.txt,0.012804,48,44
adapted_instance398_m=2_n=15_l=20_c=12_s=1_3.txt,0.010017,47,44
adapted_instance398_m=2_n=15_l=20_c=12_s=1_4.txt,0.01789,47,44
adapted_instance398_m=2_n=15_l=20_c=12_s=1_5.txt,0.013407,48,44
adapted_instance398_m=2_n=15_l=20_c=12_s=1_6.txt,0.013375,49,44
adapted_instance398_m=2_n=15_l=20_c=12_s=1_7.txt,0.010265,47,44
adapted_instance398_m=2_n=15_l=20_c=12_s=1_8.txt,0.013262,47,44
adapted_instance398_m=2_n=15_l=20_c=12_s=1_9.txt,0.013857,47,44
adapted_instance398_m=2_n=15_l=20_c=12_s=1_10.txt,0.013816,49,45
adapted_instance400_m=2_n=15_l=20_c=12_s=0_1.txt,0.006876,60,60
adapted_instance400_m=2_n=15_l=20_c=12_s=0_2.txt,0.010023,61,60
adapted_instance400_m=2_n=15_l=20_c=12_s=0_3.txt,0.010424,61,60
adapted_instance400_m=2_n=15_l=20_c=12_s=0_4.txt,0.010746,61,60
adapted_instance400_m=2_n=15_l=20_c=12_s=0_5.txt,0.010264,61,60
adapted_instance400_m=2_n=15_l=20_c=12_s=0_6.txt,0.010806,61,60
adapted_instance400_m=2_n=15_l=20_c=12_s=0_7.txt,0.010834,61,60
adapted_instance400_m=2_n=15_l=20_c=12_s=0_8.txt,0.010742,61,60
adapted_instance400_m=2_n=15_l=20_c=12_s=0_9.txt,0.010541,61,60
adapted_instance400_m=2_n=15_l=20_c=12_s=0_10.txt,0.010111,62,60
adapted_instance402_m=2_n=15_l=20_c=12_s=2_1.txt,0.013694,53,48
adapted_instance402_m=2_n=15_l=20_c=12_s=2_2.txt,0.010249,50,48
adapted_instance402_m=2_n=15_l=20_c=12_s=2_3.txt,0.013614,53,48
adapted_instance402_m=2_n=15_l=20_c=12_s=2_4.txt,0.010382,51,48
adapted_instance402_m=2_n=15_l=20_c=12_s=2_5.txt,0.010776,49,48
adapted_instance402_m=2_n=15_l=20_c=12_s=2_6.txt,0.011261,49,48
adapted_instance402_m=2_n=15_l=20_c=12_s=2_7.txt,0.010814,50,48
adapted_instance402_m=2_n=15_l=20_c=12_s=2_8.txt,0.010898,53,48
adapted_instance402_m=2_n=15_l=20_c=12_s=2_9.txt,0.010414,51,48
adapted_instance402_m=2_n=15_l=20_c=12_s=2_10.txt,0.010669,50,48
adapted_instance404_m=2_n=15_l=20_c=12_s=1_1.txt,0.011219,55,52
adapted_instance404_m=2_n=15_l=20_c=12_s=1_2.txt,0.009756,55,51
adapted_instance404_m=2_n=15_l=20_c=12_s=1_3.txt,0.016528,56,51
adapted_instance404_m=2_n=15_l=20_c=12_s=1_4.txt,0.016927,56,51
adapted_instance404_m=2_n=15_l=20_c=12_s=1_5.txt,0.010976,54,52
adapted_instance404_m=2_n=15_l=20_c=12_s=1_6.txt,0.016237,56,51
adapted_instance404_m=2_n=15_l=20_c=12_s=1_7.txt,0.010667,56,52
adapted_instance404_m=2_n=15_l=20_c=12_s=1_8.txt,0.013739,56,52
adapted_instance404_m=2_n=15_l=20_c=12_s=1_9.txt,0.013497,54,51
adapted_instance404_m=2_n=15_l=20_c=12_s=1_10.txt,0.012743,54,51
adapted_instance406_m=2_n=15_l=20_c=12_s=0_1.txt,0.010723,46,44
adapted_instance406_m=2_n=15_l=20_c=12_s=0_2.txt,0.016077,48,44
adapted_instance406_m=2_n=15_l=20_c=12_s=0_3.txt,0.016486,47,44
adapted_instance406_m=2_n=15_l=20_c=12_s=0_4.txt,0.015895,46,44
adapted_instance406_m=2_n=15_l=20_c=12_s=0_5.txt,0.013326,46,44
adapted_instance406_m=2_n=15_l=20_c=12_s=0_6.txt,0.014243,47,45
adapted_instance406_m=2_n=15_l=20_c=12_s=0_7.txt,0.01367,46,44
adapted_instance406_m=2_n=15_l=20_c=12_s=0_8.txt,0.010295,45,44
adapted_instance406_m=2_n=15_l=20_c=12_s=0_9.txt,0.010414,45,44
adapted_instance406_m=2_n=15_l=20_c=12_s=0_10.txt,0.013962,48,44
adapted_instance408_m=2_n=15_l=20_c=12_s=2_1.txt,0.006588,58,58
adapted_instance408_m=2_n=15_l=20_c=12_s=2_2.txt,0.010369,61,58
adapted_instance408_m=2_n=15_l=20_c=12_s=2_3.txt,0.010895,60,58
adapted_instance408_m=2_n=15_l=20_c=12_s=2_4.txt,0.013648,61,58
adapted_instance408_m=2_n=15_l=20_c=12_s=2_5.txt,0.013877,62,58
adapted_instance408_m=2_n=15_l=20_c=12_s=2_6.txt,0.010372,60,58
adapted_instance408_m=2_n=15_l=20_c=12_s=2_7.txt,0.010623,59,58
adapted_instance408_m=2_n=15_l=20_c=12_s=2_8.txt,0.014655,61,58
adapted_instance408_m=2_n=15_l=20_c=12_s=2_9.txt,0.010672,60,58
adapted_instance408_m=2_n=15_l=20_c=12_s=2_10.txt,0.01024,62,58
adapted_instance418_m=2_n=15_l=20_c=12_s=0_1.txt,0.013645,53,48
adapted_instance418_m=2_n=15_l=20_c=12_s=0_2.txt,0.013033,52,48
adapted_instance418_m=2_n=15_l=20_c=12_s=0_3.txt,0.020022,56,48
adapted_instance418_m=2_n=15_l=20_c=12_s=0_4.txt,0.013427,51,48
adapted_instance418_m=2_n=15_l=20_c=12_s=0_5.txt,0.009823,49,48
adapted_instance418_m=2_n=15_l=20_c=12_s=0_6.txt,0.013745,50,48
adapted_instance418_m=2_n=15_l=20_c=12_s=0_7.txt,0.012818,51,48
adapted_instance418_m=2_n=15_l=20_c=12_s=0_8.txt,0.010552,50,48
adapted_instance418_m=2_n=15_l=20_c=12_s=0_9.txt,0.017243,52,48
adapted_instance418_m=2_n=15_l=20_c=12_s=0_10.txt,0.01318,52,48
adapted_instance420_m=2_n=15_l=20_c=12_s=2_1.txt,0.013413,53,49
adapted_instance420_m=2_n=15_l=20_c=12_s=2_2.txt,0.013298,52,48
adapted_instance420_m=2_n=15_l=20_c=12_s=2_3.txt,0.010876,52,49
adapted_instance420_m=2_n=15_l=20_c=12_s=2_4.txt,0.010039,54,50
adapted_instance420_m=2_n=15_l=20_c=12_s=2_5.txt,0.01086,52,48
adapted_instance420_m=2_n=15_l=20_c=12_s=2_6.txt,0.016085,55,48
adapted_instance420_m=2_n=15_l=20_c=12_s=2_7.txt,0.010416,53,49
adapted_instance420_m=2_n=15_l=20_c=12_s=2_8.txt,0.016009,53,49
adapted_instance420_m=2_n=15_l=20_c=12_s=2_9.txt,0.016073,55,49
adapted_instance420_m=2_n=15_l=20_c=12_s=2_10.txt,0.016338,55,49
adapted_instance452_m=2_n=15_l=20_c=15_s=1_1.txt,0.021906,103,91
adapted_instance452_m=2_n=15_l=20_c=15_s=1_2.txt,0.033396,99,86
adapted_instance452_m=2_n=15_l=20_c=15_s=1_3.txt,0.026181,98,88
adapted_instance452_m=2_n=15_l=20_c=15_s=1_4.txt,0.017736,96,91
adapted_instance452_m=2_n=15_l=20_c=15_s=1_5.txt,0.026468,99,89
adapted_instance452_m=2_n=15_l=20_c=15_s=1_6.txt,0.031247,103,89
adapted_instance452_m=2_n=15_l=20_c=15_s=1_7.txt,0.031902,100,88
adapted_instance452_m=2_n=15_l=20_c=15_s=1_8.txt,0.029979,99,89
adapted_instance452_m=2_n=15_l=20_c=15_s=1_9.txt,0.023003,99,88
adapted_instance452_m=2_n=15_l=20_c=15_s=1_10.txt,0.021102,95,89
adapted_instance454_m=2_n=15_l=20_c=15_s=0_1.txt,0.030555,99,90
adapted_instance454_m=2_n=15_l=20_c=15_s=0_2.txt,0.027375,98,90
adapted_instance454_m=2_n=15_l=20_c=15_s=0_3.txt,0.028359,102,88
adapted_instance454_m=2_n=15_l=20_c=15_s=0_4.txt,0.021843,94,89
adapted_instance454_m=2_n=15_l=20_c=15_s=0_5.txt,0.027217,103,90
adapted_instance454_m=2_n=15_l=20_c=15_s=0_6.txt,0.034438,96,87
adapted_instance454_m=2_n=15_l=20_c=15_s=0_7.txt,0.021378,98,91
adapted_instance454_m=2_n=15_l=20_c=15_s=0_8.txt,0.022592,98,91
adapted_instance454_m=2_n=15_l=20_c=15_s=0_9.txt,0.020823,99,91
adapted_instance454_m=2_n=15_l=20_c=15_s=0_10.txt,0.026465,99,91
adapted_instance692_m=3_n=15_l=20_c=15_s=1_1.txt,0.020251,90,85
adapted_instance692_m=3_n=15_l=20_c=15_s=1_2.txt,0.026854,92,85
adapted_instance692_m=3_n=15_l=20_c=15_s=1_3.txt,0.0212,98,87
adapted_instance692_m=3_n=15_l=20_c=15_s=1_4.txt,0.026181,94,84
adapted_instance692_m=3_n=15_l=20_c=15_s=1_5.txt,0.029235,97,84
adapted_instance692_m=3_n=15_l=20_c=15_s=1_6.txt,0.034529,94,83
adapted_instance692_m=3_n=15_l=20_c=15_s=1_7.txt,0.029895,96,85
adapted_instance692_m=3_n=15_l=20_c=15_s=1_8.txt,0.017505,96,85
adapted_instance692_m=3_n=15_l=20_c=15_s=1_9.txt,0.029186,98,84
adapted_instance692_m=3_n=15_l=20_c=15_s=1_10.txt,0.025305,92,84
adapted_instance694_m=3_n=15_l=20_c=15_s=0_1.txt,0.039436,97,86
adapted_instance694_m=3_n=15_l=20_c=15_s=0_2.txt,0.017753,92,87
adapted_instance694_m=3_n=15_l=20_c=15_s=0_3.txt,0.02775,103,89
adapted_instance694_m=3_n=15_l=20_c=15_s=0_4.txt,0.022094,97,86
adapted_instance694_m=3_n=15_l=20_c=15_s=0_5.txt,0.020923,97,89
adapted_instance694_m=3_n=15_l=20_c=15_s=0_6.txt,0.037298,99,83
adapted_instance694_m=3_n=15_l=20_c=15_s=0_7.txt,0.026579,96,87
adapted_instance694_m=3_n=15_l=20_c=15_s=0_8.txt,0.037703,99,85
adapted_instance694_m=3_n=15_l=20_c=15_s=0_9.txt,0.026294,99,86
adapted_instance694_m=3_n=15_l=20_c=15_s=0_10.txt,0.038876,98,86
adapted_instance696_m=3_n=15_l=20_c=15_s=2_1.txt,0.021621,97,89
adapted_instance696_m=3_n=15_l=20_c=15_s=2_2.txt,0.02642,101,91
adapted_instance696_m=3_n=15_l=20_c=15_s=2_3.txt,0.031647,96,89
adapted_instance696_m=3_n=15_l=20_c=15_s=2_4.txt,0.030614,98,88
adapted_instance696_m=3_n=15_l=20_c=15_s=2_5.txt,0.026828,98,90
adapted_instance696_m=3_n=15_l=20_c=15_s=2_6.txt,0.026143,100,89
adapted_instance696_m=3_n=15_l=20_c=15_s=2_7.txt,0.031433,101,89
adapted_instance696_m=3_n=15_l=20_c=15_s=2_8.txt,0.03484,100,89
adapted_instance696_m=3_n=15_l=20_c=15_s=2_9.txt,0.031497,101,88
adapted_instance696_m=3_n=15_l=20_c=15_s=2_10.txt,0.030911,101,89
adapted_instance698_m=3_n=15_l=20_c=15_s=1_1.txt,0.034462,100,88
adapted_instance698_m=3_n=15_l=20_c=15_s=1_2.txt,0.025793,105,90
adapted_instance698_m=3_n=15_l=20_c=15_s=1_3.txt,0.025683,106,90
adapted_instance698_m=3_n=15_l=20_c=15_s=1_4.txt,0.038071,105,88
adapted_instance698_m=3_n=15_l=20_c=15_s=1_5.txt,0.016521,101,93
adapted_instance698_m=3_n=15_l=20_c=15_s=1_6.txt,0.016569,98,90
adapted_instance698_m=3_n=15_l=20_c=15_s=1_7.txt,0.017454,97,90
adapted_instance698_m=3_n=15_l=20_c=15_s=1_8.txt,0.012228,98,93
adapted_instance698_m=3_n=15_l=20_c=15_s=1_9.txt,0.029633,101,87
adapted_instance698_m=3_n=15_l=20_c=15_s=1_10.txt,0.029627,107,90
adapted_instance700_m=3_n=15_l=20_c=15_s=0_1.txt,0.025674,96,89
adapted_instance700_m=3_n=15_l=20_c=15_s=0_2.txt,0.029366,104,89
adapted_instance700_m=3_n=15_l=20_c=15_s=0_3.txt,0.022209,98,89
adapted_instance700_m=3_n=15_l=20_c=15_s=0_4.txt,0.021983,98,91
adapted_instance700_m=3_n=15_l=20_c=15_s=0_5.txt,0.021885,97,91
adapted_instance700_m=3_n=15_l=20_c=15_s=0_6.txt,0.026514,100,90
adapted_instance700_m=3_n=15_l=20_c=15_s=0_7.txt,0.022058,97,92
adapted_instance700_m=3_n=15_l=20_c=15_s=0_8.txt,0.029796,101,90
adapted_instance700_m=3_n=15_l=20_c=15_s=0_9.txt,0.026977,96,89
adapted_instance700_m=3_n=15_l=20_c=15_s=0_10.txt,0.026464,100,91
adapted_instance702_m=3_n=15_l=20_c=15_s=2_1.txt,0.026844,91,85
adapted_instance702_m=3_n=15_l=20_c=15_s=2_2.txt,0.034688,91,83
adapted_instance702_m=3_n=15_l=20_c=15_s=2_3.txt,0.025983,98,85
adapted_instance702_m=3_n=15_l=20_c=15_s=2_4.txt,0.030428,95,82
adapted_instance702_m=3_n=15_l=20_c=15_s=2_5.txt,0.02685,92,84
adapted_instance702_m=3_n=15_l=20_c=15_s=2_6.txt,0.027169,94,85
adapted_instance702_m=3_n=15_l=20_c=15_s=2_7.txt,0.045048,96,85
adapted_instance702_m=3_n=15_l=20_c=15_s=2_8.txt,0.031371,97,88
adapted_instance702_m=3_n=15_l=20_c=15_s=2_9.txt,0.021763,92,88
adapted_instance702_m=3_n=15_l=20_c=15_s=2_10.txt,0.026229,95,84
adapted_instance704_m=3_n=15_l=20_c=15_s=1_1.txt,0.02168,90,83
adapted_instance704_m=3_n=15_l=20_c=15_s=1_2.txt,0.028633,90,82
adapted_instance704_m=3_n=15_l=20_c=15_s=1_3.txt,0.034832,92,80
adapted_instance704_m=3_n=15_l=20_c=15_s=1_4.txt,0.0214,90,81
adapted_instance704_m=3_n=15_l=20_c=15_s=1_5.txt,0.033895,90,79
adapted_instance704_m=3_n=15_l=20_c=15_s=1_6.txt,0.017211,88,85
adapted_instance704_m=3_n=15_l=20_c=15_s=1_7.txt,0.029085,92,82
adapted_instance704_m=3_n=15_l=20_c=15_s=1_8.txt,0.025567,91,82
adapted_instance704_m=3_n=15_l=20_c=15_s=1_9.txt,0.035664,95,82
adapted_instance704_m=3_n=15_l=20_c=15_s=1_10.txt,0.030224,93,81
adapted_instance706_m=3_n=15_l=20_c=15_s=0_1.txt,0.033788,110,98
adapted_instance706_m=3_n=15_l=20_c=15_s=0_2.txt,0.021259,107,100
adapted_instance706_m=3_n=15_l=20_c=15_s=0_3.txt,0.023942,105,99
adapted_instance706_m=3_n=15_l=20_c=15_s=0_4.txt,0.025136,110,100
adapted_instance706_m=3_n=15_l=20_c=15_s=0_5.txt,0.030345,108,99
adapted_instance706_m=3_n=15_l=20_c=15_s=0_6.txt,0.028265,105,100
adapted_instance706_m=3_n=15_l=20_c=15_s=0_7.txt,0.017598,105,99
adapted_instance706_m=3_n=15_l=20_c=15_s=0_8.txt,0.021069,104,100
adapted_instance706_m=3_n=15_l=20_c=15_s=0_9.txt,0.026163,107,99
adapted_instance706_m=3_n=15_l=20_c=15_s=0_10.txt,0.020815,106,101
adapted_instance708_m=3_n=15_l=20_c=15_s=2_1.txt,0.026811,109,99
adapted_instance708_m=3_n=15_l=20_c=15_s=2_2.txt,0.017826,105,101
adapted_instance708_m=3_n=15_l=20_c=15_s=2_3.txt,0.017146,105,100
adapted_instance708_m=3_n=15_l=20_c=15_s=2_4.txt,0.020408,107,100
adapted_instance708_m=3_n=15_l=20_c=15_s=2_5.txt,0.017088,107,101
adapted_instance708_m=3_n=15_l=20_c=15_s=2_6.txt,0.01757,106,100
adapted_instance708_m=3_n=15_l=20_c=15_s=2_7.txt,0.01707,107,101
adapted_instance708_m=3_n=15_l=20_c=15_s=2_8.txt,0.021379,107,100
adapted_instance708_m=3_n=15_l=20_c=15_s=2_9.txt,0.025687,109,99
adapted_instance708_m=3_n=15_l=20_c=15_s=2_10.txt,0.026139,106,99
adapted_instance710_m=3_n=15_l=20_c=15_s=1_1.txt,0.022183,84,74
adapted_instance710_m=3_n=15_l=20_c=15_s=1_2.txt,0.03977,88,75
adapted_instance710_m=3_n=15_l=20_c=15_s=1_3.txt,0.025819,86,75
adapted_instance710_m=3_n=15_l=20_c=15_s=1_4.txt,0.030112,85,73
adapted_instance710_m=3_n=15_l=20_c=15_s=1_5.txt,0.02571,84,76
adapted_instance710_m=3_n=15_l=20_c=15_s=1_6.txt,0.027434,84,74
adapted_instance710_m=3_n=15_l=20_c=15_s=1_7.txt,0.035151,88,74
adapted_instance710_m=3_n=15_l=20_c=15_s=1_8.txt,0.016883,83,79
adapted_instance710_m=3_n=15_l=20_c=15_s=1_9.txt,0.022665,87,74
adapted_instance710_m=3_n=15_l=20_c=15_s=1_10.txt,0.022955,83,73
adapted_instance712_m=3_n=15_l=20_c=15_s=0_1.txt,0.02702,93,80
adapted_instance712_m=3_n=15_l=20_c=15_s=0_2.txt,0.022995,91,81
adapted_instance712_m=3_n=15_l=20_c=15_s=0_3.txt,0.025472,92,80
adapted_instance712_m=3_n=15_l=20_c=15_s=0_4.txt,0.022248,90,80
adapted_instance712_m=3_n=15_l=20_c=15_s=0_5.txt,0.025582,85,80
adapted_instance712_m=3_n=15_l=20_c=15_s=0_6.txt,0.021311,92,80
adapted_instance712_m=3_n=15_l=20_c=15_s=0_7.txt,0.020507,94,82
adapted_instance712_m=3_n=15_l=20_c=15_s=0_8.txt,0.020593,89,82
adapted_instance712_m=3_n=15_l=20_c=15_s=0_9.txt,0.016773,91,83
adapted_instance712_m=3_n=15_l=20_c=15_s=0_10.txt,0.028057,91,80
adapted_instance714_m=3_n=15_l=20_c=15_s=2_1.txt,0.024861,88,78
adapted_instance714_m=3_n=15_l=20_c=15_s=2_2.txt,0.034709,86,75
adapted_instance714_m=3_n=15_l=20_c=15_s=2_3.txt,0.017479,84,81
adapted_instance714_m=3_n=15_l=20_c=15_s=2_4.txt,0.032823,96,79
adapted_instance714_m=3_n=15_l=20_c=15_s=2_5.txt,0.034831,89,78
adapted_instance714_m=3_n=15_l=20_c=15_s=2_6.txt,0.021699,85,79
adapted_instance714_m=3_n=15_l=20_c=15_s=2_7.txt,0.028728,91,77
adapted_instance714_m=3_n=15_l=20_c=15_s=2_8.txt,0.031473,94,78
adapted_instance714_m=3_n=15_l=20_c=15_s=2_9.txt,0.017593,84,79
adapted_instance714_m=3_n=15_l=20_c=15_s=2_10.txt,0.037652,92,79
adapted_instance716_m=3_n=15_l=20_c=15_s=1_1.txt,0.027098,89,75
adapted_instance716_m=3_n=15_l=20_c=15_s=1_2.txt,0.026161,88,74
adapted_instance716_m=3_n=15_l=20_c=15_s=1_3.txt,0.021114,88,78
adapted_instance716_m=3_n=15_l=20_c=15_s=1_4.txt,0.026712,94,77
adapted_instance716_m=3_n=15_l=20_c=15_s=1_5.txt,0.025978,89,79
adapted_instance716_m=3_n=15_l=20_c=15_s=1_6.txt,0.022178,89,77
adapted_instance716_m=3_n=15_l=20_c=15_s=1_7.txt,0.031406,88,76
adapted_instance716_m=3_n=15_l=20_c=15_s=1_8.txt,0.035624,86,74
adapted_instance716_m=3_n=15_l=20_c=15_s=1_9.txt,0.034932,90,74
adapted_instance716_m=3_n=15_l=20_c=15_s=1_10.txt,0.020255,86,80
