Instance_Name,Execution_Time,Initial_Solution,Final_Solution
adapted_instance1000_m=3_n=25_l=15_c=10_s=0_1.txt,0.045414,58,52
adapted_instance1000_m=3_n=25_l=15_c=10_s=0_2.txt,0.062374,59,51
adapted_instance1000_m=3_n=25_l=15_c=10_s=0_3.txt,0.031542,57,52
adapted_instance1000_m=3_n=25_l=15_c=10_s=0_4.txt,0.064822,58,52
adapted_instance1000_m=3_n=25_l=15_c=10_s=0_5.txt,0.032295,57,53
adapted_instance1000_m=3_n=25_l=15_c=10_s=0_6.txt,0.031772,56,52
adapted_instance1000_m=3_n=25_l=15_c=10_s=0_7.txt,0.031371,55,52
adapted_instance1000_m=3_n=25_l=15_c=10_s=0_8.txt,0.040982,59,51
adapted_instance1000_m=3_n=25_l=15_c=10_s=0_9.txt,0.040863,57,52
adapted_instance1000_m=3_n=25_l=15_c=10_s=0_10.txt,0.021729,55,52
adapted_instance1002_m=3_n=25_l=15_c=10_s=2_1.txt,0.056339,55,49
adapted_instance1002_m=3_n=25_l=15_c=10_s=2_2.txt,0.04504,54,50
adapted_instance1002_m=3_n=25_l=15_c=10_s=2_3.txt,0.021043,52,50
adapted_instance1002_m=3_n=25_l=15_c=10_s=2_4.txt,0.041852,53,50
adapted_instance1002_m=3_n=25_l=15_c=10_s=2_5.txt,0.02191,55,52
adapted_instance1002_m=3_n=25_l=15_c=10_s=2_6.txt,0.051978,56,49
adapted_instance1002_m=3_n=25_l=15_c=10_s=2_7.txt,0.032323,52,50
adapted_instance1002_m=3_n=25_l=15_c=10_s=2_8.txt,0.040894,54,50
adapted_instance1002_m=3_n=25_l=15_c=10_s=2_9.txt,0.035012,54,50
adapted_instance1002_m=3_n=25_l=15_c=10_s=2_10.txt,0.042853,53,49
adapted_instance1004_m=3_n=25_l=15_c=10_s=1_1.txt,0.056504,59,52
adapted_instance1004_m=3_n=25_l=15_c=10_s=1_2.txt,0.043887,57,51
adapted_instance1004_m=3_n=25_l=15_c=10_s=1_3.txt,0.033077,54,51
adapted_instance1004_m=3_n=25_l=15_c=10_s=1_4.txt,0.045164,56,51
adapted_instance1004_m=3_n=25_l=15_c=10_s=1_5.txt,0.069133,59,51
adapted_instance1004_m=3_n=25_l=15_c=10_s=1_6.txt,0.065187,56,50
adapted_instance1004_m=3_n=25_l=15_c=10_s=1_7.txt,0.054135,59,51
adapted_instance1004_m=3_n=25_l=15_c=10_s=1_8.txt,0.033221,54,52
adapted_instance1004_m=3_n=25_l=15_c=10_s=1_9.txt,0.04157,56,52
adapted_instance1004_m=3_n=25_l=15_c=10_s=1_10.txt,0.043147,57,51
adapted_instance1006_m=3_n=25_l=15_c=10_s=0_1.txt,0.034706,53,51
adapted_instance1006_m=3_n=25_l=15_c=10_s=0_2.txt,0.035963,54,50
adapted_instance1006_m=3_n=25_l=15_c=10_s=0_3.txt,0.044176,56,50
adapted_instance1006_m=3_n=25_l=15_c=10_s=0_4.txt,0.05456,56,50
adapted_instance1006_m=3_n=25_l=15_c=10_s=0_5.txt,0.043211,54,50
adapted_instance1006_m=3_n=25_l=15_c=10_s=0_6.txt,0.031329,54,51
adapted_instance1006_m=3_n=25_l=15_c=10_s=0_7.txt,0.031823,52,50
adapted_instance1006_m=3_n=25_l=15_c=10_s=0_8.txt,0.04328,54,50
adapted_instance1006_m=3_n=25_l=15_c=10_s=0_9.txt,0.032493,54,50
adapted_instance1006_m=3_n=25_l=15_c=10_s=0_10.txt,0.031304,55,50
adapted_instance1008_m=3_n=25_l=15_c=10_s=2_1.txt,0.055026,59,52
adapted_instance1008_m=3_n=25_l=15_c=10_s=2_2.txt,0.033926,56,52
adapted_instance1008_m=3_n=25_l=15_c=10_s=2_3.txt,0.04337,57,52
adapted_instance1008_m=3_n=25_l=15_c=10_s=2_4.txt,0.04283,55,52
adapted_instance1008_m=3_n=25_l=15_c=10_s=2_5.txt,0.041048,56,52
adapted_instance1008_m=3_n=25_l=15_c=10_s=2_6.txt,0.03633,58,52
adapted_instance1008_m=3_n=25_l=15_c=10_s=2_7.txt,0.032274,58,53
adapted_instance1008_m=3_n=25_l=15_c=10_s=2_8.txt,0.044521,57,52
adapted_instance1008_m=3_n=25_l=15_c=10_s=2_9.txt,0.044254,59,52
adapted_instance1008_m=3_n=25_l=15_c=10_s=2_10.txt,0.045796,60,52
adapted_instance1010_m=3_n=25_l=15_c=10_s=1_1.txt,0.031554,59,57
adapted_instance1010_m=3_n=25_l=15_c=10_s=1_2.txt,0.045183,62,57
adapted_instance1010_m=3_n=25_l=15_c=10_s=1_3.txt,0.045727,61,57
adapted_instance1010_m=3_n=25_l=15_c=10_s=1_4.txt,0.034552,60,58
adapted_instance1010_m=3_n=25_l=15_c=10_s=1_5.txt,0.04684,62,57
adapted_instance1010_m=3_n=25_l=15_c=10_s=1_6.txt,0.033296,61,58
adapted_instance1010_m=3_n=25_l=15_c=10_s=1_7.txt,0.04382,63,58
adapted_instance1010_m=3_n=25_l=15_c=10_s=1_8.txt,0.033057,63,57
adapted_instance1010_m=3_n=25_l=15_c=10_s=1_9.txt,0.042001,60,57
adapted_instance1010_m=3_n=25_l=15_c=10_s=1_10.txt,0.021796,60,58
adapted_instance1012_m=3_n=25_l=15_c=10_s=0_1.txt,0.032271,56,51
adapted_instance1012_m=3_n=25_l=15_c=10_s=0_2.txt,0.055502,57,50
adapted_instance1012_m=3_n=25_l=15_c=10_s=0_3.txt,0.045893,56,50
adapted_instance1012_m=3_n=25_l=15_c=10_s=0_4.txt,0.044796,57,50
adapted_instance1012_m=3_n=25_l=15_c=10_s=0_5.txt,0.042367,56,50
adapted_instance1012_m=3_n=25_l=15_c=10_s=0_6.txt,0.032497,52,50
adapted_instance1012_m=3_n=25_l=15_c=10_s=0_7.txt,0.031332,56,51
adapted_instance1012_m=3_n=25_l=15_c=10_s=0_8.txt,0.031704,55,50
adapted_instance1012_m=3_n=25_l=15_c=10_s=0_9.txt,0.033202,53,50
adapted_instance1012_m=3_n=25_l=15_c=10_s=0_10.txt,0.052416,58,50
adapted_instance1014_m=3_n=25_l=15_c=10_s=2_1.txt,0.042899,54,49
adapted_instance1014_m=3_n=25_l=15_c=10_s=2_2.txt,0.022016,51,49
adapted_instance1014_m=3_n=25_l=15_c=10_s=2_3.txt,0.051719,56,50
adapted_instance1014_m=3_n=25_l=15_c=10_s=2_4.txt,0.032748,54,49
adapted_instance1014_m=3_n=25_l=15_c=10_s=2_5.txt,0.042771,53,49
adapted_instance1014_m=3_n=25_l=15_c=10_s=2_6.txt,0.043154,56,50
adapted_instance1014_m=3_n=25_l=15_c=10_s=2_7.txt,0.033407,54,49
adapted_instance1014_m=3_n=25_l=15_c=10_s=2_8.txt,0.045267,53,49
adapted_instance1014_m=3_n=25_l=15_c=10_s=2_9.txt,0.052877,56,49
adapted_instance1014_m=3_n=25_l=15_c=10_s=2_10.txt,0.033481,54,50
adapted_instance1016_m=3_n=25_l=15_c=10_s=1_1.txt,0.05633,52,44
adapted_instance1016_m=3_n=25_l=15_c=10_s=1_2.txt,0.03161,48,45
adapted_instance1016_m=3_n=25_l=15_c=10_s=1_3.txt,0.052288,49,44
adapted_instance1016_m=3_n=25_l=15_c=10_s=1_4.txt,0.042192,48,44
adapted_instance1016_m=3_n=25_l=15_c=10_s=1_5.txt,0.043501,49,44
adapted_instance1016_m=3_n=25_l=15_c=10_s=1_6.txt,0.031117,50,45
adapted_instance1016_m=3_n=25_l=15_c=10_s=1_7.txt,0.044651,51,44
adapted_instance1016_m=3_n=25_l=15_c=10_s=1_8.txt,0.042891,50,44
adapted_instance1016_m=3_n=25_l=15_c=10_s=1_9.txt,0.04356,49,44
adapted_instance1016_m=3_n=25_l=15_c=10_s=1_10.txt,0.043209,50,44
adapted_instance1018_m=3_n=25_l=15_c=10_s=0_1.txt,0.032366,61,56
adapted_instance1018_m=3_n=25_l=15_c=10_s=0_2.txt,0.043994,62,56
adapted_instance1018_m=3_n=25_l=15_c=10_s=0_3.txt,0.055591,62,57
adapted_instance1018_m=3_n=25_l=15_c=10_s=0_4.txt,0.055175,63,56
adapted_instance1018_m=3_n=25_l=15_c=10_s=0_5.txt,0.053877,62,56
adapted_instance1018_m=3_n=25_l=15_c=10_s=0_6.txt,0.065873,64,56
adapted_instance1018_m=3_n=25_l=15_c=10_s=0_7.txt,0.045248,62,57
adapted_instance1018_m=3_n=25_l=15_c=10_s=0_8.txt,0.032222,61,57
adapted_instance1018_m=3_n=25_l=15_c=10_s=0_9.txt,0.054651,63,56
adapted_instance1018_m=3_n=25_l=15_c=10_s=0_10.txt,0.031495,60,56
adapted_instance1020_m=3_n=25_l=15_c=10_s=2_1.txt,0.066856,64,56
adapted_instance1020_m=3_n=25_l=15_c=10_s=2_2.txt,0.043283,63,57
adapted_instance1020_m=3_n=25_l=15_c=10_s=2_3.txt,0.044698,60,56
adapted_instance1020_m=3_n=25_l=15_c=10_s=2_4.txt,0.033759,60,56
adapted_instance1020_m=3_n=25_l=15_c=10_s=2_5.txt,0.042734,62,57
adapted_instance1020_m=3_n=25_l=15_c=10_s=2_6.txt,0.021805,58,57
adapted_instance1020_m=3_n=25_l=15_c=10_s=2_7.txt,0.05413,61,56
adapted_instance1020_m=3_n=25_l=15_c=10_s=2_8.txt,0.048449,61,56
adapted_instance1020_m=3_n=25_l=15_c=10_s=2_9.txt,0.047668,62,56
adapted_instance1020_m=3_n=25_l=15_c=10_s=2_10.txt,0.054697,63,57
adapted_instance1022_m=3_n=25_l=15_c=10_s=1_1.txt,0.067989,69,61
adapted_instance1022_m=3_n=25_l=15_c=10_s=1_2.txt,0.060779,71,61
adapted_instance1022_m=3_n=25_l=15_c=10_s=1_3.txt,0.0343,67,61
adapted_instance1022_m=3_n=25_l=15_c=10_s=1_4.txt,0.058795,68,60
adapted_instance1022_m=3_n=25_l=15_c=10_s=1_5.txt,0.035112,69,62
adapted_instance1022_m=3_n=25_l=15_c=10_s=1_6.txt,0.045382,67,61
adapted_instance1022_m=3_n=25_l=15_c=10_s=1_7.txt,0.034298,67,62
adapted_instance1022_m=3_n=25_l=15_c=10_s=1_8.txt,0.036163,68,63
adapted_instance1022_m=3_n=25_l=15_c=10_s=1_9.txt,0.045968,69,62
adapted_instance1022_m=3_n=25_l=15_c=10_s=1_10.txt,0.04393,67,60
adapted_instance1024_m=3_n=25_l=15_c=10_s=0_1.txt,0.047456,68,61
adapted_instance1024_m=3_n=25_l=15_c=10_s=0_2.txt,0.034638,68,61
adapted_instance1024_m=3_n=25_l=15_c=10_s=0_3.txt,0.044285,67,60
adapted_instance1024_m=3_n=25_l=15_c=10_s=0_4.txt,0.037945,64,61
adapted_instance1024_m=3_n=25_l=15_c=10_s=0_5.txt,0.062417,66,60
adapted_instance1024_m=3_n=25_l=15_c=10_s=0_6.txt,0.057314,66,60
adapted_instance1024_m=3_n=25_l=15_c=10_s=0_7.txt,0.046521,68,61
adapted_instance1024_m=3_n=25_l=15_c=10_s=0_8.txt,0.033722,63,61
adapted_instance1024_m=3_n=25_l=15_c=10_s=0_9.txt,0.035156,66,62
adapted_instance1024_m=3_n=25_l=15_c=10_s=0_10.txt,0.0471,64,60
adapted_instance1026_m=3_n=25_l=15_c=10_s=2_1.txt,0.034023,62,59
adapted_instance1026_m=3_n=25_l=15_c=10_s=2_2.txt,0.044362,65,59
adapted_instance1026_m=3_n=25_l=15_c=10_s=2_3.txt,0.036186,65,60
adapted_instance1026_m=3_n=25_l=15_c=10_s=2_4.txt,0.044517,65,59
adapted_instance1026_m=3_n=25_l=15_c=10_s=2_5.txt,0.061694,68,59
adapted_instance1026_m=3_n=25_l=15_c=10_s=2_6.txt,0.068265,67,58
adapted_instance1026_m=3_n=25_l=15_c=10_s=2_7.txt,0.054544,67,58
adapted_instance1026_m=3_n=25_l=15_c=10_s=2_8.txt,0.044847,65,59
adapted_instance1026_m=3_n=25_l=15_c=10_s=2_9.txt,0.05689,64,59
adapted_instance1026_m=3_n=25_l=15_c=10_s=2_10.txt,0.081932,70,59
adapted_instance1030_m=3_n=25_l=15_c=10_s=0_1.txt,0.043863,59,55
adapted_instance1030_m=3_n=25_l=15_c=10_s=0_2.txt,0.046947,64,56
adapted_instance1030_m=3_n=25_l=15_c=10_s=0_3.txt,0.056843,62,55
adapted_instance1030_m=3_n=25_l=15_c=10_s=0_4.txt,0.046633,62,55
adapted_instance1030_m=3_n=25_l=15_c=10_s=0_5.txt,0.057436,62,55
adapted_instance1030_m=3_n=25_l=15_c=10_s=0_6.txt,0.055963,62,55
adapted_instance1030_m=3_n=25_l=15_c=10_s=0_7.txt,0.024061,60,57
adapted_instance1030_m=3_n=25_l=15_c=10_s=0_8.txt,0.056204,66,56
adapted_instance1030_m=3_n=25_l=15_c=10_s=0_9.txt,0.044976,63,54
adapted_instance1030_m=3_n=25_l=15_c=10_s=0_10.txt,0.032443,59,55
adapted_instance1032_m=3_n=25_l=15_c=10_s=2_1.txt,0.044922,64,60
adapted_instance1032_m=3_n=25_l=15_c=10_s=2_2.txt,0.047635,63,58
adapted_instance1032_m=3_n=25_l=15_c=10_s=2_3.txt,0.036596,67,61
adapted_instance1032_m=3_n=25_l=15_c=10_s=2_4.txt,0.057142,64,58
adapted_instance1032_m=3_n=25_l=15_c=10_s=2_5.txt,0.048221,69,59
adapted_instance1032_m=3_n=25_l=15_c=10_s=2_6.txt,0.03311,65,60
adapted_instance1032_m=3_n=25_l=15_c=10_s=2_7.txt,0.036119,66,60
adapted_instance1032_m=3_n=25_l=15_c=10_s=2_8.txt,0.047025,65,59
adapted_instance1032_m=3_n=25_l=15_c=10_s=2_9.txt,0.052391,66,60
adapted_instance1032_m=3_n=25_l=15_c=10_s=2_10.txt,0.046505,66,60
adapted_instance1034_m=3_n=25_l=15_c=10_s=1_1.txt,0.034083,57,52
adapted_instance1034_m=3_n=25_l=15_c=10_s=1_2.txt,0.055706,59,51
adapted_instance1034_m=3_n=25_l=15_c=10_s=1_3.txt,0.054138,59,51
adapted_instance1034_m=3_n=25_l=15_c=10_s=1_4.txt,0.047484,57,51
adapted_instance1034_m=3_n=25_l=15_c=10_s=1_5.txt,0.033152,57,51
adapted_instance1034_m=3_n=25_l=15_c=10_s=1_6.txt,0.044394,55,50
adapted_instance1034_m=3_n=25_l=15_c=10_s=1_7.txt,0.066907,60,50
adapted_instance1034_m=3_n=25_l=15_c=10_s=1_8.txt,0.065141,59,49
adapted_instance1034_m=3_n=25_l=15_c=10_s=1_9.txt,0.045356,60,51
adapted_instance1034_m=3_n=25_l=15_c=10_s=1_10.txt,0.065785,58,50
adapted_instance1040_m=3_n=25_l=15_c=10_s=1_1.txt,0.023554,68,64
adapted_instance1040_m=3_n=25_l=15_c=10_s=1_2.txt,0.034421,67,64
adapted_instance1040_m=3_n=25_l=15_c=10_s=1_3.txt,0.056279,71,63
adapted_instance1040_m=3_n=25_l=15_c=10_s=1_4.txt,0.035243,67,63
adapted_instance1040_m=3_n=25_l=15_c=10_s=1_5.txt,0.046032,68,64
adapted_instance1040_m=3_n=25_l=15_c=10_s=1_6.txt,0.033126,68,64
adapted_instance1040_m=3_n=25_l=15_c=10_s=1_7.txt,0.048089,70,64
adapted_instance1040_m=3_n=25_l=15_c=10_s=1_8.txt,0.045227,68,63
adapted_instance1040_m=3_n=25_l=15_c=10_s=1_9.txt,0.067749,69,63
adapted_instance1040_m=3_n=25_l=15_c=10_s=1_10.txt,0.023105,67,64
adapted_instance1042_m=3_n=25_l=15_c=10_s=0_1.txt,0.033471,55,51
adapted_instance1042_m=3_n=25_l=15_c=10_s=0_2.txt,0.046079,58,51
adapted_instance1042_m=3_n=25_l=15_c=10_s=0_3.txt,0.045427,58,50
adapted_instance1042_m=3_n=25_l=15_c=10_s=0_4.txt,0.046147,58,51
adapted_instance1042_m=3_n=25_l=15_c=10_s=0_5.txt,0.042323,58,50
adapted_instance1042_m=3_n=25_l=15_c=10_s=0_6.txt,0.032266,56,51
adapted_instance1042_m=3_n=25_l=15_c=10_s=0_7.txt,0.032368,56,51
adapted_instance1042_m=3_n=25_l=15_c=10_s=0_8.txt,0.047998,57,52
adapted_instance1042_m=3_n=25_l=15_c=10_s=0_9.txt,0.056439,57,50
adapted_instance1042_m=3_n=25_l=15_c=10_s=0_10.txt,0.045805,58,50
adapted_instance1044_m=3_n=25_l=15_c=10_s=2_1.txt,0.046199,55,50
adapted_instance1044_m=3_n=25_l=15_c=10_s=2_2.txt,0.058556,57,50
adapted_instance1044_m=3_n=25_l=15_c=10_s=2_3.txt,0.034614,59,53
adapted_instance1044_m=3_n=25_l=15_c=10_s=2_4.txt,0.0425,56,50
adapted_instance1044_m=3_n=25_l=15_c=10_s=2_5.txt,0.044896,58,51
adapted_instance1044_m=3_n=25_l=15_c=10_s=2_6.txt,0.044111,56,50
adapted_instance1044_m=3_n=25_l=15_c=10_s=2_7.txt,0.043142,56,50
adapted_instance1044_m=3_n=25_l=15_c=10_s=2_8.txt,0.044458,58,51
adapted_instance1044_m=3_n=25_l=15_c=10_s=2_9.txt,0.045256,56,50
adapted_instance1044_m=3_n=25_l=15_c=10_s=2_10.txt,0.043685,56,50
adapted_instance1046_m=3_n=25_l=15_c=10_s=1_1.txt,0.056124,61,51
adapted_instance1046_m=3_n=25_l=15_c=10_s=1_2.txt,0.070581,61,50
adapted_instance1046_m=3_n=25_l=15_c=10_s=1_3.txt,0.058909,59,52
adapted_instance1046_m=3_n=25_l=15_c=10_s=1_4.txt,0.048104,63,54
adapted_instance1046_m=3_n=25_l=15_c=10_s=1_5.txt,0.045198,58,53
adapted_instance1046_m=3_n=25_l=15_c=10_s=1_6.txt,0.06884,64,53
adapted_instance1046_m=3_n=25_l=15_c=10_s=1_7.txt,0.052911,62,52
adapted_instance1046_m=3_n=25_l=15_c=10_s=1_8.txt,0.034251,60,53
adapted_instance1046_m=3_n=25_l=15_c=10_s=1_9.txt,0.044894,61,53
adapted_instance1046_m=3_n=25_l=15_c=10_s=1_10.txt,0.058363,62,53
adapted_instance1048_m=3_n=25_l=15_c=10_s=0_1.txt,0.067394,68,61
adapted_instance1048_m=3_n=25_l=15_c=10_s=0_2.txt,0.035559,70,64
adapted_instance1048_m=3_n=25_l=15_c=10_s=0_3.txt,0.045087,67,62
adapted_instance1048_m=3_n=25_l=15_c=10_s=0_4.txt,0.056818,72,63
adapted_instance1048_m=3_n=25_l=15_c=10_s=0_5.txt,0.057248,65,61
adapted_instance1048_m=3_n=25_l=15_c=10_s=0_6.txt,0.068609,68,60
adapted_instance1048_m=3_n=25_l=15_c=10_s=0_7.txt,0.066515,69,60
adapted_instance1048_m=3_n=25_l=15_c=10_s=0_8.txt,0.043845,70,61
adapted_instance1048_m=3_n=25_l=15_c=10_s=0_9.txt,0.064463,69,60
adapted_instance1048_m=3_n=25_l=15_c=10_s=0_10.txt,0.067524,68,60
adapted_instance1050_m=3_n=25_l=15_c=10_s=2_1.txt,0.058919,72,66
adapted_instance1050_m=3_n=25_l=15_c=10_s=2_2.txt,0.024249,72,68
adapted_instance1050_m=3_n=25_l=15_c=10_s=2_3.txt,0.033768,71,66
adapted_instance1050_m=3_n=25_l=15_c=10_s=2_4.txt,0.048083,71,67
adapted_instance1050_m=3_n=25_l=15_c=10_s=2_5.txt,0.057028,73,66
adapted_instance1050_m=3_n=25_l=15_c=10_s=2_6.txt,0.033419,72,67
adapted_instance1050_m=3_n=25_l=15_c=10_s=2_7.txt,0.048069,72,66
adapted_instance1050_m=3_n=25_l=15_c=10_s=2_8.txt,0.042825,72,66
adapted_instance1050_m=3_n=25_l=15_c=10_s=2_9.txt,0.04557,72,66
adapted_instance1050_m=3_n=25_l=15_c=10_s=2_10.txt,0.045639,71,67
adapted_instance1054_m=3_n=25_l=15_c=10_s=0_1.txt,0.05123,64,58
adapted_instance1054_m=3_n=25_l=15_c=10_s=0_2.txt,0.054044,68,58
adapted_instance1054_m=3_n=25_l=15_c=10_s=0_3.txt,0.056011,62,57
adapted_instance1054_m=3_n=25_l=15_c=10_s=0_4.txt,0.033578,62,57
adapted_instance1054_m=3_n=25_l=15_c=10_s=0_5.txt,0.056111,63,57
adapted_instance1054_m=3_n=25_l=15_c=10_s=0_6.txt,0.04391,65,58
adapted_instance1054_m=3_n=25_l=15_c=10_s=0_7.txt,0.040634,62,58
adapted_instance1054_m=3_n=25_l=15_c=10_s=0_8.txt,0.034266,63,59
adapted_instance1054_m=3_n=25_l=15_c=10_s=0_9.txt,0.041823,64,58
adapted_instance1054_m=3_n=25_l=15_c=10_s=0_10.txt,0.032054,62,58
adapted_instance1056_m=3_n=25_l=15_c=10_s=2_1.txt,0.054754,61,54
adapted_instance1056_m=3_n=25_l=15_c=10_s=2_2.txt,0.043258,61,54
adapted_instance1056_m=3_n=25_l=15_c=10_s=2_3.txt,0.05381,63,55
adapted_instance1056_m=3_n=25_l=15_c=10_s=2_4.txt,0.044894,61,54
adapted_instance1056_m=3_n=25_l=15_c=10_s=2_5.txt,0.043887,61,55
adapted_instance1056_m=3_n=25_l=15_c=10_s=2_6.txt,0.043009,62,54
adapted_instance1056_m=3_n=25_l=15_c=10_s=2_7.txt,0.054597,65,54
adapted_instance1056_m=3_n=25_l=15_c=10_s=2_8.txt,0.043051,61,55
adapted_instance1056_m=3_n=25_l=15_c=10_s=2_9.txt,0.072175,62,54
adapted_instance1056_m=3_n=25_l=15_c=10_s=2_10.txt,0.021817,57,55
adapted_instance1060_m=3_n=25_l=15_c=10_s=0_1.txt,0.045677,54,49
adapted_instance1060_m=3_n=25_l=15_c=10_s=0_2.txt,0.032312,54,49
adapted_instance1060_m=3_n=25_l=15_c=10_s=0_3.txt,0.052954,56,49
adapted_instance1060_m=3_n=25_l=15_c=10_s=0_4.txt,0.043419,56,49
adapted_instance1060_m=3_n=25_l=15_c=10_s=0_5.txt,0.042438,54,49
adapted_instance1060_m=3_n=25_l=15_c=10_s=0_6.txt,0.04213,55,49
adapted_instance1060_m=3_n=25_l=15_c=10_s=0_7.txt,0.037342,56,50
adapted_instance1060_m=3_n=25_l=15_c=10_s=0_8.txt,0.055801,57,49
adapted_instance1060_m=3_n=25_l=15_c=10_s=0_9.txt,0.046115,54,49
adapted_instance1060_m=3_n=25_l=15_c=10_s=0_10.txt,0.044363,54,49
adapted_instance1062_m=3_n=25_l=15_c=10_s=2_1.txt,0.032489,56,52
adapted_instance1062_m=3_n=25_l=15_c=10_s=2_2.txt,0.041617,58,51
adapted_instance1062_m=3_n=25_l=15_c=10_s=2_3.txt,0.044906,56,52
adapted_instance1062_m=3_n=25_l=15_c=10_s=2_4.txt,0.032815,56,52
adapted_instance1062_m=3_n=25_l=15_c=10_s=2_5.txt,0.03199,56,52
adapted_instance1062_m=3_n=25_l=15_c=10_s=2_6.txt,0.040032,56,52
adapted_instance1062_m=3_n=25_l=15_c=10_s=2_7.txt,0.022571,55,53
adapted_instance1062_m=3_n=25_l=15_c=10_s=2_8.txt,0.042106,56,52
adapted_instance1062_m=3_n=25_l=15_c=10_s=2_9.txt,0.04256,56,52
adapted_instance1062_m=3_n=25_l=15_c=10_s=2_10.txt,0.045773,59,51
adapted_instance1072_m=3_n=25_l=15_c=10_s=0_1.txt,0.043382,61,51
adapted_instance1072_m=3_n=25_l=15_c=10_s=0_2.txt,0.055565,60,51
adapted_instance1072_m=3_n=25_l=15_c=10_s=0_3.txt,0.041766,60,50
adapted_instance1072_m=3_n=25_l=15_c=10_s=0_4.txt,0.032991,57,52
adapted_instance1072_m=3_n=25_l=15_c=10_s=0_5.txt,0.056119,56,52
adapted_instance1072_m=3_n=25_l=15_c=10_s=0_6.txt,0.031474,57,51
adapted_instance1072_m=3_n=25_l=15_c=10_s=0_7.txt,0.03257,56,52
adapted_instance1072_m=3_n=25_l=15_c=10_s=0_8.txt,0.064482,61,51
adapted_instance1072_m=3_n=25_l=15_c=10_s=0_9.txt,0.061817,58,52
adapted_instance1072_m=3_n=25_l=15_c=10_s=0_10.txt,0.045147,59,53
adapted_instance1074_m=3_n=25_l=15_c=10_s=2_1.txt,0.042975,61,54
adapted_instance1074_m=3_n=25_l=15_c=10_s=2_2.txt,0.056864,61,53
adapted_instance1074_m=3_n=25_l=15_c=10_s=2_3.txt,0.045826,61,53
adapted_instance1074_m=3_n=25_l=15_c=10_s=2_4.txt,0.033838,59,54
adapted_instance1074_m=3_n=25_l=15_c=10_s=2_5.txt,0.0522,58,53
adapted_instance1074_m=3_n=25_l=15_c=10_s=2_6.txt,0.042287,57,53
adapted_instance1074_m=3_n=25_l=15_c=10_s=2_7.txt,0.044061,60,53
adapted_instance1074_m=3_n=25_l=15_c=10_s=2_8.txt,0.044322,59,54
adapted_instance1074_m=3_n=25_l=15_c=10_s=2_9.txt,0.043428,59,53
adapted_instance1074_m=3_n=25_l=15_c=10_s=2_10.txt,0.056225,61,53
adapted_instance1078_m=3_n=25_l=15_c=10_s=0_1.txt,0.031513,59,54
adapted_instance1078_m=3_n=25_l=15_c=10_s=0_2.txt,0.033573,58,54
adapted_instance1078_m=3_n=25_l=15_c=10_s=0_3.txt,0.053712,64,53
adapted_instance1078_m=3_n=25_l=15_c=10_s=0_4.txt,0.031779,57,53
adapted_instance1078_m=3_n=25_l=15_c=10_s=0_5.txt,0.032097,59,54
adapted_instance1078_m=3_n=25_l=15_c=10_s=0_6.txt,0.033188,60,54
adapted_instance1078_m=3_n=25_l=15_c=10_s=0_7.txt,0.046405,58,53
adapted_instance1078_m=3_n=25_l=15_c=10_s=0_8.txt,0.03345,59,54
adapted_instance1078_m=3_n=25_l=15_c=10_s=0_9.txt,0.032331,59,54
adapted_instance1078_m=3_n=25_l=15_c=10_s=0_10.txt,0.033052,58,54
adapted_instance1080_m=3_n=25_l=15_c=10_s=2_1.txt,0.032264,53,49
adapted_instance1080_m=3_n=25_l=15_c=10_s=2_2.txt,0.042233,51,48
adapted_instance1080_m=3_n=25_l=15_c=10_s=2_3.txt,0.032226,55,49
adapted_instance1080_m=3_n=25_l=15_c=10_s=2_4.txt,0.032616,54,50
adapted_instance1080_m=3_n=25_l=15_c=10_s=2_5.txt,0.042155,54,48
adapted_instance1080_m=3_n=25_l=15_c=10_s=2_6.txt,0.022557,56,51
adapted_instance1080_m=3_n=25_l=15_c=10_s=2_7.txt,0.033052,51,48
adapted_instance1080_m=3_n=25_l=15_c=10_s=2_8.txt,0.055445,55,49
adapted_instance1080_m=3_n=25_l=15_c=10_s=2_9.txt,0.044618,55,48
adapted_instance1080_m=3_n=25_l=15_c=10_s=2_10.txt,0.043114,57,49
adapted_instance1142_m=3_n=25_l=20_c=15_s=1_1.txt,0.096447,103,96
adapted_instance1142_m=3_n=25_l=20_c=15_s=1_2.txt,0.112871,106,94
adapted_instance1142_m=3_n=25_l=20_c=15_s=1_3.txt,0.069268,107,99
adapted_instance1142_m=3_n=25_l=20_c=15_s=1_4.txt,0.08452,103,95
adapted_instance1142_m=3_n=25_l=20_c=15_s=1_5.txt,0.09703,103,95
adapted_instance1142_m=3_n=25_l=20_c=15_s=1_6.txt,0.099921,103,95
adapted_instance1142_m=3_n=25_l=20_c=15_s=1_7.txt,0.05218,105,97
adapted_instance1142_m=3_n=25_l=20_c=15_s=1_8.txt,0.086521,108,99
adapted_instance1142_m=3_n=25_l=20_c=15_s=1_9.txt,0.051538,106,98
adapted_instance1142_m=3_n=25_l=20_c=15_s=1_10.txt,0.120177,105,97
adapted_instance1144_m=3_n=25_l=20_c=15_s=0_1.txt,0.096769,98,86
adapted_instance1144_m=3_n=25_l=20_c=15_s=0_2.txt,0.080791,97,86
adapted_instance1144_m=3_n=25_l=20_c=15_s=0_3.txt,0.098527,95,85
adapted_instance1144_m=3_n=25_l=20_c=15_s=0_4.txt,0.082847,97,85
adapted_instance1144_m=3_n=25_l=20_c=15_s=0_5.txt,0.097339,100,86
adapted_instance1144_m=3_n=25_l=20_c=15_s=0_6.txt,0.099362,97,86
adapted_instance1144_m=3_n=25_l=20_c=15_s=0_7.txt,0.064271,98,85
adapted_instance1144_m=3_n=25_l=20_c=15_s=0_8.txt,0.063916,95,85
adapted_instance1144_m=3_n=25_l=20_c=15_s=0_9.txt,0.049452,95,86
adapted_instance1144_m=3_n=25_l=20_c=15_s=0_10.txt,0.077068,96,85
adapted_instance1146_m=3_n=25_l=20_c=15_s=2_1.txt,0.101,96,85
adapted_instance1146_m=3_n=25_l=20_c=15_s=2_2.txt,0.071143,90,85
adapted_instance1146_m=3_n=25_l=20_c=15_s=2_3.txt,0.049954,92,85
adapted_instance1146_m=3_n=25_l=20_c=15_s=2_4.txt,0.09683,92,82
adapted_instance1146_m=3_n=25_l=20_c=15_s=2_5.txt,0.099816,99,85
adapted_instance1146_m=3_n=25_l=20_c=15_s=2_6.txt,0.095025,99,86
adapted_instance1146_m=3_n=25_l=20_c=15_s=2_7.txt,0.080988,99,85
adapted_instance1146_m=3_n=25_l=20_c=15_s=2_8.txt,0.117629,97,84
adapted_instance1146_m=3_n=25_l=20_c=15_s=2_9.txt,0.048849,90,86
adapted_instance1146_m=3_n=25_l=20_c=15_s=2_10.txt,0.067234,99,86
adapted_instance1148_m=3_n=25_l=20_c=15_s=1_1.txt,0.082083,104,95
adapted_instance1148_m=3_n=25_l=20_c=15_s=1_2.txt,0.100772,107,96
adapted_instance1148_m=3_n=25_l=20_c=15_s=1_3.txt,0.084914,105,96
adapted_instance1148_m=3_n=25_l=20_c=15_s=1_4.txt,0.063812,109,96
adapted_instance1148_m=3_n=25_l=20_c=15_s=1_5.txt,0.088812,108,96
adapted_instance1148_m=3_n=25_l=20_c=15_s=1_6.txt,0.11022,110,96
adapted_instance1148_m=3_n=25_l=20_c=15_s=1_7.txt,0.078287,103,97
adapted_instance1148_m=3_n=25_l=20_c=15_s=1_8.txt,0.066106,102,95
adapted_instance1148_m=3_n=25_l=20_c=15_s=1_9.txt,0.066066,102,95
adapted_instance1148_m=3_n=25_l=20_c=15_s=1_10.txt,0.116927,108,97
adapted_instance1150_m=3_n=25_l=20_c=15_s=0_1.txt,0.052907,111,106
adapted_instance1150_m=3_n=25_l=20_c=15_s=0_2.txt,0.115216,117,102
adapted_instance1150_m=3_n=25_l=20_c=15_s=0_3.txt,0.050105,110,106
adapted_instance1150_m=3_n=25_l=20_c=15_s=0_4.txt,0.085019,115,102
adapted_instance1150_m=3_n=25_l=20_c=15_s=0_5.txt,0.067505,112,106
adapted_instance1150_m=3_n=25_l=20_c=15_s=0_6.txt,0.115015,118,103
adapted_instance1150_m=3_n=25_l=20_c=15_s=0_7.txt,0.063262,107,103
adapted_instance1150_m=3_n=25_l=20_c=15_s=0_8.txt,0.051345,111,103
adapted_instance1150_m=3_n=25_l=20_c=15_s=0_9.txt,0.088734,111,104
adapted_instance1150_m=3_n=25_l=20_c=15_s=0_10.txt,0.046576,113,106
adapted_instance1152_m=3_n=25_l=20_c=15_s=2_1.txt,0.135085,112,99
adapted_instance1152_m=3_n=25_l=20_c=15_s=2_2.txt,0.08389,112,104
adapted_instance1152_m=3_n=25_l=20_c=15_s=2_3.txt,0.142114,112,99
adapted_instance1152_m=3_n=25_l=20_c=15_s=2_4.txt,0.105595,118,101
adapted_instance1152_m=3_n=25_l=20_c=15_s=2_5.txt,0.11433,113,102
adapted_instance1152_m=3_n=25_l=20_c=15_s=2_6.txt,0.094782,112,105
adapted_instance1152_m=3_n=25_l=20_c=15_s=2_7.txt,0.115221,110,101
adapted_instance1152_m=3_n=25_l=20_c=15_s=2_8.txt,0.048313,112,106
adapted_instance1152_m=3_n=25_l=20_c=15_s=2_9.txt,0.11559,113,101
adapted_instance1152_m=3_n=25_l=20_c=15_s=2_10.txt,0.143589,119,101
adapted_instance1154_m=3_n=25_l=20_c=15_s=1_1.txt,0.067363,107,95
adapted_instance1154_m=3_n=25_l=20_c=15_s=1_2.txt,0.131759,112,94
adapted_instance1154_m=3_n=25_l=20_c=15_s=1_3.txt,0.082157,108,96
adapted_instance1154_m=3_n=25_l=20_c=15_s=1_4.txt,0.104639,111,94
adapted_instance1154_m=3_n=25_l=20_c=15_s=1_5.txt,0.08441,107,96
adapted_instance1154_m=3_n=25_l=20_c=15_s=1_6.txt,0.083339,106,97
adapted_instance1154_m=3_n=25_l=20_c=15_s=1_7.txt,0.063611,104,96
adapted_instance1154_m=3_n=25_l=20_c=15_s=1_8.txt,0.048984,101,96
adapted_instance1154_m=3_n=25_l=20_c=15_s=1_9.txt,0.081732,106,95
adapted_instance1154_m=3_n=25_l=20_c=15_s=1_10.txt,0.098123,106,95
adapted_instance1156_m=3_n=25_l=20_c=15_s=0_1.txt,0.147643,94,82
adapted_instance1156_m=3_n=25_l=20_c=15_s=0_2.txt,0.099695,96,83
adapted_instance1156_m=3_n=25_l=20_c=15_s=0_3.txt,0.067006,96,85
adapted_instance1156_m=3_n=25_l=20_c=15_s=0_4.txt,0.067589,91,83
adapted_instance1156_m=3_n=25_l=20_c=15_s=0_5.txt,0.135127,95,82
adapted_instance1156_m=3_n=25_l=20_c=15_s=0_6.txt,0.068221,95,83
adapted_instance1156_m=3_n=25_l=20_c=15_s=0_7.txt,0.064481,93,84
adapted_instance1156_m=3_n=25_l=20_c=15_s=0_8.txt,0.081627,98,84
adapted_instance1156_m=3_n=25_l=20_c=15_s=0_9.txt,0.100911,96,84
adapted_instance1156_m=3_n=25_l=20_c=15_s=0_10.txt,0.081654,91,83
adapted_instance1158_m=3_n=25_l=20_c=15_s=2_1.txt,0.048542,93,87
adapted_instance1158_m=3_n=25_l=20_c=15_s=2_2.txt,0.083905,96,84
adapted_instance1158_m=3_n=25_l=20_c=15_s=2_3.txt,0.049089,92,86
adapted_instance1158_m=3_n=25_l=20_c=15_s=2_4.txt,0.048657,92,83
adapted_instance1158_m=3_n=25_l=20_c=15_s=2_5.txt,0.08406,95,84
adapted_instance1158_m=3_n=25_l=20_c=15_s=2_6.txt,0.081232,95,83
adapted_instance1158_m=3_n=25_l=20_c=15_s=2_7.txt,0.064992,91,83
adapted_instance1158_m=3_n=25_l=20_c=15_s=2_8.txt,0.084939,93,84
adapted_instance1158_m=3_n=25_l=20_c=15_s=2_9.txt,0.095363,101,83
adapted_instance1158_m=3_n=25_l=20_c=15_s=2_10.txt,0.068168,94,84
adapted_instance1160_m=3_n=25_l=20_c=15_s=1_1.txt,0.070018,96,85
adapted_instance1160_m=3_n=25_l=20_c=15_s=1_2.txt,0.080923,94,86
adapted_instance1160_m=3_n=25_l=20_c=15_s=1_3.txt,0.082552,93,86
adapted_instance1160_m=3_n=25_l=20_c=15_s=1_4.txt,0.062811,94,86
adapted_instance1160_m=3_n=25_l=20_c=15_s=1_5.txt,0.032343,89,86
adapted_instance1160_m=3_n=25_l=20_c=15_s=1_6.txt,0.096784,96,82
adapted_instance1160_m=3_n=25_l=20_c=15_s=1_7.txt,0.078923,92,84
adapted_instance1160_m=3_n=25_l=20_c=15_s=1_8.txt,0.125189,94,83
adapted_instance1160_m=3_n=25_l=20_c=15_s=1_9.txt,0.065445,96,86
adapted_instance1160_m=3_n=25_l=20_c=15_s=1_10.txt,0.151452,95,82
adapted_instance1162_m=3_n=25_l=20_c=15_s=0_1.txt,0.080994,106,98
adapted_instance1162_m=3_n=25_l=20_c=15_s=0_2.txt,0.087126,111,100
adapted_instance1162_m=3_n=25_l=20_c=15_s=0_3.txt,0.08472,111,99
adapted_instance1162_m=3_n=25_l=20_c=15_s=0_4.txt,0.117166,110,98
adapted_instance1162_m=3_n=25_l=20_c=15_s=0_5.txt,0.086091,110,100
adapted_instance1162_m=3_n=25_l=20_c=15_s=0_6.txt,0.093213,108,98
adapted_instance1162_m=3_n=25_l=20_c=15_s=0_7.txt,0.079539,108,100
adapted_instance1162_m=3_n=25_l=20_c=15_s=0_8.txt,0.118121,111,98
adapted_instance1162_m=3_n=25_l=20_c=15_s=0_9.txt,0.115468,108,98
adapted_instance1162_m=3_n=25_l=20_c=15_s=0_10.txt,0.085708,106,100
adapted_instance1164_m=3_n=25_l=20_c=15_s=2_1.txt,0.085916,112,100
adapted_instance1164_m=3_n=25_l=20_c=15_s=2_2.txt,0.099535,114,101
adapted_instance1164_m=3_n=25_l=20_c=15_s=2_3.txt,0.115109,110,100
adapted_instance1164_m=3_n=25_l=20_c=15_s=2_4.txt,0.122447,116,102
adapted_instance1164_m=3_n=25_l=20_c=15_s=2_5.txt,0.07988,112,101
adapted_instance1164_m=3_n=25_l=20_c=15_s=2_6.txt,0.097021,115,100
adapted_instance1164_m=3_n=25_l=20_c=15_s=2_7.txt,0.099362,113,100
adapted_instance1164_m=3_n=25_l=20_c=15_s=2_8.txt,0.123616,115,101
adapted_instance1164_m=3_n=25_l=20_c=15_s=2_9.txt,0.066117,109,101
adapted_instance1164_m=3_n=25_l=20_c=15_s=2_10.txt,0.065482,108,102
adapted_instance1166_m=3_n=25_l=20_c=15_s=1_1.txt,0.094805,96,87
adapted_instance1166_m=3_n=25_l=20_c=15_s=1_2.txt,0.067677,96,87
adapted_instance1166_m=3_n=25_l=20_c=15_s=1_3.txt,0.061609,97,88
adapted_instance1166_m=3_n=25_l=20_c=15_s=1_4.txt,0.098133,96,86
adapted_instance1166_m=3_n=25_l=20_c=15_s=1_5.txt,0.081858,93,86
adapted_instance1166_m=3_n=25_l=20_c=15_s=1_6.txt,0.08225,98,86
adapted_instance1166_m=3_n=25_l=20_c=15_s=1_7.txt,0.065942,94,88
adapted_instance1166_m=3_n=25_l=20_c=15_s=1_8.txt,0.162341,101,81
adapted_instance1166_m=3_n=25_l=20_c=15_s=1_9.txt,0.076477,91,83
adapted_instance1166_m=3_n=25_l=20_c=15_s=1_10.txt,0.101493,99,86
adapted_instance1168_m=3_n=25_l=20_c=15_s=0_1.txt,0.07968,88,79
adapted_instance1168_m=3_n=25_l=20_c=15_s=0_2.txt,0.062704,89,80
adapted_instance1168_m=3_n=25_l=20_c=15_s=0_3.txt,0.077335,90,76
adapted_instance1168_m=3_n=25_l=20_c=15_s=0_4.txt,0.08154,87,80
adapted_instance1168_m=3_n=25_l=20_c=15_s=0_5.txt,0.077839,86,76
adapted_instance1168_m=3_n=25_l=20_c=15_s=0_6.txt,0.078582,86,78
adapted_instance1168_m=3_n=25_l=20_c=15_s=0_7.txt,0.127114,89,75
adapted_instance1168_m=3_n=25_l=20_c=15_s=0_8.txt,0.082953,87,79
adapted_instance1168_m=3_n=25_l=20_c=15_s=0_9.txt,0.096133,88,76
adapted_instance1168_m=3_n=25_l=20_c=15_s=0_10.txt,0.128624,89,75
adapted_instance1170_m=3_n=25_l=20_c=15_s=2_1.txt,0.061678,92,83
adapted_instance1170_m=3_n=25_l=20_c=15_s=2_2.txt,0.046714,92,86
adapted_instance1170_m=3_n=25_l=20_c=15_s=2_3.txt,0.078735,96,85
adapted_instance1170_m=3_n=25_l=20_c=15_s=2_4.txt,0.078004,94,84
adapted_instance1170_m=3_n=25_l=20_c=15_s=2_5.txt,0.06451,93,86
adapted_instance1170_m=3_n=25_l=20_c=15_s=2_6.txt,0.105674,95,83
adapted_instance1170_m=3_n=25_l=20_c=15_s=2_7.txt,0.130405,96,83
adapted_instance1170_m=3_n=25_l=20_c=15_s=2_8.txt,0.093605,94,81
adapted_instance1170_m=3_n=25_l=20_c=15_s=2_9.txt,0.06776,92,83
adapted_instance1170_m=3_n=25_l=20_c=15_s=2_10.txt,0.080177,94,84
adapted_instance1172_m=3_n=25_l=20_c=15_s=1_1.txt,0.071764,78,71
adapted_instance1172_m=3_n=25_l=20_c=15_s=1_2.txt,0.07109,79,72
adapted_instance1172_m=3_n=25_l=20_c=15_s=1_3.txt,0.060065,79,71
adapted_instance1172_m=3_n=25_l=20_c=15_s=1_4.txt,0.056066,78,73
adapted_instance1172_m=3_n=25_l=20_c=15_s=1_5.txt,0.07174,78,72
adapted_instance1172_m=3_n=25_l=20_c=15_s=1_6.txt,0.106693,81,71
adapted_instance1172_m=3_n=25_l=20_c=15_s=1_7.txt,0.057627,77,72
adapted_instance1172_m=3_n=25_l=20_c=15_s=1_8.txt,0.043308,76,72
adapted_instance1172_m=3_n=25_l=20_c=15_s=1_9.txt,0.07552,82,72
adapted_instance1172_m=3_n=25_l=20_c=15_s=1_10.txt,0.061575,79,72
adapted_instance1174_m=3_n=25_l=20_c=15_s=0_1.txt,0.101783,95,82
adapted_instance1174_m=3_n=25_l=20_c=15_s=0_2.txt,0.086976,93,82
adapted_instance1174_m=3_n=25_l=20_c=15_s=0_3.txt,0.15578,93,78
adapted_instance1174_m=3_n=25_l=20_c=15_s=0_4.txt,0.107321,88,79
adapted_instance1174_m=3_n=25_l=20_c=15_s=0_5.txt,0.073933,95,83
adapted_instance1174_m=3_n=25_l=20_c=15_s=0_6.txt,0.102547,93,81
adapted_instance1174_m=3_n=25_l=20_c=15_s=0_7.txt,0.093054,92,82
adapted_instance1174_m=3_n=25_l=20_c=15_s=0_8.txt,0.125428,95,81
adapted_instance1174_m=3_n=25_l=20_c=15_s=0_9.txt,0.077386,89,81
adapted_instance1174_m=3_n=25_l=20_c=15_s=0_10.txt,0.081554,97,83
adapted_instance1176_m=3_n=25_l=20_c=15_s=2_1.txt,0.076137,94,81
adapted_instance1176_m=3_n=25_l=20_c=15_s=2_2.txt,0.07668,91,81
adapted_instance1176_m=3_n=25_l=20_c=15_s=2_3.txt,0.094287,96,80
adapted_instance1176_m=3_n=25_l=20_c=15_s=2_4.txt,0.076272,93,81
adapted_instance1176_m=3_n=25_l=20_c=15_s=2_5.txt,0.076847,88,80
adapted_instance1176_m=3_n=25_l=20_c=15_s=2_6.txt,0.073999,91,81
adapted_instance1176_m=3_n=25_l=20_c=15_s=2_7.txt,0.081754,89,81
adapted_instance1176_m=3_n=25_l=20_c=15_s=2_8.txt,0.042749,89,83
adapted_instance1176_m=3_n=25_l=20_c=15_s=2_9.txt,0.117872,92,80
adapted_instance1176_m=3_n=25_l=20_c=15_s=2_10.txt,0.076686,91,82
adapted_instance1178_m=3_n=25_l=20_c=15_s=1_1.txt,0.077042,78,73
adapted_instance1178_m=3_n=25_l=20_c=15_s=1_2.txt,0.058721,81,74
adapted_instance1178_m=3_n=25_l=20_c=15_s=1_3.txt,0.086717,81,73
adapted_instance1178_m=3_n=25_l=20_c=15_s=1_4.txt,0.074349,82,73
adapted_instance1178_m=3_n=25_l=20_c=15_s=1_5.txt,0.061444,76,73
adapted_instance1178_m=3_n=25_l=20_c=15_s=1_6.txt,0.043745,83,74
adapted_instance1178_m=3_n=25_l=20_c=15_s=1_7.txt,0.071835,83,73
adapted_instance1178_m=3_n=25_l=20_c=15_s=1_8.txt,0.091509,84,73
adapted_instance1178_m=3_n=25_l=20_c=15_s=1_9.txt,0.076116,84,74
adapted_instance1178_m=3_n=25_l=20_c=15_s=1_10.txt,0.05798,81,75
adapted_instance1180_m=3_n=25_l=20_c=15_s=0_1.txt,0.095668,92,83
adapted_instance1180_m=3_n=25_l=20_c=15_s=0_2.txt,0.078042,90,83
adapted_instance1180_m=3_n=25_l=20_c=15_s=0_3.txt,0.071574,93,84
adapted_instance1180_m=3_n=25_l=20_c=15_s=0_4.txt,0.085247,93,84
adapted_instance1180_m=3_n=25_l=20_c=15_s=0_5.txt,0.049229,96,86
adapted_instance1180_m=3_n=25_l=20_c=15_s=0_6.txt,0.060753,93,85
adapted_instance1180_m=3_n=25_l=20_c=15_s=0_7.txt,0.077032,92,85
adapted_instance1180_m=3_n=25_l=20_c=15_s=0_8.txt,0.090961,93,82
adapted_instance1180_m=3_n=25_l=20_c=15_s=0_9.txt,0.058825,91,85
adapted_instance1180_m=3_n=25_l=20_c=15_s=0_10.txt,0.103159,97,83
adapted_instance1182_m=3_n=25_l=20_c=15_s=2_1.txt,0.101168,89,79
adapted_instance1182_m=3_n=25_l=20_c=15_s=2_2.txt,0.076569,86,80
adapted_instance1182_m=3_n=25_l=20_c=15_s=2_3.txt,0.043981,82,79
adapted_instance1182_m=3_n=25_l=20_c=15_s=2_4.txt,0.074502,90,80
adapted_instance1182_m=3_n=25_l=20_c=15_s=2_5.txt,0.085593,89,78
adapted_instance1182_m=3_n=25_l=20_c=15_s=2_6.txt,0.061748,87,79
adapted_instance1182_m=3_n=25_l=20_c=15_s=2_7.txt,0.087259,89,79
adapted_instance1182_m=3_n=25_l=20_c=15_s=2_8.txt,0.060335,89,81
adapted_instance1182_m=3_n=25_l=20_c=15_s=2_9.txt,0.105413,86,78
adapted_instance1182_m=3_n=25_l=20_c=15_s=2_10.txt,0.089347,85,79
adapted_instance1184_m=3_n=25_l=20_c=15_s=1_1.txt,0.087928,79,68
adapted_instance1184_m=3_n=25_l=20_c=15_s=1_2.txt,0.075742,78,68
adapted_instance1184_m=3_n=25_l=20_c=15_s=1_3.txt,0.07323,74,68
adapted_instance1184_m=3_n=25_l=20_c=15_s=1_4.txt,0.042803,74,69
adapted_instance1184_m=3_n=25_l=20_c=15_s=1_5.txt,0.059077,73,69
adapted_instance1184_m=3_n=25_l=20_c=15_s=1_6.txt,0.076016,75,68
adapted_instance1184_m=3_n=25_l=20_c=15_s=1_7.txt,0.043172,76,71
adapted_instance1184_m=3_n=25_l=20_c=15_s=1_8.txt,0.043755,72,69
adapted_instance1184_m=3_n=25_l=20_c=15_s=1_9.txt,0.075606,73,69
adapted_instance1184_m=3_n=25_l=20_c=15_s=1_10.txt,0.044888,73,68
adapted_instance1186_m=3_n=25_l=20_c=15_s=0_1.txt,0.073267,82,75
adapted_instance1186_m=3_n=25_l=20_c=15_s=0_2.txt,0.094941,82,73
adapted_instance1186_m=3_n=25_l=20_c=15_s=0_3.txt,0.089387,85,73
adapted_instance1186_m=3_n=25_l=20_c=15_s=0_4.txt,0.110835,87,74
adapted_instance1186_m=3_n=25_l=20_c=15_s=0_5.txt,0.086767,85,76
adapted_instance1186_m=3_n=25_l=20_c=15_s=0_6.txt,0.059689,81,76
adapted_instance1186_m=3_n=25_l=20_c=15_s=0_7.txt,0.115815,84,75
adapted_instance1186_m=3_n=25_l=20_c=15_s=0_8.txt,0.07347,85,74
adapted_instance1186_m=3_n=25_l=20_c=15_s=0_9.txt,0.071947,83,74
adapted_instance1186_m=3_n=25_l=20_c=15_s=0_10.txt,0.074202,87,76
adapted_instance1188_m=3_n=25_l=20_c=15_s=2_1.txt,0.078804,87,76
adapted_instance1188_m=3_n=25_l=20_c=15_s=2_2.txt,0.060373,87,76
adapted_instance1188_m=3_n=25_l=20_c=15_s=2_3.txt,0.046613,81,76
adapted_instance1188_m=3_n=25_l=20_c=15_s=2_4.txt,0.103625,83,74
adapted_instance1188_m=3_n=25_l=20_c=15_s=2_5.txt,0.089765,82,75
adapted_instance1188_m=3_n=25_l=20_c=15_s=2_6.txt,0.058917,85,78
adapted_instance1188_m=3_n=25_l=20_c=15_s=2_7.txt,0.069329,86,75
adapted_instance1188_m=3_n=25_l=20_c=15_s=2_8.txt,0.062032,84,77
adapted_instance1188_m=3_n=25_l=20_c=15_s=2_9.txt,0.057767,85,76
adapted_instance1188_m=3_n=25_l=20_c=15_s=2_10.txt,0.06979,86,76
adapted_instance1190_m=3_n=25_l=20_c=15_s=1_1.txt,0.072794,82,72
adapted_instance1190_m=3_n=25_l=20_c=15_s=1_2.txt,0.058621,77,71
adapted_instance1190_m=3_n=25_l=20_c=15_s=1_3.txt,0.07231,79,71
adapted_instance1190_m=3_n=25_l=20_c=15_s=1_4.txt,0.059109,76,71
adapted_instance1190_m=3_n=25_l=20_c=15_s=1_5.txt,0.076546,80,72
adapted_instance1190_m=3_n=25_l=20_c=15_s=1_6.txt,0.072475,81,72
adapted_instance1190_m=3_n=25_l=20_c=15_s=1_7.txt,0.045431,82,73
adapted_instance1190_m=3_n=25_l=20_c=15_s=1_8.txt,0.074488,79,72
adapted_instance1190_m=3_n=25_l=20_c=15_s=1_9.txt,0.059925,78,73
adapted_instance1190_m=3_n=25_l=20_c=15_s=1_10.txt,0.042099,80,73
adapted_instance1202_m=4_n=25_l=15_c=10_s=1_1.txt,0.023349,65,62
adapted_instance1202_m=4_n=25_l=15_c=10_s=1_2.txt,0.045227,67,61
adapted_instance1202_m=4_n=25_l=15_c=10_s=1_3.txt,0.043677,65,60
adapted_instance1202_m=4_n=25_l=15_c=10_s=1_4.txt,0.056784,68,60
adapted_instance1202_m=4_n=25_l=15_c=10_s=1_5.txt,0.034055,66,62
adapted_instance1202_m=4_n=25_l=15_c=10_s=1_6.txt,0.044945,66,61
adapted_instance1202_m=4_n=25_l=15_c=10_s=1_7.txt,0.035064,67,62
adapted_instance1202_m=4_n=25_l=15_c=10_s=1_8.txt,0.032381,67,62
adapted_instance1202_m=4_n=25_l=15_c=10_s=1_9.txt,0.033737,66,62
adapted_instance1202_m=4_n=25_l=15_c=10_s=1_10.txt,0.033909,64,62
adapted_instance1204_m=4_n=25_l=15_c=10_s=0_1.txt,0.045274,56,51
adapted_instance1204_m=4_n=25_l=15_c=10_s=0_2.txt,0.04636,57,51
adapted_instance1204_m=4_n=25_l=15_c=10_s=0_3.txt,0.065353,58,49
adapted_instance1204_m=4_n=25_l=15_c=10_s=0_4.txt,0.022468,53,50
adapted_instance1204_m=4_n=25_l=15_c=10_s=0_5.txt,0.05707,56,50
adapted_instance1204_m=4_n=25_l=15_c=10_s=0_6.txt,0.044032,55,50
adapted_instance1204_m=4_n=25_l=15_c=10_s=0_7.txt,0.057697,55,50
adapted_instance1204_m=4_n=25_l=15_c=10_s=0_8.txt,0.044418,58,50
adapted_instance1204_m=4_n=25_l=15_c=10_s=0_9.txt,0.053817,56,50
adapted_instance1204_m=4_n=25_l=15_c=10_s=0_10.txt,0.033475,55,50
adapted_instance1206_m=4_n=25_l=15_c=10_s=2_1.txt,0.03236,53,49
adapted_instance1206_m=4_n=25_l=15_c=10_s=2_2.txt,0.056108,55,49
adapted_instance1206_m=4_n=25_l=15_c=10_s=2_3.txt,0.057898,61,51
adapted_instance1206_m=4_n=25_l=15_c=10_s=2_4.txt,0.06363,59,50
adapted_instance1206_m=4_n=25_l=15_c=10_s=2_5.txt,0.044696,56,50
adapted_instance1206_m=4_n=25_l=15_c=10_s=2_6.txt,0.052969,56,49
adapted_instance1206_m=4_n=25_l=15_c=10_s=2_7.txt,0.067367,59,50
adapted_instance1206_m=4_n=25_l=15_c=10_s=2_8.txt,0.045277,58,51
adapted_instance1206_m=4_n=25_l=15_c=10_s=2_9.txt,0.031866,56,51
adapted_instance1206_m=4_n=25_l=15_c=10_s=2_10.txt,0.032866,58,51
adapted_instance1208_m=4_n=25_l=15_c=10_s=1_1.txt,0.053474,60,51
adapted_instance1208_m=4_n=25_l=15_c=10_s=1_2.txt,0.054749,58,51
adapted_instance1208_m=4_n=25_l=15_c=10_s=1_3.txt,0.055511,57,50
adapted_instance1208_m=4_n=25_l=15_c=10_s=1_4.txt,0.06685,59,50
adapted_instance1208_m=4_n=25_l=15_c=10_s=1_5.txt,0.043376,58,52
adapted_instance1208_m=4_n=25_l=15_c=10_s=1_6.txt,0.054824,57,50
adapted_instance1208_m=4_n=25_l=15_c=10_s=1_7.txt,0.042443,58,51
adapted_instance1208_m=4_n=25_l=15_c=10_s=1_8.txt,0.033283,56,52
adapted_instance1208_m=4_n=25_l=15_c=10_s=1_9.txt,0.055676,58,51
adapted_instance1208_m=4_n=25_l=15_c=10_s=1_10.txt,0.044938,57,51
adapted_instance1210_m=4_n=25_l=15_c=10_s=0_1.txt,0.067026,67,58
adapted_instance1210_m=4_n=25_l=15_c=10_s=0_2.txt,0.044173,65,59
adapted_instance1210_m=4_n=25_l=15_c=10_s=0_3.txt,0.034487,65,59
adapted_instance1210_m=4_n=25_l=15_c=10_s=0_4.txt,0.038485,65,60
adapted_instance1210_m=4_n=25_l=15_c=10_s=0_5.txt,0.052806,61,58
adapted_instance1210_m=4_n=25_l=15_c=10_s=0_6.txt,0.046577,63,58
adapted_instance1210_m=4_n=25_l=15_c=10_s=0_7.txt,0.021994,61,59
adapted_instance1210_m=4_n=25_l=15_c=10_s=0_8.txt,0.033011,63,58
adapted_instance1210_m=4_n=25_l=15_c=10_s=0_9.txt,0.045567,63,58
adapted_instance1210_m=4_n=25_l=15_c=10_s=0_10.txt,0.043309,62,58
adapted_instance1212_m=4_n=25_l=15_c=10_s=2_1.txt,0.034312,67,63
adapted_instance1212_m=4_n=25_l=15_c=10_s=2_2.txt,0.060392,71,63
adapted_instance1212_m=4_n=25_l=15_c=10_s=2_3.txt,0.056065,71,62
adapted_instance1212_m=4_n=25_l=15_c=10_s=2_4.txt,0.045008,70,64
adapted_instance1212_m=4_n=25_l=15_c=10_s=2_5.txt,0.069726,71,62
adapted_instance1212_m=4_n=25_l=15_c=10_s=2_6.txt,0.044637,70,63
adapted_instance1212_m=4_n=25_l=15_c=10_s=2_7.txt,0.047131,68,63
adapted_instance1212_m=4_n=25_l=15_c=10_s=2_8.txt,0.045651,67,62
adapted_instance1212_m=4_n=25_l=15_c=10_s=2_9.txt,0.044307,70,63
adapted_instance1212_m=4_n=25_l=15_c=10_s=2_10.txt,0.033355,68,63
adapted_instance1214_m=4_n=25_l=15_c=10_s=1_1.txt,0.03562,56,53
adapted_instance1214_m=4_n=25_l=15_c=10_s=1_2.txt,0.039051,57,53
adapted_instance1214_m=4_n=25_l=15_c=10_s=1_3.txt,0.034962,56,53
adapted_instance1214_m=4_n=25_l=15_c=10_s=1_4.txt,0.023292,56,54
adapted_instance1214_m=4_n=25_l=15_c=10_s=1_5.txt,0.032501,56,53
adapted_instance1214_m=4_n=25_l=15_c=10_s=1_6.txt,0.042481,58,53
adapted_instance1214_m=4_n=25_l=15_c=10_s=1_7.txt,0.043371,60,53
adapted_instance1214_m=4_n=25_l=15_c=10_s=1_8.txt,0.033217,58,54
adapted_instance1214_m=4_n=25_l=15_c=10_s=1_9.txt,0.060579,60,53
adapted_instance1214_m=4_n=25_l=15_c=10_s=1_10.txt,0.058187,60,53
adapted_instance1216_m=4_n=25_l=15_c=10_s=0_1.txt,0.064514,54,47
adapted_instance1216_m=4_n=25_l=15_c=10_s=0_2.txt,0.052093,55,47
adapted_instance1216_m=4_n=25_l=15_c=10_s=0_3.txt,0.031524,53,48
adapted_instance1216_m=4_n=25_l=15_c=10_s=0_4.txt,0.054291,54,48
adapted_instance1216_m=4_n=25_l=15_c=10_s=0_5.txt,0.044187,54,49
adapted_instance1216_m=4_n=25_l=15_c=10_s=0_6.txt,0.064061,55,47
adapted_instance1216_m=4_n=25_l=15_c=10_s=0_7.txt,0.033267,50,48
adapted_instance1216_m=4_n=25_l=15_c=10_s=0_8.txt,0.04357,54,49
adapted_instance1216_m=4_n=25_l=15_c=10_s=0_9.txt,0.046595,54,48
adapted_instance1216_m=4_n=25_l=15_c=10_s=0_10.txt,0.06652,55,47
adapted_instance1218_m=4_n=25_l=15_c=10_s=2_1.txt,0.042377,54,48
adapted_instance1218_m=4_n=25_l=15_c=10_s=2_2.txt,0.054549,58,47
adapted_instance1218_m=4_n=25_l=15_c=10_s=2_3.txt,0.033529,53,48
adapted_instance1218_m=4_n=25_l=15_c=10_s=2_4.txt,0.042881,56,50
adapted_instance1218_m=4_n=25_l=15_c=10_s=2_5.txt,0.043191,55,47
adapted_instance1218_m=4_n=25_l=15_c=10_s=2_6.txt,0.032325,50,48
adapted_instance1218_m=4_n=25_l=15_c=10_s=2_7.txt,0.044879,53,48
adapted_instance1218_m=4_n=25_l=15_c=10_s=2_8.txt,0.057159,55,47
adapted_instance1218_m=4_n=25_l=15_c=10_s=2_9.txt,0.054779,54,48
adapted_instance1218_m=4_n=25_l=15_c=10_s=2_10.txt,0.043297,54,48
adapted_instance1220_m=4_n=25_l=15_c=10_s=1_1.txt,0.043969,56,50
adapted_instance1220_m=4_n=25_l=15_c=10_s=1_2.txt,0.043553,57,49
adapted_instance1220_m=4_n=25_l=15_c=10_s=1_3.txt,0.037038,57,51
adapted_instance1220_m=4_n=25_l=15_c=10_s=1_4.txt,0.054768,55,49
adapted_instance1220_m=4_n=25_l=15_c=10_s=1_5.txt,0.046265,56,50
adapted_instance1220_m=4_n=25_l=15_c=10_s=1_6.txt,0.054263,55,49
adapted_instance1220_m=4_n=25_l=15_c=10_s=1_7.txt,0.05378,56,49
adapted_instance1220_m=4_n=25_l=15_c=10_s=1_8.txt,0.043416,54,50
adapted_instance1220_m=4_n=25_l=15_c=10_s=1_9.txt,0.044246,54,49
adapted_instance1220_m=4_n=25_l=15_c=10_s=1_10.txt,0.055727,56,49
adapted_instance1222_m=4_n=25_l=15_c=10_s=0_1.txt,0.023161,52,50
adapted_instance1222_m=4_n=25_l=15_c=10_s=0_2.txt,0.033953,53,49
adapted_instance1222_m=4_n=25_l=15_c=10_s=0_3.txt,0.057483,59,48
adapted_instance1222_m=4_n=25_l=15_c=10_s=0_4.txt,0.05401,59,49
adapted_instance1222_m=4_n=25_l=15_c=10_s=0_5.txt,0.044989,54,49
adapted_instance1222_m=4_n=25_l=15_c=10_s=0_6.txt,0.042551,56,49
adapted_instance1222_m=4_n=25_l=15_c=10_s=0_7.txt,0.054651,55,48
adapted_instance1222_m=4_n=25_l=15_c=10_s=0_8.txt,0.044608,60,48
adapted_instance1222_m=4_n=25_l=15_c=10_s=0_9.txt,0.05276,55,49
adapted_instance1222_m=4_n=25_l=15_c=10_s=0_10.txt,0.043575,54,49
adapted_instance1224_m=4_n=25_l=15_c=10_s=2_1.txt,0.056299,53,47
adapted_instance1224_m=4_n=25_l=15_c=10_s=2_2.txt,0.03206,51,47
adapted_instance1224_m=4_n=25_l=15_c=10_s=2_3.txt,0.032556,50,46
adapted_instance1224_m=4_n=25_l=15_c=10_s=2_4.txt,0.045932,56,47
adapted_instance1224_m=4_n=25_l=15_c=10_s=2_5.txt,0.044711,54,47
adapted_instance1224_m=4_n=25_l=15_c=10_s=2_6.txt,0.042772,51,47
adapted_instance1224_m=4_n=25_l=15_c=10_s=2_7.txt,0.044163,51,46
adapted_instance1224_m=4_n=25_l=15_c=10_s=2_8.txt,0.042427,53,46
adapted_instance1224_m=4_n=25_l=15_c=10_s=2_9.txt,0.032822,53,48
adapted_instance1224_m=4_n=25_l=15_c=10_s=2_10.txt,0.033635,54,47
adapted_instance1226_m=4_n=25_l=15_c=10_s=1_1.txt,0.04904,50,46
adapted_instance1226_m=4_n=25_l=15_c=10_s=1_2.txt,0.050679,53,46
adapted_instance1226_m=4_n=25_l=15_c=10_s=1_3.txt,0.043683,53,47
adapted_instance1226_m=4_n=25_l=15_c=10_s=1_4.txt,0.035263,54,48
adapted_instance1226_m=4_n=25_l=15_c=10_s=1_5.txt,0.045092,55,47
adapted_instance1226_m=4_n=25_l=15_c=10_s=1_6.txt,0.033653,53,47
adapted_instance1226_m=4_n=25_l=15_c=10_s=1_7.txt,0.033612,50,46
adapted_instance1226_m=4_n=25_l=15_c=10_s=1_8.txt,0.042798,52,47
adapted_instance1226_m=4_n=25_l=15_c=10_s=1_9.txt,0.05447,56,46
adapted_instance1226_m=4_n=25_l=15_c=10_s=1_10.txt,0.025938,48,47
adapted_instance1228_m=4_n=25_l=15_c=10_s=0_1.txt,0.044952,61,54
adapted_instance1228_m=4_n=25_l=15_c=10_s=0_2.txt,0.034046,62,54
adapted_instance1228_m=4_n=25_l=15_c=10_s=0_3.txt,0.054921,61,54
adapted_instance1228_m=4_n=25_l=15_c=10_s=0_4.txt,0.011168,56,56
adapted_instance1228_m=4_n=25_l=15_c=10_s=0_5.txt,0.047794,61,54
adapted_instance1228_m=4_n=25_l=15_c=10_s=0_6.txt,0.035845,59,55
adapted_instance1228_m=4_n=25_l=15_c=10_s=0_7.txt,0.046733,61,54
adapted_instance1228_m=4_n=25_l=15_c=10_s=0_8.txt,0.056014,61,54
adapted_instance1228_m=4_n=25_l=15_c=10_s=0_9.txt,0.043987,58,54
adapted_instance1228_m=4_n=25_l=15_c=10_s=0_10.txt,0.056219,60,54
adapted_instance1230_m=4_n=25_l=15_c=10_s=2_1.txt,0.032186,57,51
adapted_instance1230_m=4_n=25_l=15_c=10_s=2_2.txt,0.044148,57,51
adapted_instance1230_m=4_n=25_l=15_c=10_s=2_3.txt,0.044097,57,50
adapted_instance1230_m=4_n=25_l=15_c=10_s=2_4.txt,0.032751,55,52
adapted_instance1230_m=4_n=25_l=15_c=10_s=2_5.txt,0.056223,57,51
adapted_instance1230_m=4_n=25_l=15_c=10_s=2_6.txt,0.04431,56,51
adapted_instance1230_m=4_n=25_l=15_c=10_s=2_7.txt,0.043909,56,51
adapted_instance1230_m=4_n=25_l=15_c=10_s=2_8.txt,0.055552,59,51
adapted_instance1230_m=4_n=25_l=15_c=10_s=2_9.txt,0.045605,59,50
adapted_instance1230_m=4_n=25_l=15_c=10_s=2_10.txt,0.046208,56,52
adapted_instance1232_m=4_n=25_l=15_c=10_s=1_1.txt,0.045464,50,44
adapted_instance1232_m=4_n=25_l=15_c=10_s=1_2.txt,0.032353,48,44
adapted_instance1232_m=4_n=25_l=15_c=10_s=1_3.txt,0.032418,49,44
adapted_instance1232_m=4_n=25_l=15_c=10_s=1_4.txt,0.043486,48,44
adapted_instance1232_m=4_n=25_l=15_c=10_s=1_5.txt,0.042328,51,44
adapted_instance1232_m=4_n=25_l=15_c=10_s=1_6.txt,0.034104,49,44
adapted_instance1232_m=4_n=25_l=15_c=10_s=1_7.txt,0.041843,51,44
adapted_instance1232_m=4_n=25_l=15_c=10_s=1_8.txt,0.032404,48,44
adapted_instance1232_m=4_n=25_l=15_c=10_s=1_9.txt,0.031097,49,44
adapted_instance1232_m=4_n=25_l=15_c=10_s=1_10.txt,0.021115,47,44
adapted_instance1234_m=4_n=25_l=15_c=10_s=0_1.txt,0.041457,59,53
adapted_instance1234_m=4_n=25_l=15_c=10_s=0_2.txt,0.032785,55,53
adapted_instance1234_m=4_n=25_l=15_c=10_s=0_3.txt,0.03137,57,53
adapted_instance1234_m=4_n=25_l=15_c=10_s=0_4.txt,0.044144,60,53
adapted_instance1234_m=4_n=25_l=15_c=10_s=0_5.txt,0.031966,55,52
adapted_instance1234_m=4_n=25_l=15_c=10_s=0_6.txt,0.044339,58,52
adapted_instance1234_m=4_n=25_l=15_c=10_s=0_7.txt,0.041465,58,53
adapted_instance1234_m=4_n=25_l=15_c=10_s=0_8.txt,0.052521,57,52
adapted_instance1234_m=4_n=25_l=15_c=10_s=0_9.txt,0.032196,57,54
adapted_instance1234_m=4_n=25_l=15_c=10_s=0_10.txt,0.032488,56,53
adapted_instance1236_m=4_n=25_l=15_c=10_s=2_1.txt,0.021265,51,49
adapted_instance1236_m=4_n=25_l=15_c=10_s=2_2.txt,0.032263,55,50
adapted_instance1236_m=4_n=25_l=15_c=10_s=2_3.txt,0.026591,52,50
adapted_instance1236_m=4_n=25_l=15_c=10_s=2_4.txt,0.032224,54,50
adapted_instance1236_m=4_n=25_l=15_c=10_s=2_5.txt,0.030914,53,50
adapted_instance1236_m=4_n=25_l=15_c=10_s=2_6.txt,0.04488,52,49
adapted_instance1236_m=4_n=25_l=15_c=10_s=2_7.txt,0.043337,55,49
adapted_instance1236_m=4_n=25_l=15_c=10_s=2_8.txt,0.041183,57,49
adapted_instance1236_m=4_n=25_l=15_c=10_s=2_9.txt,0.031412,52,49
adapted_instance1236_m=4_n=25_l=15_c=10_s=2_10.txt,0.0421,54,49
adapted_instance1238_m=4_n=25_l=15_c=10_s=1_1.txt,0.040913,55,51
adapted_instance1238_m=4_n=25_l=15_c=10_s=1_2.txt,0.044575,57,50
adapted_instance1238_m=4_n=25_l=15_c=10_s=1_3.txt,0.044502,56,50
adapted_instance1238_m=4_n=25_l=15_c=10_s=1_4.txt,0.054967,56,50
adapted_instance1238_m=4_n=25_l=15_c=10_s=1_5.txt,0.021827,53,51
adapted_instance1238_m=4_n=25_l=15_c=10_s=1_6.txt,0.064157,58,50
adapted_instance1238_m=4_n=25_l=15_c=10_s=1_7.txt,0.0524,60,50
adapted_instance1238_m=4_n=25_l=15_c=10_s=1_8.txt,0.032001,54,50
adapted_instance1238_m=4_n=25_l=15_c=10_s=1_9.txt,0.065535,58,50
adapted_instance1238_m=4_n=25_l=15_c=10_s=1_10.txt,0.031715,54,50
adapted_instance1284_m=4_n=25_l=15_c=10_s=2_1.txt,0.055096,72,65
adapted_instance1284_m=4_n=25_l=15_c=10_s=2_2.txt,0.037279,69,65
adapted_instance1284_m=4_n=25_l=15_c=10_s=2_3.txt,0.035747,70,66
adapted_instance1284_m=4_n=25_l=15_c=10_s=2_4.txt,0.0454,73,65
adapted_instance1284_m=4_n=25_l=15_c=10_s=2_5.txt,0.022082,69,67
adapted_instance1284_m=4_n=25_l=15_c=10_s=2_6.txt,0.047424,73,65
adapted_instance1284_m=4_n=25_l=15_c=10_s=2_7.txt,0.044484,71,65
adapted_instance1284_m=4_n=25_l=15_c=10_s=2_8.txt,0.034226,69,65
adapted_instance1284_m=4_n=25_l=15_c=10_s=2_9.txt,0.055906,74,65
adapted_instance1284_m=4_n=25_l=15_c=10_s=2_10.txt,0.058043,72,65
adapted_instance1286_m=4_n=25_l=15_c=10_s=1_1.txt,0.045917,72,66
adapted_instance1286_m=4_n=25_l=15_c=10_s=1_2.txt,0.059769,72,66
adapted_instance1286_m=4_n=25_l=15_c=10_s=1_3.txt,0.048071,71,66
adapted_instance1286_m=4_n=25_l=15_c=10_s=1_4.txt,0.024156,68,66
adapted_instance1286_m=4_n=25_l=15_c=10_s=1_5.txt,0.045516,71,66
adapted_instance1286_m=4_n=25_l=15_c=10_s=1_6.txt,0.031538,70,66
adapted_instance1286_m=4_n=25_l=15_c=10_s=1_7.txt,0.033852,70,66
adapted_instance1286_m=4_n=25_l=15_c=10_s=1_8.txt,0.034352,73,67
adapted_instance1286_m=4_n=25_l=15_c=10_s=1_9.txt,0.046875,73,66
adapted_instance1286_m=4_n=25_l=15_c=10_s=1_10.txt,0.021566,69,66
adapted_instance1288_m=4_n=25_l=15_c=10_s=0_1.txt,0.034288,64,58
adapted_instance1288_m=4_n=25_l=15_c=10_s=0_2.txt,0.033253,61,57
adapted_instance1288_m=4_n=25_l=15_c=10_s=0_3.txt,0.033228,63,58
adapted_instance1288_m=4_n=25_l=15_c=10_s=0_4.txt,0.044241,61,57
adapted_instance1288_m=4_n=25_l=15_c=10_s=0_5.txt,0.032539,61,58
adapted_instance1288_m=4_n=25_l=15_c=10_s=0_6.txt,0.033303,62,57
adapted_instance1288_m=4_n=25_l=15_c=10_s=0_7.txt,0.046186,63,58
adapted_instance1288_m=4_n=25_l=15_c=10_s=0_8.txt,0.033817,61,58
adapted_instance1288_m=4_n=25_l=15_c=10_s=0_9.txt,0.056279,66,57
adapted_instance1288_m=4_n=25_l=15_c=10_s=0_10.txt,0.056294,66,58
adapted_instance1290_m=4_n=25_l=15_c=10_s=2_1.txt,0.045699,62,57
adapted_instance1290_m=4_n=25_l=15_c=10_s=2_2.txt,0.044825,66,58
adapted_instance1290_m=4_n=25_l=15_c=10_s=2_3.txt,0.044078,63,58
adapted_instance1290_m=4_n=25_l=15_c=10_s=2_4.txt,0.034576,64,58
adapted_instance1290_m=4_n=25_l=15_c=10_s=2_5.txt,0.033614,62,59
adapted_instance1290_m=4_n=25_l=15_c=10_s=2_6.txt,0.04391,65,57
adapted_instance1290_m=4_n=25_l=15_c=10_s=2_7.txt,0.067175,65,57
adapted_instance1290_m=4_n=25_l=15_c=10_s=2_8.txt,0.06489,69,58
adapted_instance1290_m=4_n=25_l=15_c=10_s=2_9.txt,0.036024,62,58
adapted_instance1290_m=4_n=25_l=15_c=10_s=2_10.txt,0.023627,62,57
adapted_instance1294_m=4_n=25_l=15_c=10_s=0_1.txt,0.045214,53,48
adapted_instance1294_m=4_n=25_l=15_c=10_s=0_2.txt,0.054238,52,45
adapted_instance1294_m=4_n=25_l=15_c=10_s=0_3.txt,0.032095,52,47
adapted_instance1294_m=4_n=25_l=15_c=10_s=0_4.txt,0.04257,53,47
adapted_instance1294_m=4_n=25_l=15_c=10_s=0_5.txt,0.058118,57,47
adapted_instance1294_m=4_n=25_l=15_c=10_s=0_6.txt,0.03213,53,47
adapted_instance1294_m=4_n=25_l=15_c=10_s=0_7.txt,0.043367,55,47
adapted_instance1294_m=4_n=25_l=15_c=10_s=0_8.txt,0.05059,54,46
adapted_instance1294_m=4_n=25_l=15_c=10_s=0_9.txt,0.035122,53,48
adapted_instance1294_m=4_n=25_l=15_c=10_s=0_10.txt,0.022095,54,50
adapted_instance1296_m=4_n=25_l=15_c=10_s=2_1.txt,0.043095,52,46
adapted_instance1296_m=4_n=25_l=15_c=10_s=2_2.txt,0.032873,53,48
adapted_instance1296_m=4_n=25_l=15_c=10_s=2_3.txt,0.021377,49,47
adapted_instance1296_m=4_n=25_l=15_c=10_s=2_4.txt,0.042405,53,46
adapted_instance1296_m=4_n=25_l=15_c=10_s=2_5.txt,0.054074,52,45
adapted_instance1296_m=4_n=25_l=15_c=10_s=2_6.txt,0.042936,51,46
adapted_instance1296_m=4_n=25_l=15_c=10_s=2_7.txt,0.033296,52,47
adapted_instance1296_m=4_n=25_l=15_c=10_s=2_8.txt,0.041464,52,46
adapted_instance1296_m=4_n=25_l=15_c=10_s=2_9.txt,0.032277,52,47
adapted_instance1296_m=4_n=25_l=15_c=10_s=2_10.txt,0.040986,52,47
adapted_instance1302_m=4_n=25_l=15_c=10_s=2_1.txt,0.064674,53,45
adapted_instance1302_m=4_n=25_l=15_c=10_s=2_2.txt,0.067712,56,46
adapted_instance1302_m=4_n=25_l=15_c=10_s=2_3.txt,0.041778,53,47
adapted_instance1302_m=4_n=25_l=15_c=10_s=2_4.txt,0.032032,52,47
adapted_instance1302_m=4_n=25_l=15_c=10_s=2_5.txt,0.053499,53,46
adapted_instance1302_m=4_n=25_l=15_c=10_s=2_6.txt,0.051846,54,45
adapted_instance1302_m=4_n=25_l=15_c=10_s=2_7.txt,0.032175,49,46
adapted_instance1302_m=4_n=25_l=15_c=10_s=2_8.txt,0.041367,52,45
adapted_instance1302_m=4_n=25_l=15_c=10_s=2_9.txt,0.037846,53,48
adapted_instance1302_m=4_n=25_l=15_c=10_s=2_10.txt,0.064482,54,46
adapted_instance1304_m=4_n=25_l=15_c=10_s=1_1.txt,0.042994,58,53
adapted_instance1304_m=4_n=25_l=15_c=10_s=1_2.txt,0.032137,59,53
adapted_instance1304_m=4_n=25_l=15_c=10_s=1_3.txt,0.051399,60,52
adapted_instance1304_m=4_n=25_l=15_c=10_s=1_4.txt,0.054054,58,53
adapted_instance1304_m=4_n=25_l=15_c=10_s=1_5.txt,0.030894,58,54
adapted_instance1304_m=4_n=25_l=15_c=10_s=1_6.txt,0.042262,58,52
adapted_instance1304_m=4_n=25_l=15_c=10_s=1_7.txt,0.053781,59,52
adapted_instance1304_m=4_n=25_l=15_c=10_s=1_8.txt,0.041833,59,52
adapted_instance1304_m=4_n=25_l=15_c=10_s=1_9.txt,0.033077,58,53
adapted_instance1304_m=4_n=25_l=15_c=10_s=1_10.txt,0.031964,57,54
adapted_instance1310_m=4_n=25_l=15_c=10_s=1_1.txt,0.032443,54,50
adapted_instance1310_m=4_n=25_l=15_c=10_s=1_2.txt,0.042136,56,48
adapted_instance1310_m=4_n=25_l=15_c=10_s=1_3.txt,0.054715,57,48
adapted_instance1310_m=4_n=25_l=15_c=10_s=1_4.txt,0.0317,53,49
adapted_instance1310_m=4_n=25_l=15_c=10_s=1_5.txt,0.05232,58,48
adapted_instance1310_m=4_n=25_l=15_c=10_s=1_6.txt,0.04208,56,49
adapted_instance1310_m=4_n=25_l=15_c=10_s=1_7.txt,0.04185,56,49
adapted_instance1310_m=4_n=25_l=15_c=10_s=1_8.txt,0.041454,59,50
adapted_instance1310_m=4_n=25_l=15_c=10_s=1_9.txt,0.050847,57,49
adapted_instance1310_m=4_n=25_l=15_c=10_s=1_10.txt,0.042041,55,49
adapted_instance1324_m=4_n=25_l=20_c=10_s=0_1.txt,0.030349,64,62
adapted_instance1324_m=4_n=25_l=20_c=10_s=0_2.txt,0.048928,63,61
adapted_instance1324_m=4_n=25_l=20_c=10_s=0_3.txt,0.065342,66,61
adapted_instance1324_m=4_n=25_l=20_c=10_s=0_4.txt,0.031969,62,61
adapted_instance1324_m=4_n=25_l=20_c=10_s=0_5.txt,0.047958,66,61
adapted_instance1324_m=4_n=25_l=20_c=10_s=0_6.txt,0.047484,65,61
adapted_instance1324_m=4_n=25_l=20_c=10_s=0_7.txt,0.079125,67,61
adapted_instance1324_m=4_n=25_l=20_c=10_s=0_8.txt,0.063711,67,61
adapted_instance1324_m=4_n=25_l=20_c=10_s=0_9.txt,0.047385,67,61
adapted_instance1324_m=4_n=25_l=20_c=10_s=0_10.txt,0.047431,64,61
adapted_instance1326_m=4_n=25_l=20_c=10_s=2_1.txt,0.061789,64,58
adapted_instance1326_m=4_n=25_l=20_c=10_s=2_2.txt,0.078859,63,57
adapted_instance1326_m=4_n=25_l=20_c=10_s=2_3.txt,0.060862,66,58
adapted_instance1326_m=4_n=25_l=20_c=10_s=2_4.txt,0.04683,62,59
adapted_instance1326_m=4_n=25_l=20_c=10_s=2_5.txt,0.078264,66,58
adapted_instance1326_m=4_n=25_l=20_c=10_s=2_6.txt,0.06468,63,58
adapted_instance1326_m=4_n=25_l=20_c=10_s=2_7.txt,0.079079,64,57
adapted_instance1326_m=4_n=25_l=20_c=10_s=2_8.txt,0.081909,66,58
adapted_instance1326_m=4_n=25_l=20_c=10_s=2_9.txt,0.049275,63,59
adapted_instance1326_m=4_n=25_l=20_c=10_s=2_10.txt,0.063567,62,57
adapted_instance1328_m=4_n=25_l=20_c=10_s=1_1.txt,0.046316,60,56
adapted_instance1328_m=4_n=25_l=20_c=10_s=1_2.txt,0.062176,60,55
adapted_instance1328_m=4_n=25_l=20_c=10_s=1_3.txt,0.031174,61,58
adapted_instance1328_m=4_n=25_l=20_c=10_s=1_4.txt,0.063766,61,55
adapted_instance1328_m=4_n=25_l=20_c=10_s=1_5.txt,0.0763,62,55
adapted_instance1328_m=4_n=25_l=20_c=10_s=1_6.txt,0.095424,62,55
adapted_instance1328_m=4_n=25_l=20_c=10_s=1_7.txt,0.062309,58,55
adapted_instance1328_m=4_n=25_l=20_c=10_s=1_8.txt,0.065496,62,56
adapted_instance1328_m=4_n=25_l=20_c=10_s=1_9.txt,0.047469,59,56
adapted_instance1328_m=4_n=25_l=20_c=10_s=1_10.txt,0.031275,59,57
adapted_instance1334_m=4_n=25_l=20_c=10_s=1_1.txt,0.032598,66,63
adapted_instance1334_m=4_n=25_l=20_c=10_s=1_2.txt,0.034662,64,63
adapted_instance1334_m=4_n=25_l=20_c=10_s=1_3.txt,0.033867,64,63
adapted_instance1334_m=4_n=25_l=20_c=10_s=1_4.txt,0.047163,66,63
adapted_instance1334_m=4_n=25_l=20_c=10_s=1_5.txt,0.034668,65,63
adapted_instance1334_m=4_n=25_l=20_c=10_s=1_6.txt,0.033729,64,63
adapted_instance1334_m=4_n=25_l=20_c=10_s=1_7.txt,0.050491,66,63
adapted_instance1334_m=4_n=25_l=20_c=10_s=1_8.txt,0.051813,65,63
adapted_instance1334_m=4_n=25_l=20_c=10_s=1_9.txt,0.016969,63,63
adapted_instance1334_m=4_n=25_l=20_c=10_s=1_10.txt,0.048571,67,63
adapted_instance1338_m=4_n=25_l=20_c=10_s=2_1.txt,0.065151,58,53
adapted_instance1338_m=4_n=25_l=20_c=10_s=2_2.txt,0.062743,63,53
adapted_instance1338_m=4_n=25_l=20_c=10_s=2_3.txt,0.062456,59,52
adapted_instance1338_m=4_n=25_l=20_c=10_s=2_4.txt,0.081791,58,52
adapted_instance1338_m=4_n=25_l=20_c=10_s=2_5.txt,0.083273,60,52
adapted_instance1338_m=4_n=25_l=20_c=10_s=2_6.txt,0.09536,61,51
adapted_instance1338_m=4_n=25_l=20_c=10_s=2_7.txt,0.047234,57,52
adapted_instance1338_m=4_n=25_l=20_c=10_s=2_8.txt,0.078137,55,51
adapted_instance1338_m=4_n=25_l=20_c=10_s=2_9.txt,0.079962,60,51
adapted_instance1338_m=4_n=25_l=20_c=10_s=2_10.txt,0.077466,59,51
adapted_instance1340_m=4_n=25_l=20_c=10_s=1_1.txt,0.064454,59,54
adapted_instance1340_m=4_n=25_l=20_c=10_s=1_2.txt,0.061666,58,54
adapted_instance1340_m=4_n=25_l=20_c=10_s=1_3.txt,0.089047,59,54
adapted_instance1340_m=4_n=25_l=20_c=10_s=1_4.txt,0.032629,58,54
adapted_instance1340_m=4_n=25_l=20_c=10_s=1_5.txt,0.048897,58,55
adapted_instance1340_m=4_n=25_l=20_c=10_s=1_6.txt,0.064968,60,54
adapted_instance1340_m=4_n=25_l=20_c=10_s=1_7.txt,0.032568,59,55
adapted_instance1340_m=4_n=25_l=20_c=10_s=1_8.txt,0.064975,61,54
adapted_instance1340_m=4_n=25_l=20_c=10_s=1_9.txt,0.061185,58,54
adapted_instance1340_m=4_n=25_l=20_c=10_s=1_10.txt,0.061892,58,54
adapted_instance1342_m=4_n=25_l=20_c=10_s=0_1.txt,0.047029,59,54
adapted_instance1342_m=4_n=25_l=20_c=10_s=0_2.txt,0.079073,60,52
adapted_instance1342_m=4_n=25_l=20_c=10_s=0_3.txt,0.061943,58,52
adapted_instance1342_m=4_n=25_l=20_c=10_s=0_4.txt,0.045509,57,53
adapted_instance1342_m=4_n=25_l=20_c=10_s=0_5.txt,0.031059,54,52
adapted_instance1342_m=4_n=25_l=20_c=10_s=0_6.txt,0.046386,54,52
adapted_instance1342_m=4_n=25_l=20_c=10_s=0_7.txt,0.044874,57,53
adapted_instance1342_m=4_n=25_l=20_c=10_s=0_8.txt,0.062999,58,52
adapted_instance1342_m=4_n=25_l=20_c=10_s=0_9.txt,0.077791,57,52
adapted_instance1342_m=4_n=25_l=20_c=10_s=0_10.txt,0.062522,57,52
adapted_instance1344_m=4_n=25_l=20_c=10_s=2_1.txt,0.047822,56,54
adapted_instance1344_m=4_n=25_l=20_c=10_s=2_2.txt,0.065289,60,55
adapted_instance1344_m=4_n=25_l=20_c=10_s=2_3.txt,0.062938,60,55
adapted_instance1344_m=4_n=25_l=20_c=10_s=2_4.txt,0.048455,58,54
adapted_instance1344_m=4_n=25_l=20_c=10_s=2_5.txt,0.045051,58,54
adapted_instance1344_m=4_n=25_l=20_c=10_s=2_6.txt,0.061306,60,54
adapted_instance1344_m=4_n=25_l=20_c=10_s=2_7.txt,0.048641,59,54
adapted_instance1344_m=4_n=25_l=20_c=10_s=2_8.txt,0.063708,59,54
adapted_instance1344_m=4_n=25_l=20_c=10_s=2_9.txt,0.045989,57,54
adapted_instance1344_m=4_n=25_l=20_c=10_s=2_10.txt,0.046732,60,55
adapted_instance1346_m=4_n=25_l=20_c=10_s=1_1.txt,0.077501,57,50
adapted_instance1346_m=4_n=25_l=20_c=10_s=1_2.txt,0.062415,59,51
adapted_instance1346_m=4_n=25_l=20_c=10_s=1_3.txt,0.076151,57,50
adapted_instance1346_m=4_n=25_l=20_c=10_s=1_4.txt,0.080161,57,51
adapted_instance1346_m=4_n=25_l=20_c=10_s=1_5.txt,0.063037,59,50
adapted_instance1346_m=4_n=25_l=20_c=10_s=1_6.txt,0.094465,62,51
adapted_instance1346_m=4_n=25_l=20_c=10_s=1_7.txt,0.062271,59,50
adapted_instance1346_m=4_n=25_l=20_c=10_s=1_8.txt,0.075683,59,50
adapted_instance1346_m=4_n=25_l=20_c=10_s=1_9.txt,0.061339,56,50
adapted_instance1346_m=4_n=25_l=20_c=10_s=1_10.txt,0.077686,56,50
adapted_instance1348_m=4_n=25_l=20_c=10_s=0_1.txt,0.064614,69,62
adapted_instance1348_m=4_n=25_l=20_c=10_s=0_2.txt,0.045786,65,62
adapted_instance1348_m=4_n=25_l=20_c=10_s=0_3.txt,0.046072,66,62
adapted_instance1348_m=4_n=25_l=20_c=10_s=0_4.txt,0.047939,64,62
adapted_instance1348_m=4_n=25_l=20_c=10_s=0_5.txt,0.047584,67,62
adapted_instance1348_m=4_n=25_l=20_c=10_s=0_6.txt,0.047703,68,62
adapted_instance1348_m=4_n=25_l=20_c=10_s=0_7.txt,0.06184,66,62
adapted_instance1348_m=4_n=25_l=20_c=10_s=0_8.txt,0.049218,69,63
adapted_instance1348_m=4_n=25_l=20_c=10_s=0_9.txt,0.046715,64,62
adapted_instance1348_m=4_n=25_l=20_c=10_s=0_10.txt,0.047447,68,62
adapted_instance1350_m=4_n=25_l=20_c=10_s=2_1.txt,0.04671,68,64
adapted_instance1350_m=4_n=25_l=20_c=10_s=2_2.txt,0.048766,67,62
adapted_instance1350_m=4_n=25_l=20_c=10_s=2_3.txt,0.032663,66,63
adapted_instance1350_m=4_n=25_l=20_c=10_s=2_4.txt,0.046057,66,62
adapted_instance1350_m=4_n=25_l=20_c=10_s=2_5.txt,0.048111,67,63
adapted_instance1350_m=4_n=25_l=20_c=10_s=2_6.txt,0.047483,67,62
adapted_instance1350_m=4_n=25_l=20_c=10_s=2_7.txt,0.031251,65,63
adapted_instance1350_m=4_n=25_l=20_c=10_s=2_8.txt,0.060959,68,62
adapted_instance1350_m=4_n=25_l=20_c=10_s=2_9.txt,0.062559,69,63
adapted_instance1350_m=4_n=25_l=20_c=10_s=2_10.txt,0.04866,68,63
adapted_instance1354_m=4_n=25_l=20_c=10_s=0_1.txt,0.082131,74,65
adapted_instance1354_m=4_n=25_l=20_c=10_s=0_2.txt,0.064158,74,66
adapted_instance1354_m=4_n=25_l=20_c=10_s=0_3.txt,0.066702,72,66
adapted_instance1354_m=4_n=25_l=20_c=10_s=0_4.txt,0.068404,73,66
adapted_instance1354_m=4_n=25_l=20_c=10_s=0_5.txt,0.08248,74,65
adapted_instance1354_m=4_n=25_l=20_c=10_s=0_6.txt,0.06489,73,67
adapted_instance1354_m=4_n=25_l=20_c=10_s=0_7.txt,0.066907,71,65
adapted_instance1354_m=4_n=25_l=20_c=10_s=0_8.txt,0.104316,75,65
adapted_instance1354_m=4_n=25_l=20_c=10_s=0_9.txt,0.032088,71,66
adapted_instance1354_m=4_n=25_l=20_c=10_s=0_10.txt,0.096108,73,65
adapted_instance1356_m=4_n=25_l=20_c=10_s=2_1.txt,0.065165,73,64
adapted_instance1356_m=4_n=25_l=20_c=10_s=2_2.txt,0.033784,70,67
adapted_instance1356_m=4_n=25_l=20_c=10_s=2_3.txt,0.085956,70,64
adapted_instance1356_m=4_n=25_l=20_c=10_s=2_4.txt,0.050467,70,65
adapted_instance1356_m=4_n=25_l=20_c=10_s=2_5.txt,0.066353,72,64
adapted_instance1356_m=4_n=25_l=20_c=10_s=2_6.txt,0.061724,71,64
adapted_instance1356_m=4_n=25_l=20_c=10_s=2_7.txt,0.098259,75,64
adapted_instance1356_m=4_n=25_l=20_c=10_s=2_8.txt,0.067624,72,65
adapted_instance1356_m=4_n=25_l=20_c=10_s=2_9.txt,0.049849,68,65
adapted_instance1356_m=4_n=25_l=20_c=10_s=2_10.txt,0.050601,70,65
adapted_instance1362_m=4_n=25_l=20_c=10_s=2_1.txt,0.11115,67,55
adapted_instance1362_m=4_n=25_l=20_c=10_s=2_2.txt,0.085473,65,55
adapted_instance1362_m=4_n=25_l=20_c=10_s=2_3.txt,0.067038,63,55
adapted_instance1362_m=4_n=25_l=20_c=10_s=2_4.txt,0.098522,66,54
adapted_instance1362_m=4_n=25_l=20_c=10_s=2_5.txt,0.080445,62,54
adapted_instance1362_m=4_n=25_l=20_c=10_s=2_6.txt,0.081238,63,55
adapted_instance1362_m=4_n=25_l=20_c=10_s=2_7.txt,0.097786,66,55
adapted_instance1362_m=4_n=25_l=20_c=10_s=2_8.txt,0.081858,62,55
adapted_instance1362_m=4_n=25_l=20_c=10_s=2_9.txt,0.081331,66,56
adapted_instance1362_m=4_n=25_l=20_c=10_s=2_10.txt,0.064296,61,55
adapted_instance1364_m=4_n=25_l=20_c=10_s=1_1.txt,0.065847,78,73
adapted_instance1364_m=4_n=25_l=20_c=10_s=1_2.txt,0.052169,76,73
adapted_instance1364_m=4_n=25_l=20_c=10_s=1_3.txt,0.065145,76,72
adapted_instance1364_m=4_n=25_l=20_c=10_s=1_4.txt,0.065595,77,72
adapted_instance1364_m=4_n=25_l=20_c=10_s=1_5.txt,0.048969,76,72
adapted_instance1364_m=4_n=25_l=20_c=10_s=1_6.txt,0.068641,78,72
adapted_instance1364_m=4_n=25_l=20_c=10_s=1_7.txt,0.05074,77,73
adapted_instance1364_m=4_n=25_l=20_c=10_s=1_8.txt,0.049412,75,72
adapted_instance1364_m=4_n=25_l=20_c=10_s=1_9.txt,0.050075,77,73
adapted_instance1364_m=4_n=25_l=20_c=10_s=1_10.txt,0.065676,77,72
adapted_instance1366_m=4_n=25_l=20_c=10_s=0_1.txt,0.032652,58,56
adapted_instance1366_m=4_n=25_l=20_c=10_s=0_2.txt,0.098661,63,54
adapted_instance1366_m=4_n=25_l=20_c=10_s=0_3.txt,0.065277,60,54
adapted_instance1366_m=4_n=25_l=20_c=10_s=0_4.txt,0.078671,61,53
adapted_instance1366_m=4_n=25_l=20_c=10_s=0_5.txt,0.095873,61,53
adapted_instance1366_m=4_n=25_l=20_c=10_s=0_6.txt,0.049496,60,55
adapted_instance1366_m=4_n=25_l=20_c=10_s=0_7.txt,0.101525,64,54
adapted_instance1366_m=4_n=25_l=20_c=10_s=0_8.txt,0.098204,64,54
adapted_instance1366_m=4_n=25_l=20_c=10_s=0_9.txt,0.047224,59,55
adapted_instance1366_m=4_n=25_l=20_c=10_s=0_10.txt,0.081728,60,54
