Instance_Name,Execution_Time,Initial_Solution,Final_Solution
adapted_instance100_m=2_n=8_l=15_c=10_s=0_1.txt,0.001608,39,38
adapted_instance100_m=2_n=8_l=15_c=10_s=0_2.txt,0.00205,40,37
adapted_instance100_m=2_n=8_l=15_c=10_s=0_3.txt,0.001082,38,38
adapted_instance100_m=2_n=8_l=15_c=10_s=0_4.txt,0.001557,38,36
adapted_instance100_m=2_n=8_l=15_c=10_s=0_5.txt,0.001508,38,37
adapted_instance100_m=2_n=8_l=15_c=10_s=0_6.txt,0.002275,40,37
adapted_instance100_m=2_n=8_l=15_c=10_s=0_7.txt,0.001713,39,37
adapted_instance100_m=2_n=8_l=15_c=10_s=0_8.txt,0.002241,40,37
adapted_instance100_m=2_n=8_l=15_c=10_s=0_9.txt,0.002919,41,37
adapted_instance100_m=2_n=8_l=15_c=10_s=0_10.txt,0.002276,41,37
adapted_instance102_m=2_n=8_l=15_c=10_s=2_1.txt,0.002089,42,40
adapted_instance102_m=2_n=8_l=15_c=10_s=2_2.txt,0.0016,42,40
adapted_instance102_m=2_n=8_l=15_c=10_s=2_3.txt,0.001554,44,41
adapted_instance102_m=2_n=8_l=15_c=10_s=2_4.txt,0.001575,42,40
adapted_instance102_m=2_n=8_l=15_c=10_s=2_5.txt,0.002139,42,40
adapted_instance102_m=2_n=8_l=15_c=10_s=2_6.txt,0.002085,44,40
adapted_instance102_m=2_n=8_l=15_c=10_s=2_7.txt,0.001525,41,40
adapted_instance102_m=2_n=8_l=15_c=10_s=2_8.txt,0.002094,43,40
adapted_instance102_m=2_n=8_l=15_c=10_s=2_9.txt,0.002486,43,40
adapted_instance102_m=2_n=8_l=15_c=10_s=2_10.txt,0.001577,42,40
adapted_instance106_m=2_n=8_l=15_c=10_s=0_1.txt,0.002059,39,35
adapted_instance106_m=2_n=8_l=15_c=10_s=0_2.txt,0.001037,37,37
adapted_instance106_m=2_n=8_l=15_c=10_s=0_3.txt,0.002587,40,35
adapted_instance106_m=2_n=8_l=15_c=10_s=0_4.txt,0.00202,40,35
adapted_instance106_m=2_n=8_l=15_c=10_s=0_5.txt,0.002037,40,35
adapted_instance106_m=2_n=8_l=15_c=10_s=0_6.txt,0.001664,39,37
adapted_instance106_m=2_n=8_l=15_c=10_s=0_7.txt,0.001502,38,35
adapted_instance106_m=2_n=8_l=15_c=10_s=0_8.txt,0.00161,39,35
adapted_instance106_m=2_n=8_l=15_c=10_s=0_9.txt,0.001611,42,37
adapted_instance106_m=2_n=8_l=15_c=10_s=0_10.txt,0.002482,38,35
adapted_instance108_m=2_n=8_l=15_c=10_s=2_1.txt,0.001551,36,34
adapted_instance108_m=2_n=8_l=15_c=10_s=2_2.txt,0.002605,35,32
adapted_instance108_m=2_n=8_l=15_c=10_s=2_3.txt,0.00156,35,33
adapted_instance108_m=2_n=8_l=15_c=10_s=2_4.txt,0.002632,40,32
adapted_instance108_m=2_n=8_l=15_c=10_s=2_5.txt,0.0032,38,32
adapted_instance108_m=2_n=8_l=15_c=10_s=2_6.txt,0.002607,37,32
adapted_instance108_m=2_n=8_l=15_c=10_s=2_7.txt,0.002006,37,33
adapted_instance108_m=2_n=8_l=15_c=10_s=2_8.txt,0.002082,37,34
adapted_instance108_m=2_n=8_l=15_c=10_s=2_9.txt,0.00262,40,32
adapted_instance108_m=2_n=8_l=15_c=10_s=2_10.txt,0.001124,35,35
adapted_instance10_m=2_n=8_l=15_c=5_s=0_1.txt,0.001002,31,31
adapted_instance10_m=2_n=8_l=15_c=5_s=0_2.txt,0.001002,31,31
adapted_instance10_m=2_n=8_l=15_c=5_s=0_3.txt,0.000976,31,31
adapted_instance10_m=2_n=8_l=15_c=5_s=0_4.txt,0.001019,31,31
adapted_instance10_m=2_n=8_l=15_c=5_s=0_5.txt,0.001021,31,31
adapted_instance10_m=2_n=8_l=15_c=5_s=0_6.txt,0.001023,31,31
adapted_instance10_m=2_n=8_l=15_c=5_s=0_7.txt,0.000981,31,31
adapted_instance10_m=2_n=8_l=15_c=5_s=0_8.txt,0.001001,31,31
adapted_instance10_m=2_n=8_l=15_c=5_s=0_9.txt,0.001396,32,31
adapted_instance10_m=2_n=8_l=15_c=5_s=0_10.txt,0.001,31,31
adapted_instance112_m=2_n=8_l=15_c=10_s=0_1.txt,0.00157,53,52
adapted_instance112_m=2_n=8_l=15_c=10_s=0_2.txt,0.001565,53,52
adapted_instance112_m=2_n=8_l=15_c=10_s=0_3.txt,0.001542,55,52
adapted_instance112_m=2_n=8_l=15_c=10_s=0_4.txt,0.001159,52,52
adapted_instance112_m=2_n=8_l=15_c=10_s=0_5.txt,0.001519,54,52
adapted_instance112_m=2_n=8_l=15_c=10_s=0_6.txt,0.002031,55,52
adapted_instance112_m=2_n=8_l=15_c=10_s=0_7.txt,0.001579,53,52
adapted_instance112_m=2_n=8_l=15_c=10_s=0_8.txt,0.001525,54,52
adapted_instance112_m=2_n=8_l=15_c=10_s=0_9.txt,0.001558,53,52
adapted_instance112_m=2_n=8_l=15_c=10_s=0_10.txt,0.00162,55,52
adapted_instance114_m=2_n=8_l=15_c=10_s=2_1.txt,0.00173,53,51
adapted_instance114_m=2_n=8_l=15_c=10_s=2_2.txt,0.001552,54,51
adapted_instance114_m=2_n=8_l=15_c=10_s=2_3.txt,0.001653,53,51
adapted_instance114_m=2_n=8_l=15_c=10_s=2_4.txt,0.002164,53,51
adapted_instance114_m=2_n=8_l=15_c=10_s=2_5.txt,0.0021,53,51
adapted_instance114_m=2_n=8_l=15_c=10_s=2_6.txt,0.00163,52,51
adapted_instance114_m=2_n=8_l=15_c=10_s=2_7.txt,0.002183,54,51
adapted_instance114_m=2_n=8_l=15_c=10_s=2_8.txt,0.00171,52,51
adapted_instance114_m=2_n=8_l=15_c=10_s=2_9.txt,0.001594,52,51
adapted_instance114_m=2_n=8_l=15_c=10_s=2_10.txt,0.002261,54,51
adapted_instance116_m=2_n=8_l=15_c=10_s=1_1.txt,0.001611,51,50
adapted_instance116_m=2_n=8_l=15_c=10_s=1_2.txt,0.002163,53,50
adapted_instance116_m=2_n=8_l=15_c=10_s=1_3.txt,0.001066,50,50
adapted_instance116_m=2_n=8_l=15_c=10_s=1_4.txt,0.001486,52,50
adapted_instance116_m=2_n=8_l=15_c=10_s=1_5.txt,0.001635,51,50
adapted_instance116_m=2_n=8_l=15_c=10_s=1_6.txt,0.002048,52,50
adapted_instance116_m=2_n=8_l=15_c=10_s=1_7.txt,0.001733,51,50
adapted_instance116_m=2_n=8_l=15_c=10_s=1_8.txt,0.001591,52,50
adapted_instance116_m=2_n=8_l=15_c=10_s=1_9.txt,0.001528,52,50
adapted_instance116_m=2_n=8_l=15_c=10_s=1_10.txt,0.001574,52,50
adapted_instance118_m=2_n=8_l=15_c=10_s=0_1.txt,0.002068,49,45
adapted_instance118_m=2_n=8_l=15_c=10_s=0_2.txt,0.00266,51,45
adapted_instance118_m=2_n=8_l=15_c=10_s=0_3.txt,0.003049,52,45
adapted_instance118_m=2_n=8_l=15_c=10_s=0_4.txt,0.002084,50,45
adapted_instance118_m=2_n=8_l=15_c=10_s=0_5.txt,0.002064,52,45
adapted_instance118_m=2_n=8_l=15_c=10_s=0_6.txt,0.001142,46,46
adapted_instance118_m=2_n=8_l=15_c=10_s=0_7.txt,0.002618,52,45
adapted_instance118_m=2_n=8_l=15_c=10_s=0_8.txt,0.002665,51,45
adapted_instance118_m=2_n=8_l=15_c=10_s=0_9.txt,0.002127,53,46
adapted_instance118_m=2_n=8_l=15_c=10_s=0_10.txt,0.003152,51,45
adapted_instance120_m=2_n=8_l=15_c=10_s=2_1.txt,0.0025,46,41
adapted_instance120_m=2_n=8_l=15_c=10_s=2_2.txt,0.002578,42,39
adapted_instance120_m=2_n=8_l=15_c=10_s=2_3.txt,0.002494,44,39
adapted_instance120_m=2_n=8_l=15_c=10_s=2_4.txt,0.002159,45,40
adapted_instance120_m=2_n=8_l=15_c=10_s=2_5.txt,0.002629,46,39
adapted_instance120_m=2_n=8_l=15_c=10_s=2_6.txt,0.002715,44,39
adapted_instance120_m=2_n=8_l=15_c=10_s=2_7.txt,0.002607,46,39
adapted_instance120_m=2_n=8_l=15_c=10_s=2_8.txt,0.001614,41,40
adapted_instance120_m=2_n=8_l=15_c=10_s=2_9.txt,0.002565,44,40
adapted_instance120_m=2_n=8_l=15_c=10_s=2_10.txt,0.002132,44,41
adapted_instance122_m=2_n=8_l=20_c=10_s=1_1.txt,0.00293,62,59
adapted_instance122_m=2_n=8_l=20_c=10_s=1_2.txt,0.002354,61,59
adapted_instance122_m=2_n=8_l=20_c=10_s=1_3.txt,0.003103,61,59
adapted_instance122_m=2_n=8_l=20_c=10_s=1_4.txt,0.002299,61,59
adapted_instance122_m=2_n=8_l=20_c=10_s=1_5.txt,0.002944,61,59
adapted_instance122_m=2_n=8_l=20_c=10_s=1_6.txt,0.002365,61,59
adapted_instance122_m=2_n=8_l=20_c=10_s=1_7.txt,0.002514,60,59
adapted_instance122_m=2_n=8_l=20_c=10_s=1_8.txt,0.003042,62,59
adapted_instance122_m=2_n=8_l=20_c=10_s=1_9.txt,0.002274,61,59
adapted_instance122_m=2_n=8_l=20_c=10_s=1_10.txt,0.002238,60,59
adapted_instance124_m=2_n=8_l=20_c=10_s=0_1.txt,0.001638,60,60
adapted_instance124_m=2_n=8_l=20_c=10_s=0_2.txt,0.001531,60,60
adapted_instance124_m=2_n=8_l=20_c=10_s=0_3.txt,0.002199,62,60
adapted_instance124_m=2_n=8_l=20_c=10_s=0_4.txt,0.001621,60,60
adapted_instance124_m=2_n=8_l=20_c=10_s=0_5.txt,0.001615,60,60
adapted_instance124_m=2_n=8_l=20_c=10_s=0_6.txt,0.00225,61,60
adapted_instance124_m=2_n=8_l=20_c=10_s=0_7.txt,0.002341,62,60
adapted_instance124_m=2_n=8_l=20_c=10_s=0_8.txt,0.002241,62,60
adapted_instance124_m=2_n=8_l=20_c=10_s=0_9.txt,0.001553,60,60
adapted_instance124_m=2_n=8_l=20_c=10_s=0_10.txt,0.001572,60,60
adapted_instance126_m=2_n=8_l=20_c=10_s=2_1.txt,0.002292,53,50
adapted_instance126_m=2_n=8_l=20_c=10_s=2_2.txt,0.003784,56,50
adapted_instance126_m=2_n=8_l=20_c=10_s=2_3.txt,0.002235,52,50
adapted_instance126_m=2_n=8_l=20_c=10_s=2_4.txt,0.003037,57,50
adapted_instance126_m=2_n=8_l=20_c=10_s=2_5.txt,0.003099,56,50
adapted_instance126_m=2_n=8_l=20_c=10_s=2_6.txt,0.00298,55,50
adapted_instance126_m=2_n=8_l=20_c=10_s=2_7.txt,0.003692,58,50
adapted_instance126_m=2_n=8_l=20_c=10_s=2_8.txt,0.002294,56,50
adapted_instance126_m=2_n=8_l=20_c=10_s=2_9.txt,0.002961,56,50
adapted_instance126_m=2_n=8_l=20_c=10_s=2_10.txt,0.003594,57,50
adapted_instance128_m=2_n=8_l=20_c=10_s=1_1.txt,0.002408,62,61
adapted_instance128_m=2_n=8_l=20_c=10_s=1_2.txt,0.001521,61,61
adapted_instance128_m=2_n=8_l=20_c=10_s=1_3.txt,0.001556,61,61
adapted_instance128_m=2_n=8_l=20_c=10_s=1_4.txt,0.001487,61,61
adapted_instance128_m=2_n=8_l=20_c=10_s=1_5.txt,0.002353,63,61
adapted_instance128_m=2_n=8_l=20_c=10_s=1_6.txt,0.00216,62,61
adapted_instance128_m=2_n=8_l=20_c=10_s=1_7.txt,0.001626,61,61
adapted_instance128_m=2_n=8_l=20_c=10_s=1_8.txt,0.002172,62,61
adapted_instance128_m=2_n=8_l=20_c=10_s=1_9.txt,0.001504,61,61
adapted_instance128_m=2_n=8_l=20_c=10_s=1_10.txt,0.001557,61,61
adapted_instance12_m=2_n=8_l=15_c=5_s=2_1.txt,0.000974,32,32
adapted_instance12_m=2_n=8_l=15_c=5_s=2_2.txt,0.001016,32,32
adapted_instance12_m=2_n=8_l=15_c=5_s=2_3.txt,0.001014,32,32
adapted_instance12_m=2_n=8_l=15_c=5_s=2_4.txt,0.000977,32,32
adapted_instance12_m=2_n=8_l=15_c=5_s=2_5.txt,0.001031,32,32
adapted_instance12_m=2_n=8_l=15_c=5_s=2_6.txt,0.000988,32,32
adapted_instance12_m=2_n=8_l=15_c=5_s=2_7.txt,0.001002,32,32
adapted_instance12_m=2_n=8_l=15_c=5_s=2_8.txt,0.000991,32,32
adapted_instance12_m=2_n=8_l=15_c=5_s=2_9.txt,0.001006,32,32
adapted_instance12_m=2_n=8_l=15_c=5_s=2_10.txt,0.000998,32,32
adapted_instance14_m=2_n=8_l=15_c=5_s=1_1.txt,0.000998,31,31
adapted_instance14_m=2_n=8_l=15_c=5_s=1_2.txt,0.001446,32,31
adapted_instance14_m=2_n=8_l=15_c=5_s=1_3.txt,0.001498,32,31
adapted_instance14_m=2_n=8_l=15_c=5_s=1_4.txt,0.001517,32,31
adapted_instance14_m=2_n=8_l=15_c=5_s=1_5.txt,0.000998,31,31
adapted_instance14_m=2_n=8_l=15_c=5_s=1_6.txt,0.001013,31,31
adapted_instance14_m=2_n=8_l=15_c=5_s=1_7.txt,0.001007,31,31
adapted_instance14_m=2_n=8_l=15_c=5_s=1_8.txt,0.001284,31,31
adapted_instance14_m=2_n=8_l=15_c=5_s=1_9.txt,0.001212,31,31
adapted_instance14_m=2_n=8_l=15_c=5_s=1_10.txt,0.001162,31,31
adapted_instance154_m=2_n=8_l=20_c=15_s=0_1.txt,0.004073,56,54
adapted_instance154_m=2_n=8_l=20_c=15_s=0_2.txt,0.002687,61,54
adapted_instance154_m=2_n=8_l=20_c=15_s=0_3.txt,0.002595,58,53
adapted_instance154_m=2_n=8_l=20_c=15_s=0_4.txt,0.003459,56,53
adapted_instance154_m=2_n=8_l=20_c=15_s=0_5.txt,0.002194,57,54
adapted_instance154_m=2_n=8_l=20_c=15_s=0_6.txt,0.002513,56,53
adapted_instance154_m=2_n=8_l=20_c=15_s=0_7.txt,0.002759,55,53
adapted_instance154_m=2_n=8_l=20_c=15_s=0_8.txt,0.0027,63,53
adapted_instance154_m=2_n=8_l=20_c=15_s=0_9.txt,0.002071,57,54
adapted_instance154_m=2_n=8_l=20_c=15_s=0_10.txt,0.001369,54,54
adapted_instance156_m=2_n=8_l=20_c=15_s=2_1.txt,0.003257,57,51
adapted_instance156_m=2_n=8_l=20_c=15_s=2_2.txt,0.002836,55,51
adapted_instance156_m=2_n=8_l=20_c=15_s=2_3.txt,0.003401,57,51
adapted_instance156_m=2_n=8_l=20_c=15_s=2_4.txt,0.00261,54,51
adapted_instance156_m=2_n=8_l=20_c=15_s=2_5.txt,0.003258,57,51
adapted_instance156_m=2_n=8_l=20_c=15_s=2_6.txt,0.003975,56,51
adapted_instance156_m=2_n=8_l=20_c=15_s=2_7.txt,0.002631,56,52
adapted_instance156_m=2_n=8_l=20_c=15_s=2_8.txt,0.003337,57,51
adapted_instance156_m=2_n=8_l=20_c=15_s=2_9.txt,0.003326,59,51
adapted_instance156_m=2_n=8_l=20_c=15_s=2_10.txt,0.003184,58,51
adapted_instance158_m=2_n=8_l=20_c=15_s=1_1.txt,0.002716,71,67
adapted_instance158_m=2_n=8_l=20_c=15_s=1_2.txt,0.002088,71,67
adapted_instance158_m=2_n=8_l=20_c=15_s=1_3.txt,0.002709,69,67
adapted_instance158_m=2_n=8_l=20_c=15_s=1_4.txt,0.002078,68,67
adapted_instance158_m=2_n=8_l=20_c=15_s=1_5.txt,0.002725,71,68
adapted_instance158_m=2_n=8_l=20_c=15_s=1_6.txt,0.002017,70,68
adapted_instance158_m=2_n=8_l=20_c=15_s=1_7.txt,0.002795,70,68
adapted_instance158_m=2_n=8_l=20_c=15_s=1_8.txt,0.002069,69,67
adapted_instance158_m=2_n=8_l=20_c=15_s=1_9.txt,0.002687,72,67
adapted_instance158_m=2_n=8_l=20_c=15_s=1_10.txt,0.003247,73,67
adapted_instance160_m=2_n=8_l=20_c=15_s=0_1.txt,0.002665,77,69
adapted_instance160_m=2_n=8_l=20_c=15_s=0_2.txt,0.002699,73,69
adapted_instance160_m=2_n=8_l=20_c=15_s=0_3.txt,0.002576,74,69
adapted_instance160_m=2_n=8_l=20_c=15_s=0_4.txt,0.002024,73,69
adapted_instance160_m=2_n=8_l=20_c=15_s=0_5.txt,0.002634,73,69
adapted_instance160_m=2_n=8_l=20_c=15_s=0_6.txt,0.002022,73,69
adapted_instance160_m=2_n=8_l=20_c=15_s=0_7.txt,0.002061,76,69
adapted_instance160_m=2_n=8_l=20_c=15_s=0_8.txt,0.003391,73,69
adapted_instance160_m=2_n=8_l=20_c=15_s=0_9.txt,0.002704,76,69
adapted_instance160_m=2_n=8_l=20_c=15_s=0_10.txt,0.002576,73,69
adapted_instance162_m=2_n=8_l=20_c=15_s=2_1.txt,0.003911,75,69
adapted_instance162_m=2_n=8_l=20_c=15_s=2_2.txt,0.002086,70,69
adapted_instance162_m=2_n=8_l=20_c=15_s=2_3.txt,0.002762,78,68
adapted_instance162_m=2_n=8_l=20_c=15_s=2_4.txt,0.002263,74,69
adapted_instance162_m=2_n=8_l=20_c=15_s=2_5.txt,0.002011,79,69
adapted_instance162_m=2_n=8_l=20_c=15_s=2_6.txt,0.002091,69,68
adapted_instance162_m=2_n=8_l=20_c=15_s=2_7.txt,0.003315,71,68
adapted_instance162_m=2_n=8_l=20_c=15_s=2_8.txt,0.002899,74,69
adapted_instance162_m=2_n=8_l=20_c=15_s=2_9.txt,0.003934,80,69
adapted_instance162_m=2_n=8_l=20_c=15_s=2_10.txt,0.002784,73,69
adapted_instance166_m=2_n=8_l=20_c=15_s=0_1.txt,0.002174,65,62
adapted_instance166_m=2_n=8_l=20_c=15_s=0_2.txt,0.002027,68,63
adapted_instance166_m=2_n=8_l=20_c=15_s=0_3.txt,0.003241,64,60
adapted_instance166_m=2_n=8_l=20_c=15_s=0_4.txt,0.002756,66,59
adapted_instance166_m=2_n=8_l=20_c=15_s=0_5.txt,0.002743,65,59
adapted_instance166_m=2_n=8_l=20_c=15_s=0_6.txt,0.002695,62,59
adapted_instance166_m=2_n=8_l=20_c=15_s=0_7.txt,0.003968,65,59
adapted_instance166_m=2_n=8_l=20_c=15_s=0_8.txt,0.002139,65,61
adapted_instance166_m=2_n=8_l=20_c=15_s=0_9.txt,0.003295,67,60
adapted_instance166_m=2_n=8_l=20_c=15_s=0_10.txt,0.002617,64,60
adapted_instance16_m=2_n=8_l=15_c=5_s=0_1.txt,0.000978,31,31
adapted_instance16_m=2_n=8_l=15_c=5_s=0_2.txt,0.001474,32,31
adapted_instance16_m=2_n=8_l=15_c=5_s=0_3.txt,0.001461,32,31
adapted_instance16_m=2_n=8_l=15_c=5_s=0_4.txt,0.000966,31,31
adapted_instance16_m=2_n=8_l=15_c=5_s=0_5.txt,0.001494,32,31
adapted_instance16_m=2_n=8_l=15_c=5_s=0_6.txt,0.00148,32,31
adapted_instance16_m=2_n=8_l=15_c=5_s=0_7.txt,0.001434,32,31
adapted_instance16_m=2_n=8_l=15_c=5_s=0_8.txt,0.001505,32,31
adapted_instance16_m=2_n=8_l=15_c=5_s=0_9.txt,0.001484,32,31
adapted_instance16_m=2_n=8_l=15_c=5_s=0_10.txt,0.001453,32,31
adapted_instance172_m=2_n=8_l=20_c=15_s=0_1.txt,0.002086,55,51
adapted_instance172_m=2_n=8_l=20_c=15_s=0_2.txt,0.002761,57,50
adapted_instance172_m=2_n=8_l=20_c=15_s=0_3.txt,0.003328,56,50
adapted_instance172_m=2_n=8_l=20_c=15_s=0_4.txt,0.003924,54,49
adapted_instance172_m=2_n=8_l=20_c=15_s=0_5.txt,0.002785,54,50
adapted_instance172_m=2_n=8_l=20_c=15_s=0_6.txt,0.002127,55,51
adapted_instance172_m=2_n=8_l=20_c=15_s=0_7.txt,0.002074,54,51
adapted_instance172_m=2_n=8_l=20_c=15_s=0_8.txt,0.003542,58,51
adapted_instance172_m=2_n=8_l=20_c=15_s=0_9.txt,0.002767,56,52
adapted_instance172_m=2_n=8_l=20_c=15_s=0_10.txt,0.002815,54,50
adapted_instance178_m=2_n=8_l=20_c=15_s=0_1.txt,0.002808,48,45
adapted_instance178_m=2_n=8_l=20_c=15_s=0_2.txt,0.002057,48,44
adapted_instance178_m=2_n=8_l=20_c=15_s=0_3.txt,0.002029,46,44
adapted_instance178_m=2_n=8_l=20_c=15_s=0_4.txt,0.002892,50,42
adapted_instance178_m=2_n=8_l=20_c=15_s=0_5.txt,0.002679,48,44
adapted_instance178_m=2_n=8_l=20_c=15_s=0_6.txt,0.00272,50,43
adapted_instance178_m=2_n=8_l=20_c=15_s=0_7.txt,0.002036,50,45
adapted_instance178_m=2_n=8_l=20_c=15_s=0_8.txt,0.002122,49,45
adapted_instance178_m=2_n=8_l=20_c=15_s=0_9.txt,0.001402,43,43
adapted_instance178_m=2_n=8_l=20_c=15_s=0_10.txt,0.003201,49,44
adapted_instance180_m=2_n=8_l=20_c=15_s=2_1.txt,0.003978,50,46
adapted_instance180_m=2_n=8_l=20_c=15_s=2_2.txt,0.00264,51,47
adapted_instance180_m=2_n=8_l=20_c=15_s=2_3.txt,0.00268,53,47
adapted_instance180_m=2_n=8_l=20_c=15_s=2_4.txt,0.002145,54,49
adapted_instance180_m=2_n=8_l=20_c=15_s=2_5.txt,0.002052,52,47
adapted_instance180_m=2_n=8_l=20_c=15_s=2_6.txt,0.002097,48,47
adapted_instance180_m=2_n=8_l=20_c=15_s=2_7.txt,0.002645,50,47
adapted_instance180_m=2_n=8_l=20_c=15_s=2_8.txt,0.002024,50,47
adapted_instance180_m=2_n=8_l=20_c=15_s=2_9.txt,0.002647,52,47
adapted_instance180_m=2_n=8_l=20_c=15_s=2_10.txt,0.003336,50,47
adapted_instance220_m=2_n=8_l=20_c=15_s=0_1.txt,0.003619,62,53
adapted_instance220_m=2_n=8_l=20_c=15_s=0_2.txt,0.003803,63,53
adapted_instance220_m=2_n=8_l=20_c=15_s=0_3.txt,0.003773,65,54
adapted_instance220_m=2_n=8_l=20_c=15_s=0_4.txt,0.002876,62,54
adapted_instance220_m=2_n=8_l=20_c=15_s=0_5.txt,0.004349,62,55
adapted_instance220_m=2_n=8_l=20_c=15_s=0_6.txt,0.003719,61,54
adapted_instance220_m=2_n=8_l=20_c=15_s=0_7.txt,0.00363,61,55
adapted_instance220_m=2_n=8_l=20_c=15_s=0_8.txt,0.002964,61,55
adapted_instance220_m=2_n=8_l=20_c=15_s=0_9.txt,0.002972,64,55
adapted_instance220_m=2_n=8_l=20_c=15_s=0_10.txt,0.004216,63,54
adapted_instance222_m=2_n=8_l=20_c=15_s=2_1.txt,0.003712,63,55
adapted_instance222_m=2_n=8_l=20_c=15_s=2_2.txt,0.003645,59,55
adapted_instance222_m=2_n=8_l=20_c=15_s=2_3.txt,0.003662,66,55
adapted_instance222_m=2_n=8_l=20_c=15_s=2_4.txt,0.00369,66,56
adapted_instance222_m=2_n=8_l=20_c=15_s=2_5.txt,0.003721,65,56
adapted_instance222_m=2_n=8_l=20_c=15_s=2_6.txt,0.003708,66,54
adapted_instance222_m=2_n=8_l=20_c=15_s=2_7.txt,0.002251,56,55
adapted_instance222_m=2_n=8_l=20_c=15_s=2_8.txt,0.002929,62,55
adapted_instance222_m=2_n=8_l=20_c=15_s=2_9.txt,0.004398,64,54
adapted_instance222_m=2_n=8_l=20_c=15_s=2_10.txt,0.003158,61,55
adapted_instance224_m=2_n=8_l=20_c=15_s=1_1.txt,0.003558,81,71
adapted_instance224_m=2_n=8_l=20_c=15_s=1_2.txt,0.003685,75,71
adapted_instance224_m=2_n=8_l=20_c=15_s=1_3.txt,0.003013,79,74
adapted_instance224_m=2_n=8_l=20_c=15_s=1_4.txt,0.003876,80,72
adapted_instance224_m=2_n=8_l=20_c=15_s=1_5.txt,0.004425,80,73
adapted_instance224_m=2_n=8_l=20_c=15_s=1_6.txt,0.002291,77,74
adapted_instance224_m=2_n=8_l=20_c=15_s=1_7.txt,0.003005,80,73
adapted_instance224_m=2_n=8_l=20_c=15_s=1_8.txt,0.002254,74,73
adapted_instance224_m=2_n=8_l=20_c=15_s=1_9.txt,0.003687,83,73
adapted_instance224_m=2_n=8_l=20_c=15_s=1_10.txt,0.004373,82,72
adapted_instance226_m=2_n=8_l=20_c=15_s=0_1.txt,0.003698,72,66
adapted_instance226_m=2_n=8_l=20_c=15_s=0_2.txt,0.002304,69,66
adapted_instance226_m=2_n=8_l=20_c=15_s=0_3.txt,0.003065,70,67
adapted_instance226_m=2_n=8_l=20_c=15_s=0_4.txt,0.005102,78,65
adapted_instance226_m=2_n=8_l=20_c=15_s=0_5.txt,0.002177,68,65
adapted_instance226_m=2_n=8_l=20_c=15_s=0_6.txt,0.003105,71,66
adapted_instance226_m=2_n=8_l=20_c=15_s=0_7.txt,0.003188,73,65
adapted_instance226_m=2_n=8_l=20_c=15_s=0_8.txt,0.003024,73,66
adapted_instance226_m=2_n=8_l=20_c=15_s=0_9.txt,0.00309,75,66
adapted_instance226_m=2_n=8_l=20_c=15_s=0_10.txt,0.002318,71,66
adapted_instance76_m=2_n=8_l=15_c=10_s=0_1.txt,0.002319,44,39
adapted_instance76_m=2_n=8_l=15_c=10_s=0_2.txt,0.001592,42,38
adapted_instance76_m=2_n=8_l=15_c=10_s=0_3.txt,0.002527,42,37
adapted_instance76_m=2_n=8_l=15_c=10_s=0_4.txt,0.00269,44,36
adapted_instance76_m=2_n=8_l=15_c=10_s=0_5.txt,0.00259,46,36
adapted_instance76_m=2_n=8_l=15_c=10_s=0_6.txt,0.002516,41,37
adapted_instance76_m=2_n=8_l=15_c=10_s=0_7.txt,0.003088,44,37
adapted_instance76_m=2_n=8_l=15_c=10_s=0_8.txt,0.002122,41,37
adapted_instance76_m=2_n=8_l=15_c=10_s=0_9.txt,0.002054,43,38
adapted_instance76_m=2_n=8_l=15_c=10_s=0_10.txt,0.002605,48,38
adapted_instance94_m=2_n=8_l=15_c=10_s=0_1.txt,0.002107,39,35
adapted_instance94_m=2_n=8_l=15_c=10_s=0_2.txt,0.002633,43,34
adapted_instance94_m=2_n=8_l=15_c=10_s=0_3.txt,0.002055,36,34
adapted_instance94_m=2_n=8_l=15_c=10_s=0_4.txt,0.00204,37,34
adapted_instance94_m=2_n=8_l=15_c=10_s=0_5.txt,0.002159,37,34
adapted_instance94_m=2_n=8_l=15_c=10_s=0_6.txt,0.00214,37,34
adapted_instance94_m=2_n=8_l=15_c=10_s=0_7.txt,0.001666,36,35
adapted_instance94_m=2_n=8_l=15_c=10_s=0_8.txt,0.002035,40,35
adapted_instance94_m=2_n=8_l=15_c=10_s=0_9.txt,0.002094,42,35
adapted_instance94_m=2_n=8_l=15_c=10_s=0_10.txt,0.001586,37,35
adapted_instance96_m=2_n=8_l=15_c=10_s=2_1.txt,0.002664,38,33
adapted_instance96_m=2_n=8_l=15_c=10_s=2_2.txt,0.002085,37,33
adapted_instance96_m=2_n=8_l=15_c=10_s=2_3.txt,0.00256,39,33
adapted_instance96_m=2_n=8_l=15_c=10_s=2_4.txt,0.002092,37,33
adapted_instance96_m=2_n=8_l=15_c=10_s=2_5.txt,0.002739,38,34
adapted_instance96_m=2_n=8_l=15_c=10_s=2_6.txt,0.002089,37,33
adapted_instance96_m=2_n=8_l=15_c=10_s=2_7.txt,0.002579,40,33
adapted_instance96_m=2_n=8_l=15_c=10_s=2_8.txt,0.001581,37,34
adapted_instance96_m=2_n=8_l=15_c=10_s=2_9.txt,0.002185,38,34
adapted_instance96_m=2_n=8_l=15_c=10_s=2_10.txt,0.002601,38,33
adapted_instance98_m=2_n=8_l=15_c=10_s=1_1.txt,0.001578,41,40
adapted_instance98_m=2_n=8_l=15_c=10_s=1_2.txt,0.002536,44,39
adapted_instance98_m=2_n=8_l=15_c=10_s=1_3.txt,0.002263,43,39
adapted_instance98_m=2_n=8_l=15_c=10_s=1_4.txt,0.001552,43,39
adapted_instance98_m=2_n=8_l=15_c=10_s=1_5.txt,0.001612,42,40
adapted_instance98_m=2_n=8_l=15_c=10_s=1_6.txt,0.001585,41,40
adapted_instance98_m=2_n=8_l=15_c=10_s=1_7.txt,0.001641,44,39
adapted_instance98_m=2_n=8_l=15_c=10_s=1_8.txt,0.001578,43,39
adapted_instance98_m=2_n=8_l=15_c=10_s=1_9.txt,0.001599,44,39
adapted_instance98_m=2_n=8_l=15_c=10_s=1_10.txt,0.001523,40,39
