Instance_Name,Execution_Time,Initial_Solution,Final_Solution
adapted_instance242_m=2_n=15_l=15_c=5_s=1_1.txt,0.005888,47,44
adapted_instance242_m=2_n=15_l=15_c=5_s=1_2.txt,0.008121,47,44
adapted_instance242_m=2_n=15_l=15_c=5_s=1_3.txt,0.008538,46,44
adapted_instance242_m=2_n=15_l=15_c=5_s=1_4.txt,0.008455,48,44
adapted_instance242_m=2_n=15_l=15_c=5_s=1_5.txt,0.008319,47,44
adapted_instance242_m=2_n=15_l=15_c=5_s=1_6.txt,0.008841,47,44
adapted_instance242_m=2_n=15_l=15_c=5_s=1_7.txt,0.005766,46,44
adapted_instance242_m=2_n=15_l=15_c=5_s=1_8.txt,0.00571,45,44
adapted_instance242_m=2_n=15_l=15_c=5_s=1_9.txt,0.008496,48,44
adapted_instance242_m=2_n=15_l=15_c=5_s=1_10.txt,0.003028,44,44
adapted_instance244_m=2_n=15_l=15_c=5_s=0_1.txt,0.006502,47,44
adapted_instance244_m=2_n=15_l=15_c=5_s=0_2.txt,0.008499,46,44
adapted_instance244_m=2_n=15_l=15_c=5_s=0_3.txt,0.005752,45,44
adapted_instance244_m=2_n=15_l=15_c=5_s=0_4.txt,0.002931,44,44
adapted_instance244_m=2_n=15_l=15_c=5_s=0_5.txt,0.005628,46,44
adapted_instance244_m=2_n=15_l=15_c=5_s=0_6.txt,0.002865,44,44
adapted_instance244_m=2_n=15_l=15_c=5_s=0_7.txt,0.002882,44,44
adapted_instance244_m=2_n=15_l=15_c=5_s=0_8.txt,0.008676,47,44
adapted_instance244_m=2_n=15_l=15_c=5_s=0_9.txt,0.005812,46,44
adapted_instance244_m=2_n=15_l=15_c=5_s=0_10.txt,0.00563,45,44
adapted_instance246_m=2_n=15_l=15_c=5_s=2_1.txt,0.008506,45,43
adapted_instance246_m=2_n=15_l=15_c=5_s=2_2.txt,0.009404,45,43
adapted_instance246_m=2_n=15_l=15_c=5_s=2_3.txt,0.008373,46,43
adapted_instance246_m=2_n=15_l=15_c=5_s=2_4.txt,0.008436,45,43
adapted_instance246_m=2_n=15_l=15_c=5_s=2_5.txt,0.008356,47,43
adapted_instance246_m=2_n=15_l=15_c=5_s=2_6.txt,0.00881,46,43
adapted_instance246_m=2_n=15_l=15_c=5_s=2_7.txt,0.005639,45,43
adapted_instance246_m=2_n=15_l=15_c=5_s=2_8.txt,0.00859,47,43
adapted_instance246_m=2_n=15_l=15_c=5_s=2_9.txt,0.003022,43,43
adapted_instance246_m=2_n=15_l=15_c=5_s=2_10.txt,0.008878,47,43
adapted_instance248_m=2_n=15_l=15_c=5_s=1_1.txt,0.011084,44,41
adapted_instance248_m=2_n=15_l=15_c=5_s=1_2.txt,0.008343,44,41
adapted_instance248_m=2_n=15_l=15_c=5_s=1_3.txt,0.014483,45,40
adapted_instance248_m=2_n=15_l=15_c=5_s=1_4.txt,0.008395,44,41
adapted_instance248_m=2_n=15_l=15_c=5_s=1_5.txt,0.008327,45,41
adapted_instance248_m=2_n=15_l=15_c=5_s=1_6.txt,0.014204,46,40
adapted_instance248_m=2_n=15_l=15_c=5_s=1_7.txt,0.011643,46,41
adapted_instance248_m=2_n=15_l=15_c=5_s=1_8.txt,0.008271,45,41
adapted_instance248_m=2_n=15_l=15_c=5_s=1_9.txt,0.008382,45,41
adapted_instance248_m=2_n=15_l=15_c=5_s=1_10.txt,0.012012,44,40
adapted_instance250_m=2_n=15_l=15_c=5_s=0_1.txt,0.008613,46,42
adapted_instance250_m=2_n=15_l=15_c=5_s=0_2.txt,0.008574,46,42
adapted_instance250_m=2_n=15_l=15_c=5_s=0_3.txt,0.008449,45,42
adapted_instance250_m=2_n=15_l=15_c=5_s=0_4.txt,0.005379,43,42
adapted_instance250_m=2_n=15_l=15_c=5_s=0_5.txt,0.005751,44,42
adapted_instance250_m=2_n=15_l=15_c=5_s=0_6.txt,0.008528,44,42
adapted_instance250_m=2_n=15_l=15_c=5_s=0_7.txt,0.005734,44,43
adapted_instance250_m=2_n=15_l=15_c=5_s=0_8.txt,0.00284,43,43
adapted_instance250_m=2_n=15_l=15_c=5_s=0_9.txt,0.008352,45,42
adapted_instance250_m=2_n=15_l=15_c=5_s=0_10.txt,0.005726,44,42
adapted_instance252_m=2_n=15_l=15_c=5_s=2_1.txt,0.008805,45,42
adapted_instance252_m=2_n=15_l=15_c=5_s=2_2.txt,0.00825,46,43
adapted_instance252_m=2_n=15_l=15_c=5_s=2_3.txt,0.005898,44,42
adapted_instance252_m=2_n=15_l=15_c=5_s=2_4.txt,0.008153,46,42
adapted_instance252_m=2_n=15_l=15_c=5_s=2_5.txt,0.011799,47,42
adapted_instance252_m=2_n=15_l=15_c=5_s=2_6.txt,0.008615,46,42
adapted_instance252_m=2_n=15_l=15_c=5_s=2_7.txt,0.008364,45,42
adapted_instance252_m=2_n=15_l=15_c=5_s=2_8.txt,0.011667,46,42
adapted_instance252_m=2_n=15_l=15_c=5_s=2_9.txt,0.00616,44,42
adapted_instance252_m=2_n=15_l=15_c=5_s=2_10.txt,0.005928,44,42
adapted_instance254_m=2_n=15_l=15_c=5_s=1_1.txt,0.008981,45,43
adapted_instance254_m=2_n=15_l=15_c=5_s=1_2.txt,0.011795,47,43
adapted_instance254_m=2_n=15_l=15_c=5_s=1_3.txt,0.008576,46,43
adapted_instance254_m=2_n=15_l=15_c=5_s=1_4.txt,0.005974,44,43
adapted_instance254_m=2_n=15_l=15_c=5_s=1_5.txt,0.008105,47,44
adapted_instance254_m=2_n=15_l=15_c=5_s=1_6.txt,0.010052,47,43
adapted_instance254_m=2_n=15_l=15_c=5_s=1_7.txt,0.008896,47,43
adapted_instance254_m=2_n=15_l=15_c=5_s=1_8.txt,0.009196,46,43
adapted_instance254_m=2_n=15_l=15_c=5_s=1_9.txt,0.005836,46,43
adapted_instance254_m=2_n=15_l=15_c=5_s=1_10.txt,0.008449,47,43
adapted_instance256_m=2_n=15_l=15_c=5_s=0_1.txt,0.005648,46,44
adapted_instance256_m=2_n=15_l=15_c=5_s=0_2.txt,0.008858,46,43
adapted_instance256_m=2_n=15_l=15_c=5_s=0_3.txt,0.011705,48,43
adapted_instance256_m=2_n=15_l=15_c=5_s=0_4.txt,0.008781,47,43
adapted_instance256_m=2_n=15_l=15_c=5_s=0_5.txt,0.00838,47,44
adapted_instance256_m=2_n=15_l=15_c=5_s=0_6.txt,0.005748,46,44
adapted_instance256_m=2_n=15_l=15_c=5_s=0_7.txt,0.017042,47,43
adapted_instance256_m=2_n=15_l=15_c=5_s=0_8.txt,0.011478,46,43
adapted_instance256_m=2_n=15_l=15_c=5_s=0_9.txt,0.005922,46,44
adapted_instance256_m=2_n=15_l=15_c=5_s=0_10.txt,0.008441,47,43
adapted_instance272_m=2_n=15_l=15_c=10_s=1_1.txt,0.004838,38,36
adapted_instance272_m=2_n=15_l=15_c=10_s=1_2.txt,0.007151,37,35
adapted_instance272_m=2_n=15_l=15_c=10_s=1_3.txt,0.005338,38,35
adapted_instance272_m=2_n=15_l=15_c=10_s=1_4.txt,0.00681,38,36
adapted_instance272_m=2_n=15_l=15_c=10_s=1_5.txt,0.007236,38,35
adapted_instance272_m=2_n=15_l=15_c=10_s=1_6.txt,0.007038,38,35
adapted_instance272_m=2_n=15_l=15_c=10_s=1_7.txt,0.007706,40,35
adapted_instance272_m=2_n=15_l=15_c=10_s=1_8.txt,0.007097,41,35
adapted_instance272_m=2_n=15_l=15_c=10_s=1_9.txt,0.005173,38,36
adapted_instance272_m=2_n=15_l=15_c=10_s=1_10.txt,0.007214,38,36
adapted_instance286_m=2_n=15_l=15_c=10_s=0_1.txt,0.007163,40,35
adapted_instance286_m=2_n=15_l=15_c=10_s=0_2.txt,0.009523,38,34
adapted_instance286_m=2_n=15_l=15_c=10_s=0_3.txt,0.007309,38,34
adapted_instance286_m=2_n=15_l=15_c=10_s=0_4.txt,0.004799,35,34
adapted_instance286_m=2_n=15_l=15_c=10_s=0_5.txt,0.00516,37,35
adapted_instance286_m=2_n=15_l=15_c=10_s=0_6.txt,0.00697,37,34
adapted_instance286_m=2_n=15_l=15_c=10_s=0_7.txt,0.007644,38,35
adapted_instance286_m=2_n=15_l=15_c=10_s=0_8.txt,0.00721,41,34
adapted_instance286_m=2_n=15_l=15_c=10_s=0_9.txt,0.009316,39,34
adapted_instance286_m=2_n=15_l=15_c=10_s=0_10.txt,0.007462,38,34
adapted_instance302_m=2_n=15_l=15_c=10_s=1_1.txt,0.00844,59,54
adapted_instance302_m=2_n=15_l=15_c=10_s=1_2.txt,0.015552,60,53
adapted_instance302_m=2_n=15_l=15_c=10_s=1_3.txt,0.011928,57,52
adapted_instance302_m=2_n=15_l=15_c=10_s=1_4.txt,0.009608,59,54
adapted_instance302_m=2_n=15_l=15_c=10_s=1_5.txt,0.009815,57,53
adapted_instance302_m=2_n=15_l=15_c=10_s=1_6.txt,0.016011,59,52
adapted_instance302_m=2_n=15_l=15_c=10_s=1_7.txt,0.009123,59,53
adapted_instance302_m=2_n=15_l=15_c=10_s=1_8.txt,0.011666,57,53
adapted_instance302_m=2_n=15_l=15_c=10_s=1_9.txt,0.011844,58,52
adapted_instance302_m=2_n=15_l=15_c=10_s=1_10.txt,0.011574,59,52
adapted_instance304_m=2_n=15_l=15_c=10_s=0_1.txt,0.008394,44,38
adapted_instance304_m=2_n=15_l=15_c=10_s=0_2.txt,0.01133,49,38
adapted_instance304_m=2_n=15_l=15_c=10_s=0_3.txt,0.005474,42,38
adapted_instance304_m=2_n=15_l=15_c=10_s=0_4.txt,0.008442,42,39
adapted_instance304_m=2_n=15_l=15_c=10_s=0_5.txt,0.008369,43,39
adapted_instance304_m=2_n=15_l=15_c=10_s=0_6.txt,0.011141,45,40
adapted_instance304_m=2_n=15_l=15_c=10_s=0_7.txt,0.014235,47,39
adapted_instance304_m=2_n=15_l=15_c=10_s=0_8.txt,0.008331,44,39
adapted_instance304_m=2_n=15_l=15_c=10_s=0_9.txt,0.011435,47,39
adapted_instance304_m=2_n=15_l=15_c=10_s=0_10.txt,0.00836,43,40
adapted_instance306_m=2_n=15_l=15_c=10_s=2_1.txt,0.011891,50,41
adapted_instance306_m=2_n=15_l=15_c=10_s=2_2.txt,0.008945,47,43
adapted_instance306_m=2_n=15_l=15_c=10_s=2_3.txt,0.008853,48,42
adapted_instance306_m=2_n=15_l=15_c=10_s=2_4.txt,0.012179,45,42
adapted_instance306_m=2_n=15_l=15_c=10_s=2_5.txt,0.017218,46,40
adapted_instance306_m=2_n=15_l=15_c=10_s=2_6.txt,0.015996,52,40
adapted_instance306_m=2_n=15_l=15_c=10_s=2_7.txt,0.011315,47,42
adapted_instance306_m=2_n=15_l=15_c=10_s=2_8.txt,0.011497,50,42
adapted_instance306_m=2_n=15_l=15_c=10_s=2_9.txt,0.013858,46,40
adapted_instance306_m=2_n=15_l=15_c=10_s=2_10.txt,0.014128,49,42
adapted_instance308_m=2_n=15_l=15_c=10_s=1_1.txt,0.008464,60,54
adapted_instance308_m=2_n=15_l=15_c=10_s=1_2.txt,0.008239,58,53
adapted_instance308_m=2_n=15_l=15_c=10_s=1_3.txt,0.00839,56,53
adapted_instance308_m=2_n=15_l=15_c=10_s=1_4.txt,0.01104,58,52
adapted_instance308_m=2_n=15_l=15_c=10_s=1_5.txt,0.014471,57,52
adapted_instance308_m=2_n=15_l=15_c=10_s=1_6.txt,0.00557,57,55
adapted_instance308_m=2_n=15_l=15_c=10_s=1_7.txt,0.013822,58,52
adapted_instance308_m=2_n=15_l=15_c=10_s=1_8.txt,0.008717,57,53
adapted_instance308_m=2_n=15_l=15_c=10_s=1_9.txt,0.013908,58,52
adapted_instance308_m=2_n=15_l=15_c=10_s=1_10.txt,0.011514,60,53
adapted_instance314_m=2_n=15_l=15_c=10_s=1_1.txt,0.011443,66,59
adapted_instance314_m=2_n=15_l=15_c=10_s=1_2.txt,0.009295,64,60
adapted_instance314_m=2_n=15_l=15_c=10_s=1_3.txt,0.005537,62,61
adapted_instance314_m=2_n=15_l=15_c=10_s=1_4.txt,0.011513,64,60
adapted_instance314_m=2_n=15_l=15_c=10_s=1_5.txt,0.008962,65,60
adapted_instance314_m=2_n=15_l=15_c=10_s=1_6.txt,0.011425,66,60
adapted_instance314_m=2_n=15_l=15_c=10_s=1_7.txt,0.011606,66,60
adapted_instance314_m=2_n=15_l=15_c=10_s=1_8.txt,0.014646,67,59
adapted_instance314_m=2_n=15_l=15_c=10_s=1_9.txt,0.008639,63,59
adapted_instance314_m=2_n=15_l=15_c=10_s=1_10.txt,0.008892,66,59
adapted_instance316_m=2_n=15_l=15_c=10_s=0_1.txt,0.011166,54,48
adapted_instance316_m=2_n=15_l=15_c=10_s=0_2.txt,0.008668,54,50
adapted_instance316_m=2_n=15_l=15_c=10_s=0_3.txt,0.011589,57,49
adapted_instance316_m=2_n=15_l=15_c=10_s=0_4.txt,0.008409,54,49
adapted_instance316_m=2_n=15_l=15_c=10_s=0_5.txt,0.005949,53,51
adapted_instance316_m=2_n=15_l=15_c=10_s=0_6.txt,0.008478,53,49
adapted_instance316_m=2_n=15_l=15_c=10_s=0_7.txt,0.005512,53,51
adapted_instance316_m=2_n=15_l=15_c=10_s=0_8.txt,0.008555,55,52
adapted_instance316_m=2_n=15_l=15_c=10_s=0_9.txt,0.014078,54,48
adapted_instance316_m=2_n=15_l=15_c=10_s=0_10.txt,0.011128,52,49
adapted_instance318_m=2_n=15_l=15_c=10_s=2_1.txt,0.011405,55,49
adapted_instance318_m=2_n=15_l=15_c=10_s=2_2.txt,0.011479,55,49
adapted_instance318_m=2_n=15_l=15_c=10_s=2_3.txt,0.00889,54,49
adapted_instance318_m=2_n=15_l=15_c=10_s=2_4.txt,0.008905,52,50
adapted_instance318_m=2_n=15_l=15_c=10_s=2_5.txt,0.008864,56,49
adapted_instance318_m=2_n=15_l=15_c=10_s=2_6.txt,0.011766,53,47
adapted_instance318_m=2_n=15_l=15_c=10_s=2_7.txt,0.014158,54,47
adapted_instance318_m=2_n=15_l=15_c=10_s=2_8.txt,0.005661,53,50
adapted_instance318_m=2_n=15_l=15_c=10_s=2_9.txt,0.011156,59,49
adapted_instance318_m=2_n=15_l=15_c=10_s=2_10.txt,0.014105,55,48
adapted_instance320_m=2_n=15_l=15_c=10_s=1_1.txt,0.013753,52,43
adapted_instance320_m=2_n=15_l=15_c=10_s=1_2.txt,0.008087,46,43
adapted_instance320_m=2_n=15_l=15_c=10_s=1_3.txt,0.011032,47,42
adapted_instance320_m=2_n=15_l=15_c=10_s=1_4.txt,0.011094,49,42
adapted_instance320_m=2_n=15_l=15_c=10_s=1_5.txt,0.008244,50,42
adapted_instance320_m=2_n=15_l=15_c=10_s=1_6.txt,0.008484,50,44
adapted_instance320_m=2_n=15_l=15_c=10_s=1_7.txt,0.011822,47,42
adapted_instance320_m=2_n=15_l=15_c=10_s=1_8.txt,0.011649,48,43
adapted_instance320_m=2_n=15_l=15_c=10_s=1_9.txt,0.008443,48,43
adapted_instance320_m=2_n=15_l=15_c=10_s=1_10.txt,0.008356,46,43
adapted_instance322_m=2_n=15_l=15_c=10_s=0_1.txt,0.011328,63,57
adapted_instance322_m=2_n=15_l=15_c=10_s=0_2.txt,0.005535,61,58
adapted_instance322_m=2_n=15_l=15_c=10_s=0_3.txt,0.008468,62,59
adapted_instance322_m=2_n=15_l=15_c=10_s=0_4.txt,0.011459,65,57
adapted_instance322_m=2_n=15_l=15_c=10_s=0_5.txt,0.008638,62,59
adapted_instance322_m=2_n=15_l=15_c=10_s=0_6.txt,0.008821,63,58
adapted_instance322_m=2_n=15_l=15_c=10_s=0_7.txt,0.008416,63,59
adapted_instance322_m=2_n=15_l=15_c=10_s=0_8.txt,0.006034,61,59
adapted_instance322_m=2_n=15_l=15_c=10_s=0_9.txt,0.005866,60,57
adapted_instance322_m=2_n=15_l=15_c=10_s=0_10.txt,0.014845,67,58
adapted_instance324_m=2_n=15_l=15_c=10_s=2_1.txt,0.008676,60,56
adapted_instance324_m=2_n=15_l=15_c=10_s=2_2.txt,0.011368,61,55
adapted_instance324_m=2_n=15_l=15_c=10_s=2_3.txt,0.011512,63,56
adapted_instance324_m=2_n=15_l=15_c=10_s=2_4.txt,0.00845,61,56
adapted_instance324_m=2_n=15_l=15_c=10_s=2_5.txt,0.009007,59,57
adapted_instance324_m=2_n=15_l=15_c=10_s=2_6.txt,0.008328,62,57
adapted_instance324_m=2_n=15_l=15_c=10_s=2_7.txt,0.008887,61,56
adapted_instance324_m=2_n=15_l=15_c=10_s=2_8.txt,0.014479,64,56
adapted_instance324_m=2_n=15_l=15_c=10_s=2_9.txt,0.013503,61,57
adapted_instance324_m=2_n=15_l=15_c=10_s=2_10.txt,0.011486,64,56
adapted_instance326_m=2_n=15_l=15_c=10_s=1_1.txt,0.014242,53,48
adapted_instance326_m=2_n=15_l=15_c=10_s=1_2.txt,0.011474,56,49
adapted_instance326_m=2_n=15_l=15_c=10_s=1_3.txt,0.011657,54,48
adapted_instance326_m=2_n=15_l=15_c=10_s=1_4.txt,0.01608,53,48
adapted_instance326_m=2_n=15_l=15_c=10_s=1_5.txt,0.008474,54,48
adapted_instance326_m=2_n=15_l=15_c=10_s=1_6.txt,0.014233,55,48
adapted_instance326_m=2_n=15_l=15_c=10_s=1_7.txt,0.008687,53,49
adapted_instance326_m=2_n=15_l=15_c=10_s=1_8.txt,0.011846,55,49
adapted_instance326_m=2_n=15_l=15_c=10_s=1_9.txt,0.008236,54,49
adapted_instance326_m=2_n=15_l=15_c=10_s=1_10.txt,0.011208,54,48
adapted_instance328_m=2_n=15_l=15_c=10_s=0_1.txt,0.007964,53,49
adapted_instance328_m=2_n=15_l=15_c=10_s=0_2.txt,0.014053,54,49
adapted_instance328_m=2_n=15_l=15_c=10_s=0_3.txt,0.011064,52,49
adapted_instance328_m=2_n=15_l=15_c=10_s=0_4.txt,0.011177,53,48
adapted_instance328_m=2_n=15_l=15_c=10_s=0_5.txt,0.008627,53,50
adapted_instance328_m=2_n=15_l=15_c=10_s=0_6.txt,0.010595,55,49
adapted_instance328_m=2_n=15_l=15_c=10_s=0_7.txt,0.014211,55,48
adapted_instance328_m=2_n=15_l=15_c=10_s=0_8.txt,0.010904,52,48
adapted_instance328_m=2_n=15_l=15_c=10_s=0_9.txt,0.00848,55,49
adapted_instance328_m=2_n=15_l=15_c=10_s=0_10.txt,0.011367,54,49
adapted_instance330_m=2_n=15_l=15_c=10_s=2_1.txt,0.00861,52,48
adapted_instance330_m=2_n=15_l=15_c=10_s=2_2.txt,0.011319,54,48
adapted_instance330_m=2_n=15_l=15_c=10_s=2_3.txt,0.013182,54,46
adapted_instance330_m=2_n=15_l=15_c=10_s=2_4.txt,0.008856,53,49
adapted_instance330_m=2_n=15_l=15_c=10_s=2_5.txt,0.011096,54,48
adapted_instance330_m=2_n=15_l=15_c=10_s=2_6.txt,0.014089,56,47
adapted_instance330_m=2_n=15_l=15_c=10_s=2_7.txt,0.011332,54,48
adapted_instance330_m=2_n=15_l=15_c=10_s=2_8.txt,0.005535,52,48
adapted_instance330_m=2_n=15_l=15_c=10_s=2_9.txt,0.008094,54,48
adapted_instance330_m=2_n=15_l=15_c=10_s=2_10.txt,0.008217,49,47
adapted_instance332_m=2_n=15_l=15_c=10_s=1_1.txt,0.024183,74,64
adapted_instance332_m=2_n=15_l=15_c=10_s=1_2.txt,0.010975,73,65
adapted_instance332_m=2_n=15_l=15_c=10_s=1_3.txt,0.017433,79,64
adapted_instance332_m=2_n=15_l=15_c=10_s=1_4.txt,0.017712,75,64
adapted_instance332_m=2_n=15_l=15_c=10_s=1_5.txt,0.020996,74,64
adapted_instance332_m=2_n=15_l=15_c=10_s=1_6.txt,0.013158,73,67
adapted_instance332_m=2_n=15_l=15_c=10_s=1_7.txt,0.017584,74,66
adapted_instance332_m=2_n=15_l=15_c=10_s=1_8.txt,0.017301,76,63
adapted_instance332_m=2_n=15_l=15_c=10_s=1_9.txt,0.017413,75,65
adapted_instance332_m=2_n=15_l=15_c=10_s=1_10.txt,0.014108,74,67
adapted_instance334_m=2_n=15_l=15_c=10_s=0_1.txt,0.014277,83,73
adapted_instance334_m=2_n=15_l=15_c=10_s=0_2.txt,0.017526,82,73
adapted_instance334_m=2_n=15_l=15_c=10_s=0_3.txt,0.013636,84,75
adapted_instance334_m=2_n=15_l=15_c=10_s=0_4.txt,0.017214,81,72
adapted_instance334_m=2_n=15_l=15_c=10_s=0_5.txt,0.013936,84,73
adapted_instance334_m=2_n=15_l=15_c=10_s=0_6.txt,0.006781,77,74
adapted_instance334_m=2_n=15_l=15_c=10_s=0_7.txt,0.010115,80,74
adapted_instance334_m=2_n=15_l=15_c=10_s=0_8.txt,0.013704,82,72
adapted_instance334_m=2_n=15_l=15_c=10_s=0_9.txt,0.021776,83,72
adapted_instance334_m=2_n=15_l=15_c=10_s=0_10.txt,0.017554,82,71
adapted_instance336_m=2_n=15_l=15_c=10_s=2_1.txt,0.017545,86,72
adapted_instance336_m=2_n=15_l=15_c=10_s=2_2.txt,0.016527,83,70
adapted_instance336_m=2_n=15_l=15_c=10_s=2_3.txt,0.013721,80,74
adapted_instance336_m=2_n=15_l=15_c=10_s=2_4.txt,0.020313,84,72
adapted_instance336_m=2_n=15_l=15_c=10_s=2_5.txt,0.019684,82,71
adapted_instance336_m=2_n=15_l=15_c=10_s=2_6.txt,0.017759,85,72
adapted_instance336_m=2_n=15_l=15_c=10_s=2_7.txt,0.017358,85,74
adapted_instance336_m=2_n=15_l=15_c=10_s=2_8.txt,0.014195,83,73
adapted_instance336_m=2_n=15_l=15_c=10_s=2_9.txt,0.013925,84,72
adapted_instance336_m=2_n=15_l=15_c=10_s=2_10.txt,0.010716,83,75
adapted_instance338_m=2_n=15_l=15_c=10_s=1_1.txt,0.01075,84,79
adapted_instance338_m=2_n=15_l=15_c=10_s=1_2.txt,0.017687,86,77
adapted_instance338_m=2_n=15_l=15_c=10_s=1_3.txt,0.014287,90,77
adapted_instance338_m=2_n=15_l=15_c=10_s=1_4.txt,0.013885,85,77
adapted_instance338_m=2_n=15_l=15_c=10_s=1_5.txt,0.020903,87,76
adapted_instance338_m=2_n=15_l=15_c=10_s=1_6.txt,0.017283,88,78
adapted_instance338_m=2_n=15_l=15_c=10_s=1_7.txt,0.020394,94,75
adapted_instance338_m=2_n=15_l=15_c=10_s=1_8.txt,0.014409,94,78
adapted_instance338_m=2_n=15_l=15_c=10_s=1_9.txt,0.017552,88,76
adapted_instance338_m=2_n=15_l=15_c=10_s=1_10.txt,0.018209,87,78
adapted_instance340_m=2_n=15_l=15_c=10_s=0_1.txt,0.020707,86,74
adapted_instance340_m=2_n=15_l=15_c=10_s=0_2.txt,0.010608,82,79
adapted_instance340_m=2_n=15_l=15_c=10_s=0_3.txt,0.018377,85,77
adapted_instance340_m=2_n=15_l=15_c=10_s=0_4.txt,0.014437,85,77
adapted_instance340_m=2_n=15_l=15_c=10_s=0_5.txt,0.016776,83,74
adapted_instance340_m=2_n=15_l=15_c=10_s=0_6.txt,0.014954,85,78
adapted_instance340_m=2_n=15_l=15_c=10_s=0_7.txt,0.016906,87,78
adapted_instance340_m=2_n=15_l=15_c=10_s=0_8.txt,0.024965,88,74
adapted_instance340_m=2_n=15_l=15_c=10_s=0_9.txt,0.017433,84,76
adapted_instance340_m=2_n=15_l=15_c=10_s=0_10.txt,0.017679,90,76
adapted_instance342_m=2_n=15_l=15_c=10_s=2_1.txt,0.017863,85,76
adapted_instance342_m=2_n=15_l=15_c=10_s=2_2.txt,0.014018,81,73
adapted_instance342_m=2_n=15_l=15_c=10_s=2_3.txt,0.014037,83,73
adapted_instance342_m=2_n=15_l=15_c=10_s=2_4.txt,0.013863,87,76
adapted_instance342_m=2_n=15_l=15_c=10_s=2_5.txt,0.021313,83,73
adapted_instance342_m=2_n=15_l=15_c=10_s=2_6.txt,0.020662,90,74
adapted_instance342_m=2_n=15_l=15_c=10_s=2_7.txt,0.020523,79,74
adapted_instance342_m=2_n=15_l=15_c=10_s=2_8.txt,0.017396,86,75
adapted_instance342_m=2_n=15_l=15_c=10_s=2_9.txt,0.017624,84,75
adapted_instance342_m=2_n=15_l=15_c=10_s=2_10.txt,0.017499,85,74
adapted_instance344_m=2_n=15_l=15_c=10_s=1_1.txt,0.010473,82,76
adapted_instance344_m=2_n=15_l=15_c=10_s=1_2.txt,0.014155,81,73
adapted_instance344_m=2_n=15_l=15_c=10_s=1_3.txt,0.02536,82,73
adapted_instance344_m=2_n=15_l=15_c=10_s=1_4.txt,0.016847,79,73
adapted_instance344_m=2_n=15_l=15_c=10_s=1_5.txt,0.021361,82,71
adapted_instance344_m=2_n=15_l=15_c=10_s=1_6.txt,0.01356,81,74
adapted_instance344_m=2_n=15_l=15_c=10_s=1_7.txt,0.024729,85,71
adapted_instance344_m=2_n=15_l=15_c=10_s=1_8.txt,0.020738,85,72
adapted_instance344_m=2_n=15_l=15_c=10_s=1_9.txt,0.017036,80,72
adapted_instance344_m=2_n=15_l=15_c=10_s=1_10.txt,0.010715,80,74
adapted_instance346_m=2_n=15_l=15_c=10_s=0_1.txt,0.016769,89,78
adapted_instance346_m=2_n=15_l=15_c=10_s=0_2.txt,0.017763,89,78
adapted_instance346_m=2_n=15_l=15_c=10_s=0_3.txt,0.013598,84,77
adapted_instance346_m=2_n=15_l=15_c=10_s=0_4.txt,0.02036,89,79
adapted_instance346_m=2_n=15_l=15_c=10_s=0_5.txt,0.017488,87,78
adapted_instance346_m=2_n=15_l=15_c=10_s=0_6.txt,0.014447,86,77
adapted_instance346_m=2_n=15_l=15_c=10_s=0_7.txt,0.020546,87,76
adapted_instance346_m=2_n=15_l=15_c=10_s=0_8.txt,0.013963,88,77
adapted_instance346_m=2_n=15_l=15_c=10_s=0_9.txt,0.024235,90,74
adapted_instance346_m=2_n=15_l=15_c=10_s=0_10.txt,0.010302,86,78
adapted_instance348_m=2_n=15_l=15_c=10_s=2_1.txt,0.01378,86,76
adapted_instance348_m=2_n=15_l=15_c=10_s=2_2.txt,0.010285,81,78
adapted_instance348_m=2_n=15_l=15_c=10_s=2_3.txt,0.017145,85,77
adapted_instance348_m=2_n=15_l=15_c=10_s=2_4.txt,0.010451,81,78
adapted_instance348_m=2_n=15_l=15_c=10_s=2_5.txt,0.021082,91,78
adapted_instance348_m=2_n=15_l=15_c=10_s=2_6.txt,0.017299,86,77
adapted_instance348_m=2_n=15_l=15_c=10_s=2_7.txt,0.010817,88,79
adapted_instance348_m=2_n=15_l=15_c=10_s=2_8.txt,0.017498,88,77
adapted_instance348_m=2_n=15_l=15_c=10_s=2_9.txt,0.013483,87,78
adapted_instance348_m=2_n=15_l=15_c=10_s=2_10.txt,0.020956,90,78
adapted_instance350_m=2_n=15_l=15_c=10_s=1_1.txt,0.020585,73,62
adapted_instance350_m=2_n=15_l=15_c=10_s=1_2.txt,0.024616,76,60
adapted_instance350_m=2_n=15_l=15_c=10_s=1_3.txt,0.020791,74,63
adapted_instance350_m=2_n=15_l=15_c=10_s=1_4.txt,0.017765,73,62
adapted_instance350_m=2_n=15_l=15_c=10_s=1_5.txt,0.020936,75,63
adapted_instance350_m=2_n=15_l=15_c=10_s=1_6.txt,0.01373,74,63
adapted_instance350_m=2_n=15_l=15_c=10_s=1_7.txt,0.014367,74,67
adapted_instance350_m=2_n=15_l=15_c=10_s=1_8.txt,0.021443,76,62
adapted_instance350_m=2_n=15_l=15_c=10_s=1_9.txt,0.024922,73,62
adapted_instance350_m=2_n=15_l=15_c=10_s=1_10.txt,0.02198,75,62
adapted_instance352_m=2_n=15_l=15_c=10_s=0_1.txt,0.022833,84,73
adapted_instance352_m=2_n=15_l=15_c=10_s=0_2.txt,0.014449,82,76
adapted_instance352_m=2_n=15_l=15_c=10_s=0_3.txt,0.006665,80,76
adapted_instance352_m=2_n=15_l=15_c=10_s=0_4.txt,0.013916,83,76
adapted_instance352_m=2_n=15_l=15_c=10_s=0_5.txt,0.017635,85,75
adapted_instance352_m=2_n=15_l=15_c=10_s=0_6.txt,0.017652,87,77
adapted_instance352_m=2_n=15_l=15_c=10_s=0_7.txt,0.01296,83,76
adapted_instance352_m=2_n=15_l=15_c=10_s=0_8.txt,0.029363,85,74
adapted_instance352_m=2_n=15_l=15_c=10_s=0_9.txt,0.014877,84,76
adapted_instance352_m=2_n=15_l=15_c=10_s=0_10.txt,0.017579,82,75
adapted_instance362_m=2_n=15_l=20_c=8_s=1_1.txt,0.019761,58,52
adapted_instance362_m=2_n=15_l=20_c=8_s=1_2.txt,0.021234,60,52
adapted_instance362_m=2_n=15_l=20_c=8_s=1_3.txt,0.012414,60,53
adapted_instance362_m=2_n=15_l=20_c=8_s=1_4.txt,0.012739,58,54
adapted_instance362_m=2_n=15_l=20_c=8_s=1_5.txt,0.017418,60,53
adapted_instance362_m=2_n=15_l=20_c=8_s=1_6.txt,0.013066,55,53
adapted_instance362_m=2_n=15_l=20_c=8_s=1_7.txt,0.015867,60,53
adapted_instance362_m=2_n=15_l=20_c=8_s=1_8.txt,0.015928,59,52
adapted_instance362_m=2_n=15_l=20_c=8_s=1_9.txt,0.008257,58,53
adapted_instance362_m=2_n=15_l=20_c=8_s=1_10.txt,0.012237,57,52
adapted_instance364_m=2_n=15_l=20_c=8_s=0_1.txt,0.016881,61,56
adapted_instance364_m=2_n=15_l=20_c=8_s=0_2.txt,0.008455,58,57
adapted_instance364_m=2_n=15_l=20_c=8_s=0_3.txt,0.016041,59,56
adapted_instance364_m=2_n=15_l=20_c=8_s=0_4.txt,0.012425,59,56
adapted_instance364_m=2_n=15_l=20_c=8_s=0_5.txt,0.012365,61,56
adapted_instance364_m=2_n=15_l=20_c=8_s=0_6.txt,0.01169,58,56
adapted_instance364_m=2_n=15_l=20_c=8_s=0_7.txt,0.011828,60,56
adapted_instance364_m=2_n=15_l=20_c=8_s=0_8.txt,0.016255,60,56
adapted_instance364_m=2_n=15_l=20_c=8_s=0_9.txt,0.012212,61,57
adapted_instance364_m=2_n=15_l=20_c=8_s=0_10.txt,0.011993,60,56
adapted_instance366_m=2_n=15_l=20_c=8_s=2_1.txt,0.016232,58,50
adapted_instance366_m=2_n=15_l=20_c=8_s=2_2.txt,0.012365,54,50
adapted_instance366_m=2_n=15_l=20_c=8_s=2_3.txt,0.024708,55,49
adapted_instance366_m=2_n=15_l=20_c=8_s=2_4.txt,0.020421,54,49
adapted_instance366_m=2_n=15_l=20_c=8_s=2_5.txt,0.008735,56,51
adapted_instance366_m=2_n=15_l=20_c=8_s=2_6.txt,0.009072,54,51
adapted_instance366_m=2_n=15_l=20_c=8_s=2_7.txt,0.013014,54,50
adapted_instance366_m=2_n=15_l=20_c=8_s=2_8.txt,0.016431,56,49
adapted_instance366_m=2_n=15_l=20_c=8_s=2_9.txt,0.016237,56,50
adapted_instance366_m=2_n=15_l=20_c=8_s=2_10.txt,0.016782,54,49
adapted_instance368_m=2_n=15_l=20_c=8_s=1_1.txt,0.007928,61,60
adapted_instance368_m=2_n=15_l=20_c=8_s=1_2.txt,0.008291,61,60
adapted_instance368_m=2_n=15_l=20_c=8_s=1_3.txt,0.00918,63,60
adapted_instance368_m=2_n=15_l=20_c=8_s=1_4.txt,0.008222,62,60
adapted_instance368_m=2_n=15_l=20_c=8_s=1_5.txt,0.012679,63,60
adapted_instance368_m=2_n=15_l=20_c=8_s=1_6.txt,0.008429,63,60
adapted_instance368_m=2_n=15_l=20_c=8_s=1_7.txt,0.008441,62,60
adapted_instance368_m=2_n=15_l=20_c=8_s=1_8.txt,0.008943,62,60
adapted_instance368_m=2_n=15_l=20_c=8_s=1_9.txt,0.011978,63,60
adapted_instance368_m=2_n=15_l=20_c=8_s=1_10.txt,0.008716,62,60
adapted_instance370_m=2_n=15_l=20_c=8_s=0_1.txt,0.008769,61,59
adapted_instance370_m=2_n=15_l=20_c=8_s=0_2.txt,0.008605,60,59
adapted_instance370_m=2_n=15_l=20_c=8_s=0_3.txt,0.008085,60,59
adapted_instance370_m=2_n=15_l=20_c=8_s=0_4.txt,0.008673,62,59
adapted_instance370_m=2_n=15_l=20_c=8_s=0_5.txt,0.012552,63,59
adapted_instance370_m=2_n=15_l=20_c=8_s=0_6.txt,0.012333,63,59
adapted_instance370_m=2_n=15_l=20_c=8_s=0_7.txt,0.013099,61,59
adapted_instance370_m=2_n=15_l=20_c=8_s=0_8.txt,0.008261,60,59
adapted_instance370_m=2_n=15_l=20_c=8_s=0_9.txt,0.012715,63,59
adapted_instance370_m=2_n=15_l=20_c=8_s=0_10.txt,0.008795,62,59
adapted_instance372_m=2_n=15_l=20_c=8_s=2_1.txt,0.00393,63,63
adapted_instance372_m=2_n=15_l=20_c=8_s=2_2.txt,0.008323,64,63
adapted_instance372_m=2_n=15_l=20_c=8_s=2_3.txt,0.004502,63,63
adapted_instance372_m=2_n=15_l=20_c=8_s=2_4.txt,0.004014,63,63
adapted_instance372_m=2_n=15_l=20_c=8_s=2_5.txt,0.004234,63,63
adapted_instance372_m=2_n=15_l=20_c=8_s=2_6.txt,0.004569,63,63
adapted_instance372_m=2_n=15_l=20_c=8_s=2_7.txt,0.008393,64,63
adapted_instance372_m=2_n=15_l=20_c=8_s=2_8.txt,0.008553,64,63
adapted_instance372_m=2_n=15_l=20_c=8_s=2_9.txt,0.004139,63,63
adapted_instance372_m=2_n=15_l=20_c=8_s=2_10.txt,0.004533,63,63
adapted_instance374_m=2_n=15_l=20_c=8_s=1_1.txt,0.011502,65,63
adapted_instance374_m=2_n=15_l=20_c=8_s=1_2.txt,0.008252,64,63
adapted_instance374_m=2_n=15_l=20_c=8_s=1_3.txt,0.007878,64,63
adapted_instance374_m=2_n=15_l=20_c=8_s=1_4.txt,0.008487,64,63
adapted_instance374_m=2_n=15_l=20_c=8_s=1_5.txt,0.008547,64,63
adapted_instance374_m=2_n=15_l=20_c=8_s=1_6.txt,0.008187,64,63
adapted_instance374_m=2_n=15_l=20_c=8_s=1_7.txt,0.008306,64,63
adapted_instance374_m=2_n=15_l=20_c=8_s=1_8.txt,0.008646,64,63
adapted_instance374_m=2_n=15_l=20_c=8_s=1_9.txt,0.008281,64,63
adapted_instance374_m=2_n=15_l=20_c=8_s=1_10.txt,0.004262,63,63
adapted_instance376_m=2_n=15_l=20_c=8_s=0_1.txt,0.004281,66,66
adapted_instance376_m=2_n=15_l=20_c=8_s=0_2.txt,0.004546,66,66
adapted_instance376_m=2_n=15_l=20_c=8_s=0_3.txt,0.006035,66,66
adapted_instance376_m=2_n=15_l=20_c=8_s=0_4.txt,0.003997,66,66
adapted_instance376_m=2_n=15_l=20_c=8_s=0_5.txt,0.004423,66,66
adapted_instance376_m=2_n=15_l=20_c=8_s=0_6.txt,0.004195,66,66
adapted_instance376_m=2_n=15_l=20_c=8_s=0_7.txt,0.004559,66,66
adapted_instance376_m=2_n=15_l=20_c=8_s=0_8.txt,0.004358,66,66
adapted_instance376_m=2_n=15_l=20_c=8_s=0_9.txt,0.004324,66,66
adapted_instance376_m=2_n=15_l=20_c=8_s=0_10.txt,0.004323,66,66
adapted_instance398_m=2_n=15_l=20_c=12_s=1_1.txt,0.010503,47,44
adapted_instance398_m=2_n=15_l=20_c=12_s=1_2.txt,0.010216,49,45
adapted_instance398_m=2_n=15_l=20_c=12_s=1_3.txt,0.006869,46,44
adapted_instance398_m=2_n=15_l=20_c=12_s=1_4.txt,0.010189,47,44
adapted_instance398_m=2_n=15_l=20_c=12_s=1_5.txt,0.009655,48,44
adapted_instance398_m=2_n=15_l=20_c=12_s=1_6.txt,0.010418,49,44
adapted_instance398_m=2_n=15_l=20_c=12_s=1_7.txt,0.010155,48,45
adapted_instance398_m=2_n=15_l=20_c=12_s=1_8.txt,0.009895,47,44
adapted_instance398_m=2_n=15_l=20_c=12_s=1_9.txt,0.01334,50,44
adapted_instance398_m=2_n=15_l=20_c=12_s=1_10.txt,0.010021,46,44
adapted_instance400_m=2_n=15_l=20_c=12_s=0_1.txt,0.007834,61,60
adapted_instance400_m=2_n=15_l=20_c=12_s=0_2.txt,0.006624,62,60
adapted_instance400_m=2_n=15_l=20_c=12_s=0_3.txt,0.006985,61,60
adapted_instance400_m=2_n=15_l=20_c=12_s=0_4.txt,0.007029,62,60
adapted_instance400_m=2_n=15_l=20_c=12_s=0_5.txt,0.00747,61,60
adapted_instance400_m=2_n=15_l=20_c=12_s=0_6.txt,0.00702,61,60
adapted_instance400_m=2_n=15_l=20_c=12_s=0_7.txt,0.006915,61,60
adapted_instance400_m=2_n=15_l=20_c=12_s=0_8.txt,0.00337,60,60
adapted_instance400_m=2_n=15_l=20_c=12_s=0_9.txt,0.006608,62,60
adapted_instance400_m=2_n=15_l=20_c=12_s=0_10.txt,0.007706,62,60
adapted_instance402_m=2_n=15_l=20_c=12_s=2_1.txt,0.009606,50,48
adapted_instance402_m=2_n=15_l=20_c=12_s=2_2.txt,0.012504,51,48
adapted_instance402_m=2_n=15_l=20_c=12_s=2_3.txt,0.010067,51,48
adapted_instance402_m=2_n=15_l=20_c=12_s=2_4.txt,0.009789,51,48
adapted_instance402_m=2_n=15_l=20_c=12_s=2_5.txt,0.017385,52,48
adapted_instance402_m=2_n=15_l=20_c=12_s=2_6.txt,0.006688,52,48
adapted_instance402_m=2_n=15_l=20_c=12_s=2_7.txt,0.003696,48,48
adapted_instance402_m=2_n=15_l=20_c=12_s=2_8.txt,0.010678,52,48
adapted_instance402_m=2_n=15_l=20_c=12_s=2_9.txt,0.011083,51,48
adapted_instance402_m=2_n=15_l=20_c=12_s=2_10.txt,0.006961,50,48
adapted_instance404_m=2_n=15_l=20_c=12_s=1_1.txt,0.01073,55,52
adapted_instance404_m=2_n=15_l=20_c=12_s=1_2.txt,0.014214,56,51
adapted_instance404_m=2_n=15_l=20_c=12_s=1_3.txt,0.00742,53,52
adapted_instance404_m=2_n=15_l=20_c=12_s=1_4.txt,0.006887,54,52
adapted_instance404_m=2_n=15_l=20_c=12_s=1_5.txt,0.014051,57,51
adapted_instance404_m=2_n=15_l=20_c=12_s=1_6.txt,0.01586,58,51
adapted_instance404_m=2_n=15_l=20_c=12_s=1_7.txt,0.010191,55,51
adapted_instance404_m=2_n=15_l=20_c=12_s=1_8.txt,0.013989,55,51
adapted_instance404_m=2_n=15_l=20_c=12_s=1_9.txt,0.009904,57,51
adapted_instance404_m=2_n=15_l=20_c=12_s=1_10.txt,0.013126,57,51
adapted_instance406_m=2_n=15_l=20_c=12_s=0_1.txt,0.014229,49,44
adapted_instance406_m=2_n=15_l=20_c=12_s=0_2.txt,0.010154,46,44
adapted_instance406_m=2_n=15_l=20_c=12_s=0_3.txt,0.010204,48,44
adapted_instance406_m=2_n=15_l=20_c=12_s=0_4.txt,0.006977,46,44
adapted_instance406_m=2_n=15_l=20_c=12_s=0_5.txt,0.010039,48,44
adapted_instance406_m=2_n=15_l=20_c=12_s=0_6.txt,0.003669,44,44
adapted_instance406_m=2_n=15_l=20_c=12_s=0_7.txt,0.003359,45,45
adapted_instance406_m=2_n=15_l=20_c=12_s=0_8.txt,0.007142,46,44
adapted_instance406_m=2_n=15_l=20_c=12_s=0_9.txt,0.00686,45,44
adapted_instance406_m=2_n=15_l=20_c=12_s=0_10.txt,0.007847,46,44
adapted_instance408_m=2_n=15_l=20_c=12_s=2_1.txt,0.012807,61,58
adapted_instance408_m=2_n=15_l=20_c=12_s=2_2.txt,0.016134,61,58
adapted_instance408_m=2_n=15_l=20_c=12_s=2_3.txt,0.018619,60,58
adapted_instance408_m=2_n=15_l=20_c=12_s=2_4.txt,0.012458,61,58
adapted_instance408_m=2_n=15_l=20_c=12_s=2_5.txt,0.003587,58,58
adapted_instance408_m=2_n=15_l=20_c=12_s=2_6.txt,0.010564,60,58
adapted_instance408_m=2_n=15_l=20_c=12_s=2_7.txt,0.007428,61,58
adapted_instance408_m=2_n=15_l=20_c=12_s=2_8.txt,0.007274,61,58
adapted_instance408_m=2_n=15_l=20_c=12_s=2_9.txt,0.007036,61,58
adapted_instance408_m=2_n=15_l=20_c=12_s=2_10.txt,0.007101,59,58
adapted_instance418_m=2_n=15_l=20_c=12_s=0_1.txt,0.006896,49,48
adapted_instance418_m=2_n=15_l=20_c=12_s=0_2.txt,0.010266,52,48
adapted_instance418_m=2_n=15_l=20_c=12_s=0_3.txt,0.010047,53,48
adapted_instance418_m=2_n=15_l=20_c=12_s=0_4.txt,0.01338,52,48
adapted_instance418_m=2_n=15_l=20_c=12_s=0_5.txt,0.010618,53,48
adapted_instance418_m=2_n=15_l=20_c=12_s=0_6.txt,0.013019,53,48
adapted_instance418_m=2_n=15_l=20_c=12_s=0_7.txt,0.013064,51,48
adapted_instance418_m=2_n=15_l=20_c=12_s=0_8.txt,0.012628,51,48
adapted_instance418_m=2_n=15_l=20_c=12_s=0_9.txt,0.009643,53,48
adapted_instance418_m=2_n=15_l=20_c=12_s=0_10.txt,0.013938,55,48
adapted_instance420_m=2_n=15_l=20_c=12_s=2_1.txt,0.009842,54,50
adapted_instance420_m=2_n=15_l=20_c=12_s=2_2.txt,0.009904,54,49
adapted_instance420_m=2_n=15_l=20_c=12_s=2_3.txt,0.010278,55,50
adapted_instance420_m=2_n=15_l=20_c=12_s=2_4.txt,0.013589,55,49
adapted_instance420_m=2_n=15_l=20_c=12_s=2_5.txt,0.013698,53,49
adapted_instance420_m=2_n=15_l=20_c=12_s=2_6.txt,0.010119,55,49
adapted_instance420_m=2_n=15_l=20_c=12_s=2_7.txt,0.006505,50,49
adapted_instance420_m=2_n=15_l=20_c=12_s=2_8.txt,0.00698,51,50
adapted_instance420_m=2_n=15_l=20_c=12_s=2_9.txt,0.010312,52,48
adapted_instance420_m=2_n=15_l=20_c=12_s=2_10.txt,0.013505,54,48
adapted_instance452_m=2_n=15_l=20_c=15_s=1_1.txt,0.021582,97,88
adapted_instance452_m=2_n=15_l=20_c=15_s=1_2.txt,0.02659,103,89
adapted_instance452_m=2_n=15_l=20_c=15_s=1_3.txt,0.026073,101,87
adapted_instance452_m=2_n=15_l=20_c=15_s=1_4.txt,0.012987,97,89
adapted_instance452_m=2_n=15_l=20_c=15_s=1_5.txt,0.017354,95,89
adapted_instance452_m=2_n=15_l=20_c=15_s=1_6.txt,0.025909,100,88
adapted_instance452_m=2_n=15_l=20_c=15_s=1_7.txt,0.02166,95,89
adapted_instance452_m=2_n=15_l=20_c=15_s=1_8.txt,0.008435,96,89
adapted_instance452_m=2_n=15_l=20_c=15_s=1_9.txt,0.021471,102,90
adapted_instance452_m=2_n=15_l=20_c=15_s=1_10.txt,0.028079,98,89
adapted_instance454_m=2_n=15_l=20_c=15_s=0_1.txt,0.0179,99,91
adapted_instance454_m=2_n=15_l=20_c=15_s=0_2.txt,0.018041,103,90
adapted_instance454_m=2_n=15_l=20_c=15_s=0_3.txt,0.027124,97,89
adapted_instance454_m=2_n=15_l=20_c=15_s=0_4.txt,0.026373,99,89
adapted_instance454_m=2_n=15_l=20_c=15_s=0_5.txt,0.017247,95,92
adapted_instance454_m=2_n=15_l=20_c=15_s=0_6.txt,0.01777,93,90
adapted_instance454_m=2_n=15_l=20_c=15_s=0_7.txt,0.01873,99,89
adapted_instance454_m=2_n=15_l=20_c=15_s=0_8.txt,0.017707,96,91
adapted_instance454_m=2_n=15_l=20_c=15_s=0_9.txt,0.022276,97,90
adapted_instance454_m=2_n=15_l=20_c=15_s=0_10.txt,0.023341,100,90
adapted_instance692_m=3_n=15_l=20_c=15_s=1_1.txt,0.017113,95,85
adapted_instance692_m=3_n=15_l=20_c=15_s=1_2.txt,0.022305,93,83
adapted_instance692_m=3_n=15_l=20_c=15_s=1_3.txt,0.028953,94,84
adapted_instance692_m=3_n=15_l=20_c=15_s=1_4.txt,0.020647,96,87
adapted_instance692_m=3_n=15_l=20_c=15_s=1_5.txt,0.020839,94,86
adapted_instance692_m=3_n=15_l=20_c=15_s=1_6.txt,0.021415,96,84
adapted_instance692_m=3_n=15_l=20_c=15_s=1_7.txt,0.020423,96,85
adapted_instance692_m=3_n=15_l=20_c=15_s=1_8.txt,0.017229,97,86
adapted_instance692_m=3_n=15_l=20_c=15_s=1_9.txt,0.017303,93,86
adapted_instance692_m=3_n=15_l=20_c=15_s=1_10.txt,0.01748,91,85
adapted_instance694_m=3_n=15_l=20_c=15_s=0_1.txt,0.017399,99,88
adapted_instance694_m=3_n=15_l=20_c=15_s=0_2.txt,0.030391,103,87
adapted_instance694_m=3_n=15_l=20_c=15_s=0_3.txt,0.022129,98,88
adapted_instance694_m=3_n=15_l=20_c=15_s=0_4.txt,0.030414,99,86
adapted_instance694_m=3_n=15_l=20_c=15_s=0_5.txt,0.022588,99,87
adapted_instance694_m=3_n=15_l=20_c=15_s=0_6.txt,0.01846,97,88
adapted_instance694_m=3_n=15_l=20_c=15_s=0_7.txt,0.017818,94,87
adapted_instance694_m=3_n=15_l=20_c=15_s=0_8.txt,0.02286,102,89
adapted_instance694_m=3_n=15_l=20_c=15_s=0_9.txt,0.02228,97,85
adapted_instance694_m=3_n=15_l=20_c=15_s=0_10.txt,0.016956,95,87
adapted_instance696_m=3_n=15_l=20_c=15_s=2_1.txt,0.01773,99,90
adapted_instance696_m=3_n=15_l=20_c=15_s=2_2.txt,0.026386,95,87
adapted_instance696_m=3_n=15_l=20_c=15_s=2_3.txt,0.018075,102,92
adapted_instance696_m=3_n=15_l=20_c=15_s=2_4.txt,0.018342,102,92
adapted_instance696_m=3_n=15_l=20_c=15_s=2_5.txt,0.022302,99,89
adapted_instance696_m=3_n=15_l=20_c=15_s=2_6.txt,0.02194,97,88
adapted_instance696_m=3_n=15_l=20_c=15_s=2_7.txt,0.008639,96,93
adapted_instance696_m=3_n=15_l=20_c=15_s=2_8.txt,0.013933,105,93
adapted_instance696_m=3_n=15_l=20_c=15_s=2_9.txt,0.022532,102,89
adapted_instance696_m=3_n=15_l=20_c=15_s=2_10.txt,0.025149,98,87
adapted_instance698_m=3_n=15_l=20_c=15_s=1_1.txt,0.017683,100,89
adapted_instance698_m=3_n=15_l=20_c=15_s=1_2.txt,0.013549,101,93
adapted_instance698_m=3_n=15_l=20_c=15_s=1_3.txt,0.017376,101,92
adapted_instance698_m=3_n=15_l=20_c=15_s=1_4.txt,0.009069,98,94
adapted_instance698_m=3_n=15_l=20_c=15_s=1_5.txt,0.021983,99,90
adapted_instance698_m=3_n=15_l=20_c=15_s=1_6.txt,0.028924,105,88
adapted_instance698_m=3_n=15_l=20_c=15_s=1_7.txt,0.017128,102,89
adapted_instance698_m=3_n=15_l=20_c=15_s=1_8.txt,0.021003,106,91
adapted_instance698_m=3_n=15_l=20_c=15_s=1_9.txt,0.022129,104,91
adapted_instance698_m=3_n=15_l=20_c=15_s=1_10.txt,0.029034,102,88
adapted_instance700_m=3_n=15_l=20_c=15_s=0_1.txt,0.023138,101,92
adapted_instance700_m=3_n=15_l=20_c=15_s=0_2.txt,0.012443,102,93
adapted_instance700_m=3_n=15_l=20_c=15_s=0_3.txt,0.022636,102,90
adapted_instance700_m=3_n=15_l=20_c=15_s=0_4.txt,0.017637,95,91
adapted_instance700_m=3_n=15_l=20_c=15_s=0_5.txt,0.018267,101,90
adapted_instance700_m=3_n=15_l=20_c=15_s=0_6.txt,0.017006,100,89
adapted_instance700_m=3_n=15_l=20_c=15_s=0_7.txt,0.022426,100,90
adapted_instance700_m=3_n=15_l=20_c=15_s=0_8.txt,0.023769,97,90
adapted_instance700_m=3_n=15_l=20_c=15_s=0_9.txt,0.013358,96,92
adapted_instance700_m=3_n=15_l=20_c=15_s=0_10.txt,0.020811,99,90
adapted_instance702_m=3_n=15_l=20_c=15_s=2_1.txt,0.021776,91,84
adapted_instance702_m=3_n=15_l=20_c=15_s=2_2.txt,0.012899,93,87
adapted_instance702_m=3_n=15_l=20_c=15_s=2_3.txt,0.009021,91,86
adapted_instance702_m=3_n=15_l=20_c=15_s=2_4.txt,0.022146,97,85
adapted_instance702_m=3_n=15_l=20_c=15_s=2_5.txt,0.017985,94,85
adapted_instance702_m=3_n=15_l=20_c=15_s=2_6.txt,0.017007,93,85
adapted_instance702_m=3_n=15_l=20_c=15_s=2_7.txt,0.022468,93,86
adapted_instance702_m=3_n=15_l=20_c=15_s=2_8.txt,0.022302,94,84
adapted_instance702_m=3_n=15_l=20_c=15_s=2_9.txt,0.012747,90,86
adapted_instance702_m=3_n=15_l=20_c=15_s=2_10.txt,0.018201,91,84
adapted_instance704_m=3_n=15_l=20_c=15_s=1_1.txt,0.012603,91,85
adapted_instance704_m=3_n=15_l=20_c=15_s=1_2.txt,0.022089,89,81
adapted_instance704_m=3_n=15_l=20_c=15_s=1_3.txt,0.013307,88,84
adapted_instance704_m=3_n=15_l=20_c=15_s=1_4.txt,0.027067,89,83
adapted_instance704_m=3_n=15_l=20_c=15_s=1_5.txt,0.021107,93,83
adapted_instance704_m=3_n=15_l=20_c=15_s=1_6.txt,0.017523,92,83
adapted_instance704_m=3_n=15_l=20_c=15_s=1_7.txt,0.013721,90,84
adapted_instance704_m=3_n=15_l=20_c=15_s=1_8.txt,0.026455,90,81
adapted_instance704_m=3_n=15_l=20_c=15_s=1_9.txt,0.024679,91,83
adapted_instance704_m=3_n=15_l=20_c=15_s=1_10.txt,0.017305,92,82
adapted_instance706_m=3_n=15_l=20_c=15_s=0_1.txt,0.012044,102,100
adapted_instance706_m=3_n=15_l=20_c=15_s=0_2.txt,0.017343,105,98
adapted_instance706_m=3_n=15_l=20_c=15_s=0_3.txt,0.008585,108,102
adapted_instance706_m=3_n=15_l=20_c=15_s=0_4.txt,0.016595,108,100
adapted_instance706_m=3_n=15_l=20_c=15_s=0_5.txt,0.012881,106,102
adapted_instance706_m=3_n=15_l=20_c=15_s=0_6.txt,0.017123,105,100
adapted_instance706_m=3_n=15_l=20_c=15_s=0_7.txt,0.017176,110,101
adapted_instance706_m=3_n=15_l=20_c=15_s=0_8.txt,0.02194,109,100
adapted_instance706_m=3_n=15_l=20_c=15_s=0_9.txt,0.026262,109,98
adapted_instance706_m=3_n=15_l=20_c=15_s=0_10.txt,0.017909,107,100
adapted_instance708_m=3_n=15_l=20_c=15_s=2_1.txt,0.020783,107,100
adapted_instance708_m=3_n=15_l=20_c=15_s=2_2.txt,0.013156,104,100
adapted_instance708_m=3_n=15_l=20_c=15_s=2_3.txt,0.012565,107,100
adapted_instance708_m=3_n=15_l=20_c=15_s=2_4.txt,0.01329,105,99
adapted_instance708_m=3_n=15_l=20_c=15_s=2_5.txt,0.017215,105,99
adapted_instance708_m=3_n=15_l=20_c=15_s=2_6.txt,0.012921,106,101
adapted_instance708_m=3_n=15_l=20_c=15_s=2_7.txt,0.020511,110,99
adapted_instance708_m=3_n=15_l=20_c=15_s=2_8.txt,0.020689,108,99
adapted_instance708_m=3_n=15_l=20_c=15_s=2_9.txt,0.017009,108,100
adapted_instance708_m=3_n=15_l=20_c=15_s=2_10.txt,0.017074,106,99
adapted_instance710_m=3_n=15_l=20_c=15_s=1_1.txt,0.022396,86,73
adapted_instance710_m=3_n=15_l=20_c=15_s=1_2.txt,0.025797,88,73
adapted_instance710_m=3_n=15_l=20_c=15_s=1_3.txt,0.0255,85,76
adapted_instance710_m=3_n=15_l=20_c=15_s=1_4.txt,0.020812,88,75
adapted_instance710_m=3_n=15_l=20_c=15_s=1_5.txt,0.023946,85,77
adapted_instance710_m=3_n=15_l=20_c=15_s=1_6.txt,0.028958,89,73
adapted_instance710_m=3_n=15_l=20_c=15_s=1_7.txt,0.012561,82,76
adapted_instance710_m=3_n=15_l=20_c=15_s=1_8.txt,0.02958,86,73
adapted_instance710_m=3_n=15_l=20_c=15_s=1_9.txt,0.014151,81,75
adapted_instance710_m=3_n=15_l=20_c=15_s=1_10.txt,0.02245,80,75
adapted_instance712_m=3_n=15_l=20_c=15_s=0_1.txt,0.016721,90,81
adapted_instance712_m=3_n=15_l=20_c=15_s=0_2.txt,0.017303,93,81
adapted_instance712_m=3_n=15_l=20_c=15_s=0_3.txt,0.012975,91,82
adapted_instance712_m=3_n=15_l=20_c=15_s=0_4.txt,0.027251,90,78
adapted_instance712_m=3_n=15_l=20_c=15_s=0_5.txt,0.026783,93,79
adapted_instance712_m=3_n=15_l=20_c=15_s=0_6.txt,0.025807,90,78
adapted_instance712_m=3_n=15_l=20_c=15_s=0_7.txt,0.014682,95,81
adapted_instance712_m=3_n=15_l=20_c=15_s=0_8.txt,0.022299,92,82
adapted_instance712_m=3_n=15_l=20_c=15_s=0_9.txt,0.021343,87,79
adapted_instance712_m=3_n=15_l=20_c=15_s=0_10.txt,0.017469,88,80
adapted_instance714_m=3_n=15_l=20_c=15_s=2_1.txt,0.017475,88,78
adapted_instance714_m=3_n=15_l=20_c=15_s=2_2.txt,0.022423,90,76
adapted_instance714_m=3_n=15_l=20_c=15_s=2_3.txt,0.018094,89,79
adapted_instance714_m=3_n=15_l=20_c=15_s=2_4.txt,0.018959,84,78
adapted_instance714_m=3_n=15_l=20_c=15_s=2_5.txt,0.028098,91,78
adapted_instance714_m=3_n=15_l=20_c=15_s=2_6.txt,0.013268,87,77
adapted_instance714_m=3_n=15_l=20_c=15_s=2_7.txt,0.024617,87,80
adapted_instance714_m=3_n=15_l=20_c=15_s=2_8.txt,0.029299,86,79
adapted_instance714_m=3_n=15_l=20_c=15_s=2_9.txt,0.02612,84,77
adapted_instance714_m=3_n=15_l=20_c=15_s=2_10.txt,0.018457,90,80
adapted_instance716_m=3_n=15_l=20_c=15_s=1_1.txt,0.013264,88,80
adapted_instance716_m=3_n=15_l=20_c=15_s=1_2.txt,0.032132,89,74
adapted_instance716_m=3_n=15_l=20_c=15_s=1_3.txt,0.033649,88,75
adapted_instance716_m=3_n=15_l=20_c=15_s=1_4.txt,0.023045,93,78
adapted_instance716_m=3_n=15_l=20_c=15_s=1_5.txt,0.020516,84,78
adapted_instance716_m=3_n=15_l=20_c=15_s=1_6.txt,0.0229,91,76
adapted_instance716_m=3_n=15_l=20_c=15_s=1_7.txt,0.017526,90,78
adapted_instance716_m=3_n=15_l=20_c=15_s=1_8.txt,0.017186,90,75
adapted_instance716_m=3_n=15_l=20_c=15_s=1_9.txt,0.028658,87,77
adapted_instance716_m=3_n=15_l=20_c=15_s=1_10.txt,0.013672,90,78
