Instance_Name,Execution_Time,Initial_Solution,Final_Solution
adapted_instance100_m=2_n=8_l=15_c=10_s=0_1.txt,0.001577,40,37
adapted_instance100_m=2_n=8_l=15_c=10_s=0_2.txt,0.001083,41,38
adapted_instance100_m=2_n=8_l=15_c=10_s=0_3.txt,0.001567,40,37
adapted_instance100_m=2_n=8_l=15_c=10_s=0_4.txt,0.000603,38,38
adapted_instance100_m=2_n=8_l=15_c=10_s=0_5.txt,0.001128,38,37
adapted_instance100_m=2_n=8_l=15_c=10_s=0_6.txt,0.001579,41,38
adapted_instance100_m=2_n=8_l=15_c=10_s=0_7.txt,0.001623,41,38
adapted_instance100_m=2_n=8_l=15_c=10_s=0_8.txt,0.000614,37,37
adapted_instance100_m=2_n=8_l=15_c=10_s=0_9.txt,0.001602,40,37
adapted_instance100_m=2_n=8_l=15_c=10_s=0_10.txt,0.001142,40,38
adapted_instance102_m=2_n=8_l=15_c=10_s=2_1.txt,0.001626,44,40
adapted_instance102_m=2_n=8_l=15_c=10_s=2_2.txt,0.001679,45,40
adapted_instance102_m=2_n=8_l=15_c=10_s=2_3.txt,0.001625,42,40
adapted_instance102_m=2_n=8_l=15_c=10_s=2_4.txt,0.001599,43,40
adapted_instance102_m=2_n=8_l=15_c=10_s=2_5.txt,0.001124,47,40
adapted_instance102_m=2_n=8_l=15_c=10_s=2_6.txt,0.001094,42,40
adapted_instance102_m=2_n=8_l=15_c=10_s=2_7.txt,0.001115,44,40
adapted_instance102_m=2_n=8_l=15_c=10_s=2_8.txt,0.000582,41,41
adapted_instance102_m=2_n=8_l=15_c=10_s=2_9.txt,0.001108,44,41
adapted_instance102_m=2_n=8_l=15_c=10_s=2_10.txt,0.001101,43,40
adapted_instance106_m=2_n=8_l=15_c=10_s=0_1.txt,0.001086,39,35
adapted_instance106_m=2_n=8_l=15_c=10_s=0_2.txt,0.001067,37,36
adapted_instance106_m=2_n=8_l=15_c=10_s=0_3.txt,0.001523,40,35
adapted_instance106_m=2_n=8_l=15_c=10_s=0_4.txt,0.001577,39,35
adapted_instance106_m=2_n=8_l=15_c=10_s=0_5.txt,0.001584,37,35
adapted_instance106_m=2_n=8_l=15_c=10_s=0_6.txt,0.001592,39,36
adapted_instance106_m=2_n=8_l=15_c=10_s=0_7.txt,0.00108,40,36
adapted_instance106_m=2_n=8_l=15_c=10_s=0_8.txt,0.001109,39,37
adapted_instance106_m=2_n=8_l=15_c=10_s=0_9.txt,0.001044,40,37
adapted_instance106_m=2_n=8_l=15_c=10_s=0_10.txt,0.00221,41,35
adapted_instance108_m=2_n=8_l=15_c=10_s=2_1.txt,0.001665,36,33
adapted_instance108_m=2_n=8_l=15_c=10_s=2_2.txt,0.001117,35,33
adapted_instance108_m=2_n=8_l=15_c=10_s=2_3.txt,0.002375,38,33
adapted_instance108_m=2_n=8_l=15_c=10_s=2_4.txt,0.001138,37,33
adapted_instance108_m=2_n=8_l=15_c=10_s=2_5.txt,0.0011,36,33
adapted_instance108_m=2_n=8_l=15_c=10_s=2_6.txt,0.001604,41,34
adapted_instance108_m=2_n=8_l=15_c=10_s=2_7.txt,0.002237,38,33
adapted_instance108_m=2_n=8_l=15_c=10_s=2_8.txt,0.00217,37,32
adapted_instance108_m=2_n=8_l=15_c=10_s=2_9.txt,0.001561,37,33
adapted_instance108_m=2_n=8_l=15_c=10_s=2_10.txt,0.00165,41,33
adapted_instance10_m=2_n=8_l=15_c=5_s=0_1.txt,0.000544,31,31
adapted_instance10_m=2_n=8_l=15_c=5_s=0_2.txt,0.00057,31,31
adapted_instance10_m=2_n=8_l=15_c=5_s=0_3.txt,0.000576,31,31
adapted_instance10_m=2_n=8_l=15_c=5_s=0_4.txt,0.000542,31,31
adapted_instance10_m=2_n=8_l=15_c=5_s=0_5.txt,0.000545,31,31
adapted_instance10_m=2_n=8_l=15_c=5_s=0_6.txt,0.000531,31,31
adapted_instance10_m=2_n=8_l=15_c=5_s=0_7.txt,0.000545,31,31
adapted_instance10_m=2_n=8_l=15_c=5_s=0_8.txt,0.000559,31,31
adapted_instance10_m=2_n=8_l=15_c=5_s=0_9.txt,0.000543,31,31
adapted_instance10_m=2_n=8_l=15_c=5_s=0_10.txt,0.00054,31,31
adapted_instance112_m=2_n=8_l=15_c=10_s=0_1.txt,0.001062,54,52
adapted_instance112_m=2_n=8_l=15_c=10_s=0_2.txt,0.000578,52,52
adapted_instance112_m=2_n=8_l=15_c=10_s=0_3.txt,0.001103,55,52
adapted_instance112_m=2_n=8_l=15_c=10_s=0_4.txt,0.00114,54,52
adapted_instance112_m=2_n=8_l=15_c=10_s=0_5.txt,0.001615,55,52
adapted_instance112_m=2_n=8_l=15_c=10_s=0_6.txt,0.001075,54,52
adapted_instance112_m=2_n=8_l=15_c=10_s=0_7.txt,0.001122,53,52
adapted_instance112_m=2_n=8_l=15_c=10_s=0_8.txt,0.001092,55,52
adapted_instance112_m=2_n=8_l=15_c=10_s=0_9.txt,0.001122,55,52
adapted_instance112_m=2_n=8_l=15_c=10_s=0_10.txt,0.001199,53,52
adapted_instance114_m=2_n=8_l=15_c=10_s=2_1.txt,0.001329,52,51
adapted_instance114_m=2_n=8_l=15_c=10_s=2_2.txt,0.001103,52,51
adapted_instance114_m=2_n=8_l=15_c=10_s=2_3.txt,0.000594,51,51
adapted_instance114_m=2_n=8_l=15_c=10_s=2_4.txt,0.001112,52,51
adapted_instance114_m=2_n=8_l=15_c=10_s=2_5.txt,0.001582,53,51
adapted_instance114_m=2_n=8_l=15_c=10_s=2_6.txt,0.000619,51,51
adapted_instance114_m=2_n=8_l=15_c=10_s=2_7.txt,0.001126,52,51
adapted_instance114_m=2_n=8_l=15_c=10_s=2_8.txt,0.001109,53,51
adapted_instance114_m=2_n=8_l=15_c=10_s=2_9.txt,0.001144,53,51
adapted_instance114_m=2_n=8_l=15_c=10_s=2_10.txt,0.001033,52,51
adapted_instance116_m=2_n=8_l=15_c=10_s=1_1.txt,0.001145,52,50
adapted_instance116_m=2_n=8_l=15_c=10_s=1_2.txt,0.001179,51,50
adapted_instance116_m=2_n=8_l=15_c=10_s=1_3.txt,0.001637,52,50
adapted_instance116_m=2_n=8_l=15_c=10_s=1_4.txt,0.001068,51,50
adapted_instance116_m=2_n=8_l=15_c=10_s=1_5.txt,0.001049,51,50
adapted_instance116_m=2_n=8_l=15_c=10_s=1_6.txt,0.001113,51,50
adapted_instance116_m=2_n=8_l=15_c=10_s=1_7.txt,0.001109,52,50
adapted_instance116_m=2_n=8_l=15_c=10_s=1_8.txt,0.001067,51,50
adapted_instance116_m=2_n=8_l=15_c=10_s=1_9.txt,0.00128,51,50
adapted_instance116_m=2_n=8_l=15_c=10_s=1_10.txt,0.001098,52,50
adapted_instance118_m=2_n=8_l=15_c=10_s=0_1.txt,0.001624,50,45
adapted_instance118_m=2_n=8_l=15_c=10_s=0_2.txt,0.002704,53,45
adapted_instance118_m=2_n=8_l=15_c=10_s=0_3.txt,0.002211,49,45
adapted_instance118_m=2_n=8_l=15_c=10_s=0_4.txt,0.001645,50,45
adapted_instance118_m=2_n=8_l=15_c=10_s=0_5.txt,0.00218,52,45
adapted_instance118_m=2_n=8_l=15_c=10_s=0_6.txt,0.002217,51,45
adapted_instance118_m=2_n=8_l=15_c=10_s=0_7.txt,0.002326,48,45
adapted_instance118_m=2_n=8_l=15_c=10_s=0_8.txt,0.001632,49,45
adapted_instance118_m=2_n=8_l=15_c=10_s=0_9.txt,0.001075,47,46
adapted_instance118_m=2_n=8_l=15_c=10_s=0_10.txt,0.001058,51,46
adapted_instance120_m=2_n=8_l=15_c=10_s=2_1.txt,0.001595,45,40
adapted_instance120_m=2_n=8_l=15_c=10_s=2_2.txt,0.00162,43,40
adapted_instance120_m=2_n=8_l=15_c=10_s=2_3.txt,0.000614,42,42
adapted_instance120_m=2_n=8_l=15_c=10_s=2_4.txt,0.001569,43,40
adapted_instance120_m=2_n=8_l=15_c=10_s=2_5.txt,0.001588,42,40
adapted_instance120_m=2_n=8_l=15_c=10_s=2_6.txt,0.001102,42,41
adapted_instance120_m=2_n=8_l=15_c=10_s=2_7.txt,0.00162,46,40
adapted_instance120_m=2_n=8_l=15_c=10_s=2_8.txt,0.001732,43,39
adapted_instance120_m=2_n=8_l=15_c=10_s=2_9.txt,0.001609,44,39
adapted_instance120_m=2_n=8_l=15_c=10_s=2_10.txt,0.002108,44,40
adapted_instance122_m=2_n=8_l=20_c=10_s=1_1.txt,0.001583,61,59
adapted_instance122_m=2_n=8_l=20_c=10_s=1_2.txt,0.001607,61,59
adapted_instance122_m=2_n=8_l=20_c=10_s=1_3.txt,0.000892,59,59
adapted_instance122_m=2_n=8_l=20_c=10_s=1_4.txt,0.001621,61,59
adapted_instance122_m=2_n=8_l=20_c=10_s=1_5.txt,0.000843,60,60
adapted_instance122_m=2_n=8_l=20_c=10_s=1_6.txt,0.001765,60,59
adapted_instance122_m=2_n=8_l=20_c=10_s=1_7.txt,0.000825,59,59
adapted_instance122_m=2_n=8_l=20_c=10_s=1_8.txt,0.001558,62,59
adapted_instance122_m=2_n=8_l=20_c=10_s=1_9.txt,0.001592,61,59
adapted_instance122_m=2_n=8_l=20_c=10_s=1_10.txt,0.00228,62,59
adapted_instance124_m=2_n=8_l=20_c=10_s=0_1.txt,0.001572,61,60
adapted_instance124_m=2_n=8_l=20_c=10_s=0_2.txt,0.001525,62,60
adapted_instance124_m=2_n=8_l=20_c=10_s=0_3.txt,0.001608,62,60
adapted_instance124_m=2_n=8_l=20_c=10_s=0_4.txt,0.001611,62,60
adapted_instance124_m=2_n=8_l=20_c=10_s=0_5.txt,0.001553,62,60
adapted_instance124_m=2_n=8_l=20_c=10_s=0_6.txt,0.001598,62,60
adapted_instance124_m=2_n=8_l=20_c=10_s=0_7.txt,0.001578,62,60
adapted_instance124_m=2_n=8_l=20_c=10_s=0_8.txt,0.001548,61,60
adapted_instance124_m=2_n=8_l=20_c=10_s=0_9.txt,0.001639,62,60
adapted_instance124_m=2_n=8_l=20_c=10_s=0_10.txt,0.001558,62,60
adapted_instance126_m=2_n=8_l=20_c=10_s=2_1.txt,0.001579,56,52
adapted_instance126_m=2_n=8_l=20_c=10_s=2_2.txt,0.002409,59,51
adapted_instance126_m=2_n=8_l=20_c=10_s=2_3.txt,0.003016,60,51
adapted_instance126_m=2_n=8_l=20_c=10_s=2_4.txt,0.002322,53,50
adapted_instance126_m=2_n=8_l=20_c=10_s=2_5.txt,0.002285,56,50
adapted_instance126_m=2_n=8_l=20_c=10_s=2_6.txt,0.00238,56,51
adapted_instance126_m=2_n=8_l=20_c=10_s=2_7.txt,0.002372,57,51
adapted_instance126_m=2_n=8_l=20_c=10_s=2_8.txt,0.003139,59,50
adapted_instance126_m=2_n=8_l=20_c=10_s=2_9.txt,0.002269,57,50
adapted_instance126_m=2_n=8_l=20_c=10_s=2_10.txt,0.003165,57,50
adapted_instance128_m=2_n=8_l=20_c=10_s=1_1.txt,0.001535,63,61
adapted_instance128_m=2_n=8_l=20_c=10_s=1_2.txt,0.001576,62,61
adapted_instance128_m=2_n=8_l=20_c=10_s=1_3.txt,0.001541,62,61
adapted_instance128_m=2_n=8_l=20_c=10_s=1_4.txt,0.000836,61,61
adapted_instance128_m=2_n=8_l=20_c=10_s=1_5.txt,0.001599,62,61
adapted_instance128_m=2_n=8_l=20_c=10_s=1_6.txt,0.001627,62,61
adapted_instance128_m=2_n=8_l=20_c=10_s=1_7.txt,0.000873,61,61
adapted_instance128_m=2_n=8_l=20_c=10_s=1_8.txt,0.000848,61,61
adapted_instance128_m=2_n=8_l=20_c=10_s=1_9.txt,0.001567,62,61
adapted_instance128_m=2_n=8_l=20_c=10_s=1_10.txt,0.001566,62,61
adapted_instance12_m=2_n=8_l=15_c=5_s=2_1.txt,0.000564,32,32
adapted_instance12_m=2_n=8_l=15_c=5_s=2_2.txt,0.000555,32,32
adapted_instance12_m=2_n=8_l=15_c=5_s=2_3.txt,0.000542,32,32
adapted_instance12_m=2_n=8_l=15_c=5_s=2_4.txt,0.000544,32,32
adapted_instance12_m=2_n=8_l=15_c=5_s=2_5.txt,0.000536,32,32
adapted_instance12_m=2_n=8_l=15_c=5_s=2_6.txt,0.000538,32,32
adapted_instance12_m=2_n=8_l=15_c=5_s=2_7.txt,0.000536,32,32
adapted_instance12_m=2_n=8_l=15_c=5_s=2_8.txt,0.000543,32,32
adapted_instance12_m=2_n=8_l=15_c=5_s=2_9.txt,0.000588,32,32
adapted_instance12_m=2_n=8_l=15_c=5_s=2_10.txt,0.000545,32,32
adapted_instance14_m=2_n=8_l=15_c=5_s=1_1.txt,0.000592,31,31
adapted_instance14_m=2_n=8_l=15_c=5_s=1_2.txt,0.001038,32,31
adapted_instance14_m=2_n=8_l=15_c=5_s=1_3.txt,0.000562,31,31
adapted_instance14_m=2_n=8_l=15_c=5_s=1_4.txt,0.000545,31,31
adapted_instance14_m=2_n=8_l=15_c=5_s=1_5.txt,0.001024,32,31
adapted_instance14_m=2_n=8_l=15_c=5_s=1_6.txt,0.000555,31,31
adapted_instance14_m=2_n=8_l=15_c=5_s=1_7.txt,0.000557,31,31
adapted_instance14_m=2_n=8_l=15_c=5_s=1_8.txt,0.000556,31,31
adapted_instance14_m=2_n=8_l=15_c=5_s=1_9.txt,0.001012,32,31
adapted_instance14_m=2_n=8_l=15_c=5_s=1_10.txt,0.001008,32,31
adapted_instance154_m=2_n=8_l=20_c=15_s=0_1.txt,0.002039,56,53
adapted_instance154_m=2_n=8_l=20_c=15_s=0_2.txt,0.001401,56,55
adapted_instance154_m=2_n=8_l=20_c=15_s=0_3.txt,0.002738,60,53
adapted_instance154_m=2_n=8_l=20_c=15_s=0_4.txt,0.001396,54,53
adapted_instance154_m=2_n=8_l=20_c=15_s=0_5.txt,0.001508,62,55
adapted_instance154_m=2_n=8_l=20_c=15_s=0_6.txt,0.002019,58,53
adapted_instance154_m=2_n=8_l=20_c=15_s=0_7.txt,0.001411,56,55
adapted_instance154_m=2_n=8_l=20_c=15_s=0_8.txt,0.001972,59,53
adapted_instance154_m=2_n=8_l=20_c=15_s=0_9.txt,0.003461,60,53
adapted_instance154_m=2_n=8_l=20_c=15_s=0_10.txt,0.000709,53,53
adapted_instance156_m=2_n=8_l=20_c=15_s=2_1.txt,0.002709,59,51
adapted_instance156_m=2_n=8_l=20_c=15_s=2_2.txt,0.00199,56,51
adapted_instance156_m=2_n=8_l=20_c=15_s=2_3.txt,0.002031,55,51
adapted_instance156_m=2_n=8_l=20_c=15_s=2_4.txt,0.002165,56,51
adapted_instance156_m=2_n=8_l=20_c=15_s=2_5.txt,0.002095,54,51
adapted_instance156_m=2_n=8_l=20_c=15_s=2_6.txt,0.001388,56,52
adapted_instance156_m=2_n=8_l=20_c=15_s=2_7.txt,0.002019,59,52
adapted_instance156_m=2_n=8_l=20_c=15_s=2_8.txt,0.002696,58,51
adapted_instance156_m=2_n=8_l=20_c=15_s=2_9.txt,0.001944,56,52
adapted_instance156_m=2_n=8_l=20_c=15_s=2_10.txt,0.001419,53,51
adapted_instance158_m=2_n=8_l=20_c=15_s=1_1.txt,0.00137,74,69
adapted_instance158_m=2_n=8_l=20_c=15_s=1_2.txt,0.002021,71,68
adapted_instance158_m=2_n=8_l=20_c=15_s=1_3.txt,0.00142,73,69
adapted_instance158_m=2_n=8_l=20_c=15_s=1_4.txt,0.001413,71,68
adapted_instance158_m=2_n=8_l=20_c=15_s=1_5.txt,0.000757,68,68
adapted_instance158_m=2_n=8_l=20_c=15_s=1_6.txt,0.001365,70,69
adapted_instance158_m=2_n=8_l=20_c=15_s=1_7.txt,0.002043,70,67
adapted_instance158_m=2_n=8_l=20_c=15_s=1_8.txt,0.001388,71,69
adapted_instance158_m=2_n=8_l=20_c=15_s=1_9.txt,0.002068,72,69
adapted_instance158_m=2_n=8_l=20_c=15_s=1_10.txt,0.001488,71,68
adapted_instance160_m=2_n=8_l=20_c=15_s=0_1.txt,0.001362,74,69
adapted_instance160_m=2_n=8_l=20_c=15_s=0_2.txt,0.001377,72,69
adapted_instance160_m=2_n=8_l=20_c=15_s=0_3.txt,0.001331,72,69
adapted_instance160_m=2_n=8_l=20_c=15_s=0_4.txt,0.000769,69,69
adapted_instance160_m=2_n=8_l=20_c=15_s=0_5.txt,0.001327,70,69
adapted_instance160_m=2_n=8_l=20_c=15_s=0_6.txt,0.001465,72,69
adapted_instance160_m=2_n=8_l=20_c=15_s=0_7.txt,0.001423,72,69
adapted_instance160_m=2_n=8_l=20_c=15_s=0_8.txt,0.002002,78,69
adapted_instance160_m=2_n=8_l=20_c=15_s=0_9.txt,0.002056,73,69
adapted_instance160_m=2_n=8_l=20_c=15_s=0_10.txt,0.002036,77,69
adapted_instance162_m=2_n=8_l=20_c=15_s=2_1.txt,0.002057,72,68
adapted_instance162_m=2_n=8_l=20_c=15_s=2_2.txt,0.00206,78,69
adapted_instance162_m=2_n=8_l=20_c=15_s=2_3.txt,0.001433,77,69
adapted_instance162_m=2_n=8_l=20_c=15_s=2_4.txt,0.002042,71,68
adapted_instance162_m=2_n=8_l=20_c=15_s=2_5.txt,0.002004,74,69
adapted_instance162_m=2_n=8_l=20_c=15_s=2_6.txt,0.002189,78,70
adapted_instance162_m=2_n=8_l=20_c=15_s=2_7.txt,0.002122,77,69
adapted_instance162_m=2_n=8_l=20_c=15_s=2_8.txt,0.002767,77,68
adapted_instance162_m=2_n=8_l=20_c=15_s=2_9.txt,0.001344,70,69
adapted_instance162_m=2_n=8_l=20_c=15_s=2_10.txt,0.002128,76,68
adapted_instance166_m=2_n=8_l=20_c=15_s=0_1.txt,0.00271,65,59
adapted_instance166_m=2_n=8_l=20_c=15_s=0_2.txt,0.002722,65,60
adapted_instance166_m=2_n=8_l=20_c=15_s=0_3.txt,0.002082,66,59
adapted_instance166_m=2_n=8_l=20_c=15_s=0_4.txt,0.001439,68,61
adapted_instance166_m=2_n=8_l=20_c=15_s=0_5.txt,0.002876,62,59
adapted_instance166_m=2_n=8_l=20_c=15_s=0_6.txt,0.001497,61,59
adapted_instance166_m=2_n=8_l=20_c=15_s=0_7.txt,0.002097,66,60
adapted_instance166_m=2_n=8_l=20_c=15_s=0_8.txt,0.002142,64,59
adapted_instance166_m=2_n=8_l=20_c=15_s=0_9.txt,0.002661,66,59
adapted_instance166_m=2_n=8_l=20_c=15_s=0_10.txt,0.002054,65,60
adapted_instance16_m=2_n=8_l=15_c=5_s=0_1.txt,0.00053,31,31
adapted_instance16_m=2_n=8_l=15_c=5_s=0_2.txt,0.000535,31,31
adapted_instance16_m=2_n=8_l=15_c=5_s=0_3.txt,0.000977,32,31
adapted_instance16_m=2_n=8_l=15_c=5_s=0_4.txt,0.001014,32,31
adapted_instance16_m=2_n=8_l=15_c=5_s=0_5.txt,0.000581,31,31
adapted_instance16_m=2_n=8_l=15_c=5_s=0_6.txt,0.001028,32,31
adapted_instance16_m=2_n=8_l=15_c=5_s=0_7.txt,0.000543,31,31
adapted_instance16_m=2_n=8_l=15_c=5_s=0_8.txt,0.001005,32,31
adapted_instance16_m=2_n=8_l=15_c=5_s=0_9.txt,0.001002,32,31
adapted_instance16_m=2_n=8_l=15_c=5_s=0_10.txt,0.001031,32,31
adapted_instance172_m=2_n=8_l=20_c=15_s=0_1.txt,0.00346,59,50
adapted_instance172_m=2_n=8_l=20_c=15_s=0_2.txt,0.002089,57,50
adapted_instance172_m=2_n=8_l=20_c=15_s=0_3.txt,0.002048,60,51
adapted_instance172_m=2_n=8_l=20_c=15_s=0_4.txt,0.002072,54,52
adapted_instance172_m=2_n=8_l=20_c=15_s=0_5.txt,0.002796,58,50
adapted_instance172_m=2_n=8_l=20_c=15_s=0_6.txt,0.002064,57,49
adapted_instance172_m=2_n=8_l=20_c=15_s=0_7.txt,0.003585,61,50
adapted_instance172_m=2_n=8_l=20_c=15_s=0_8.txt,0.001425,57,51
adapted_instance172_m=2_n=8_l=20_c=15_s=0_9.txt,0.001479,58,51
adapted_instance172_m=2_n=8_l=20_c=15_s=0_10.txt,0.003294,59,50
adapted_instance178_m=2_n=8_l=20_c=15_s=0_1.txt,0.00222,48,45
adapted_instance178_m=2_n=8_l=20_c=15_s=0_2.txt,0.00351,54,44
adapted_instance178_m=2_n=8_l=20_c=15_s=0_3.txt,0.001989,54,45
adapted_instance178_m=2_n=8_l=20_c=15_s=0_4.txt,0.002033,51,43
adapted_instance178_m=2_n=8_l=20_c=15_s=0_5.txt,0.002891,52,44
adapted_instance178_m=2_n=8_l=20_c=15_s=0_6.txt,0.003727,50,45
adapted_instance178_m=2_n=8_l=20_c=15_s=0_7.txt,0.00279,51,44
adapted_instance178_m=2_n=8_l=20_c=15_s=0_8.txt,0.002205,51,46
adapted_instance178_m=2_n=8_l=20_c=15_s=0_9.txt,0.002692,46,43
adapted_instance178_m=2_n=8_l=20_c=15_s=0_10.txt,0.000791,45,45
adapted_instance180_m=2_n=8_l=20_c=15_s=2_1.txt,0.003294,51,47
adapted_instance180_m=2_n=8_l=20_c=15_s=2_2.txt,0.001391,53,47
adapted_instance180_m=2_n=8_l=20_c=15_s=2_3.txt,0.00141,54,49
adapted_instance180_m=2_n=8_l=20_c=15_s=2_4.txt,0.002122,51,47
adapted_instance180_m=2_n=8_l=20_c=15_s=2_5.txt,0.002789,54,47
adapted_instance180_m=2_n=8_l=20_c=15_s=2_6.txt,0.001992,50,46
adapted_instance180_m=2_n=8_l=20_c=15_s=2_7.txt,0.002129,55,47
adapted_instance180_m=2_n=8_l=20_c=15_s=2_8.txt,0.002688,52,47
adapted_instance180_m=2_n=8_l=20_c=15_s=2_9.txt,0.000769,48,48
adapted_instance180_m=2_n=8_l=20_c=15_s=2_10.txt,0.002746,54,47
adapted_instance220_m=2_n=8_l=20_c=15_s=0_1.txt,0.003824,63,55
adapted_instance220_m=2_n=8_l=20_c=15_s=0_2.txt,0.002354,66,56
adapted_instance220_m=2_n=8_l=20_c=15_s=0_3.txt,0.001645,62,57
adapted_instance220_m=2_n=8_l=20_c=15_s=0_4.txt,0.002226,62,55
adapted_instance220_m=2_n=8_l=20_c=15_s=0_5.txt,0.002238,60,54
adapted_instance220_m=2_n=8_l=20_c=15_s=0_6.txt,0.003934,68,54
adapted_instance220_m=2_n=8_l=20_c=15_s=0_7.txt,0.002249,60,55
adapted_instance220_m=2_n=8_l=20_c=15_s=0_8.txt,0.002283,60,54
adapted_instance220_m=2_n=8_l=20_c=15_s=0_9.txt,0.00233,61,53
adapted_instance220_m=2_n=8_l=20_c=15_s=0_10.txt,0.002357,62,56
adapted_instance222_m=2_n=8_l=20_c=15_s=2_1.txt,0.002899,67,55
adapted_instance222_m=2_n=8_l=20_c=15_s=2_2.txt,0.002999,63,56
adapted_instance222_m=2_n=8_l=20_c=15_s=2_3.txt,0.002307,64,56
adapted_instance222_m=2_n=8_l=20_c=15_s=2_4.txt,0.002375,62,55
adapted_instance222_m=2_n=8_l=20_c=15_s=2_5.txt,0.002286,60,54
adapted_instance222_m=2_n=8_l=20_c=15_s=2_6.txt,0.003022,65,55
adapted_instance222_m=2_n=8_l=20_c=15_s=2_7.txt,0.002287,64,56
adapted_instance222_m=2_n=8_l=20_c=15_s=2_8.txt,0.00312,70,55
adapted_instance222_m=2_n=8_l=20_c=15_s=2_9.txt,0.003783,67,55
adapted_instance222_m=2_n=8_l=20_c=15_s=2_10.txt,0.003088,64,55
adapted_instance224_m=2_n=8_l=20_c=15_s=1_1.txt,0.002905,74,71
adapted_instance224_m=2_n=8_l=20_c=15_s=1_2.txt,0.002279,76,74
adapted_instance224_m=2_n=8_l=20_c=15_s=1_3.txt,0.002402,76,73
adapted_instance224_m=2_n=8_l=20_c=15_s=1_4.txt,0.002332,76,74
adapted_instance224_m=2_n=8_l=20_c=15_s=1_5.txt,0.002354,78,73
adapted_instance224_m=2_n=8_l=20_c=15_s=1_6.txt,0.002925,77,71
adapted_instance224_m=2_n=8_l=20_c=15_s=1_7.txt,0.002458,79,72
adapted_instance224_m=2_n=8_l=20_c=15_s=1_8.txt,0.002237,80,72
adapted_instance224_m=2_n=8_l=20_c=15_s=1_9.txt,0.002333,79,74
adapted_instance224_m=2_n=8_l=20_c=15_s=1_10.txt,0.002251,78,73
adapted_instance226_m=2_n=8_l=20_c=15_s=0_1.txt,0.001584,71,67
adapted_instance226_m=2_n=8_l=20_c=15_s=0_2.txt,0.001525,68,65
adapted_instance226_m=2_n=8_l=20_c=15_s=0_3.txt,0.002276,72,65
adapted_instance226_m=2_n=8_l=20_c=15_s=0_4.txt,0.002244,75,66
adapted_instance226_m=2_n=8_l=20_c=15_s=0_5.txt,0.002997,72,66
adapted_instance226_m=2_n=8_l=20_c=15_s=0_6.txt,0.003709,71,65
adapted_instance226_m=2_n=8_l=20_c=15_s=0_7.txt,0.000838,68,68
adapted_instance226_m=2_n=8_l=20_c=15_s=0_8.txt,0.001544,73,66
adapted_instance226_m=2_n=8_l=20_c=15_s=0_9.txt,0.002355,68,65
adapted_instance226_m=2_n=8_l=20_c=15_s=0_10.txt,0.001644,69,66
adapted_instance76_m=2_n=8_l=15_c=10_s=0_1.txt,0.002115,45,37
adapted_instance76_m=2_n=8_l=15_c=10_s=0_2.txt,0.002138,47,37
adapted_instance76_m=2_n=8_l=15_c=10_s=0_3.txt,0.001571,42,38
adapted_instance76_m=2_n=8_l=15_c=10_s=0_4.txt,0.001674,44,38
adapted_instance76_m=2_n=8_l=15_c=10_s=0_5.txt,0.001124,41,36
adapted_instance76_m=2_n=8_l=15_c=10_s=0_6.txt,0.001574,39,37
adapted_instance76_m=2_n=8_l=15_c=10_s=0_7.txt,0.001609,42,38
adapted_instance76_m=2_n=8_l=15_c=10_s=0_8.txt,0.002109,42,37
adapted_instance76_m=2_n=8_l=15_c=10_s=0_9.txt,0.000594,40,40
adapted_instance76_m=2_n=8_l=15_c=10_s=0_10.txt,0.001144,41,38
adapted_instance94_m=2_n=8_l=15_c=10_s=0_1.txt,0.001601,41,35
adapted_instance94_m=2_n=8_l=15_c=10_s=0_2.txt,0.00157,39,34
adapted_instance94_m=2_n=8_l=15_c=10_s=0_3.txt,0.001087,38,35
adapted_instance94_m=2_n=8_l=15_c=10_s=0_4.txt,0.00109,38,36
adapted_instance94_m=2_n=8_l=15_c=10_s=0_5.txt,0.001614,38,35
adapted_instance94_m=2_n=8_l=15_c=10_s=0_6.txt,0.001596,37,35
adapted_instance94_m=2_n=8_l=15_c=10_s=0_7.txt,0.001618,37,34
adapted_instance94_m=2_n=8_l=15_c=10_s=0_8.txt,0.001137,37,35
adapted_instance94_m=2_n=8_l=15_c=10_s=0_9.txt,0.0006,36,36
adapted_instance94_m=2_n=8_l=15_c=10_s=0_10.txt,0.001589,38,35
adapted_instance96_m=2_n=8_l=15_c=10_s=2_1.txt,0.001177,38,34
adapted_instance96_m=2_n=8_l=15_c=10_s=2_2.txt,0.001118,37,34
adapted_instance96_m=2_n=8_l=15_c=10_s=2_3.txt,0.001162,36,35
adapted_instance96_m=2_n=8_l=15_c=10_s=2_4.txt,0.001647,36,34
adapted_instance96_m=2_n=8_l=15_c=10_s=2_5.txt,0.00164,40,35
adapted_instance96_m=2_n=8_l=15_c=10_s=2_6.txt,0.001675,39,34
adapted_instance96_m=2_n=8_l=15_c=10_s=2_7.txt,0.002257,37,33
adapted_instance96_m=2_n=8_l=15_c=10_s=2_8.txt,0.001639,37,34
adapted_instance96_m=2_n=8_l=15_c=10_s=2_9.txt,0.001639,38,34
adapted_instance96_m=2_n=8_l=15_c=10_s=2_10.txt,0.001565,40,34
adapted_instance98_m=2_n=8_l=15_c=10_s=1_1.txt,0.001101,42,40
adapted_instance98_m=2_n=8_l=15_c=10_s=1_2.txt,0.001096,41,39
adapted_instance98_m=2_n=8_l=15_c=10_s=1_3.txt,0.001584,43,39
adapted_instance98_m=2_n=8_l=15_c=10_s=1_4.txt,0.001077,41,40
adapted_instance98_m=2_n=8_l=15_c=10_s=1_5.txt,0.001055,41,39
adapted_instance98_m=2_n=8_l=15_c=10_s=1_6.txt,0.001522,42,39
adapted_instance98_m=2_n=8_l=15_c=10_s=1_7.txt,0.001093,43,39
adapted_instance98_m=2_n=8_l=15_c=10_s=1_8.txt,0.001108,41,40
adapted_instance98_m=2_n=8_l=15_c=10_s=1_9.txt,0.002127,44,39
adapted_instance98_m=2_n=8_l=15_c=10_s=1_10.txt,0.001078,42,39
