Instance_Name,Execution_Time,Initial_Solution,Final_Solution
adapted_instance1000_m=3_n=25_l=15_c=10_s=0_1.txt,0.063665,58,52
adapted_instance1000_m=3_n=25_l=15_c=10_s=0_2.txt,0.067199,59,52
adapted_instance1000_m=3_n=25_l=15_c=10_s=0_3.txt,0.054888,58,52
adapted_instance1000_m=3_n=25_l=15_c=10_s=0_4.txt,0.043561,57,52
adapted_instance1000_m=3_n=25_l=15_c=10_s=0_5.txt,0.041979,55,52
adapted_instance1000_m=3_n=25_l=15_c=10_s=0_6.txt,0.053571,58,52
adapted_instance1000_m=3_n=25_l=15_c=10_s=0_7.txt,0.053023,56,51
adapted_instance1000_m=3_n=25_l=15_c=10_s=0_8.txt,0.053466,58,52
adapted_instance1000_m=3_n=25_l=15_c=10_s=0_9.txt,0.053417,59,52
adapted_instance1000_m=3_n=25_l=15_c=10_s=0_10.txt,0.041607,55,51
adapted_instance1002_m=3_n=25_l=15_c=10_s=2_1.txt,0.033047,56,51
adapted_instance1002_m=3_n=25_l=15_c=10_s=2_2.txt,0.05528,54,50
adapted_instance1002_m=3_n=25_l=15_c=10_s=2_3.txt,0.043237,54,49
adapted_instance1002_m=3_n=25_l=15_c=10_s=2_4.txt,0.05522,54,49
adapted_instance1002_m=3_n=25_l=15_c=10_s=2_5.txt,0.052272,55,50
adapted_instance1002_m=3_n=25_l=15_c=10_s=2_6.txt,0.056484,53,49
adapted_instance1002_m=3_n=25_l=15_c=10_s=2_7.txt,0.062236,54,49
adapted_instance1002_m=3_n=25_l=15_c=10_s=2_8.txt,0.054167,56,49
adapted_instance1002_m=3_n=25_l=15_c=10_s=2_9.txt,0.058392,54,50
adapted_instance1002_m=3_n=25_l=15_c=10_s=2_10.txt,0.067352,57,49
adapted_instance1004_m=3_n=25_l=15_c=10_s=1_1.txt,0.065272,58,49
adapted_instance1004_m=3_n=25_l=15_c=10_s=1_2.txt,0.068336,59,51
adapted_instance1004_m=3_n=25_l=15_c=10_s=1_3.txt,0.055688,55,51
adapted_instance1004_m=3_n=25_l=15_c=10_s=1_4.txt,0.055559,60,51
adapted_instance1004_m=3_n=25_l=15_c=10_s=1_5.txt,0.054236,57,51
adapted_instance1004_m=3_n=25_l=15_c=10_s=1_6.txt,0.065108,61,51
adapted_instance1004_m=3_n=25_l=15_c=10_s=1_7.txt,0.05373,55,50
adapted_instance1004_m=3_n=25_l=15_c=10_s=1_8.txt,0.074976,59,50
adapted_instance1004_m=3_n=25_l=15_c=10_s=1_9.txt,0.074377,58,50
adapted_instance1004_m=3_n=25_l=15_c=10_s=1_10.txt,0.065712,59,50
adapted_instance1006_m=3_n=25_l=15_c=10_s=0_1.txt,0.032762,52,51
adapted_instance1006_m=3_n=25_l=15_c=10_s=0_2.txt,0.043651,54,51
adapted_instance1006_m=3_n=25_l=15_c=10_s=0_3.txt,0.044016,54,50
adapted_instance1006_m=3_n=25_l=15_c=10_s=0_4.txt,0.057957,58,51
adapted_instance1006_m=3_n=25_l=15_c=10_s=0_5.txt,0.05286,55,50
adapted_instance1006_m=3_n=25_l=15_c=10_s=0_6.txt,0.056244,55,50
adapted_instance1006_m=3_n=25_l=15_c=10_s=0_7.txt,0.069694,55,50
adapted_instance1006_m=3_n=25_l=15_c=10_s=0_8.txt,0.047191,55,50
adapted_instance1006_m=3_n=25_l=15_c=10_s=0_9.txt,0.043731,56,51
adapted_instance1006_m=3_n=25_l=15_c=10_s=0_10.txt,0.053443,57,51
adapted_instance1008_m=3_n=25_l=15_c=10_s=2_1.txt,0.046624,55,52
adapted_instance1008_m=3_n=25_l=15_c=10_s=2_2.txt,0.042837,58,52
adapted_instance1008_m=3_n=25_l=15_c=10_s=2_3.txt,0.042132,56,53
adapted_instance1008_m=3_n=25_l=15_c=10_s=2_4.txt,0.055218,59,52
adapted_instance1008_m=3_n=25_l=15_c=10_s=2_5.txt,0.046009,55,52
adapted_instance1008_m=3_n=25_l=15_c=10_s=2_6.txt,0.05526,58,52
adapted_instance1008_m=3_n=25_l=15_c=10_s=2_7.txt,0.044327,56,52
adapted_instance1008_m=3_n=25_l=15_c=10_s=2_8.txt,0.044908,56,52
adapted_instance1008_m=3_n=25_l=15_c=10_s=2_9.txt,0.044699,57,52
adapted_instance1008_m=3_n=25_l=15_c=10_s=2_10.txt,0.042707,56,52
adapted_instance1010_m=3_n=25_l=15_c=10_s=1_1.txt,0.059038,62,57
adapted_instance1010_m=3_n=25_l=15_c=10_s=1_2.txt,0.044703,59,57
adapted_instance1010_m=3_n=25_l=15_c=10_s=1_3.txt,0.047522,62,58
adapted_instance1010_m=3_n=25_l=15_c=10_s=1_4.txt,0.055596,60,57
adapted_instance1010_m=3_n=25_l=15_c=10_s=1_5.txt,0.033281,61,59
adapted_instance1010_m=3_n=25_l=15_c=10_s=1_6.txt,0.046662,59,57
adapted_instance1010_m=3_n=25_l=15_c=10_s=1_7.txt,0.044691,60,57
adapted_instance1010_m=3_n=25_l=15_c=10_s=1_8.txt,0.055813,62,57
adapted_instance1010_m=3_n=25_l=15_c=10_s=1_9.txt,0.047329,62,57
adapted_instance1010_m=3_n=25_l=15_c=10_s=1_10.txt,0.045155,61,57
adapted_instance1012_m=3_n=25_l=15_c=10_s=0_1.txt,0.04393,54,50
adapted_instance1012_m=3_n=25_l=15_c=10_s=0_2.txt,0.043224,56,51
adapted_instance1012_m=3_n=25_l=15_c=10_s=0_3.txt,0.055982,56,50
adapted_instance1012_m=3_n=25_l=15_c=10_s=0_4.txt,0.05494,58,51
adapted_instance1012_m=3_n=25_l=15_c=10_s=0_5.txt,0.056441,55,50
adapted_instance1012_m=3_n=25_l=15_c=10_s=0_6.txt,0.043604,54,50
adapted_instance1012_m=3_n=25_l=15_c=10_s=0_7.txt,0.058442,55,50
adapted_instance1012_m=3_n=25_l=15_c=10_s=0_8.txt,0.044379,57,51
adapted_instance1012_m=3_n=25_l=15_c=10_s=0_9.txt,0.041192,53,50
adapted_instance1012_m=3_n=25_l=15_c=10_s=0_10.txt,0.052849,55,50
adapted_instance1014_m=3_n=25_l=15_c=10_s=2_1.txt,0.052639,54,50
adapted_instance1014_m=3_n=25_l=15_c=10_s=2_2.txt,0.063813,54,49
adapted_instance1014_m=3_n=25_l=15_c=10_s=2_3.txt,0.043791,54,50
adapted_instance1014_m=3_n=25_l=15_c=10_s=2_4.txt,0.045748,53,49
adapted_instance1014_m=3_n=25_l=15_c=10_s=2_5.txt,0.056153,54,50
adapted_instance1014_m=3_n=25_l=15_c=10_s=2_6.txt,0.05577,55,49
adapted_instance1014_m=3_n=25_l=15_c=10_s=2_7.txt,0.04495,52,49
adapted_instance1014_m=3_n=25_l=15_c=10_s=2_8.txt,0.043019,54,49
adapted_instance1014_m=3_n=25_l=15_c=10_s=2_9.txt,0.063626,55,49
adapted_instance1014_m=3_n=25_l=15_c=10_s=2_10.txt,0.053816,55,49
adapted_instance1016_m=3_n=25_l=15_c=10_s=1_1.txt,0.054121,51,45
adapted_instance1016_m=3_n=25_l=15_c=10_s=1_2.txt,0.042701,50,46
adapted_instance1016_m=3_n=25_l=15_c=10_s=1_3.txt,0.079781,53,45
adapted_instance1016_m=3_n=25_l=15_c=10_s=1_4.txt,0.044096,49,44
adapted_instance1016_m=3_n=25_l=15_c=10_s=1_5.txt,0.055916,51,44
adapted_instance1016_m=3_n=25_l=15_c=10_s=1_6.txt,0.054559,51,44
adapted_instance1016_m=3_n=25_l=15_c=10_s=1_7.txt,0.054293,54,45
adapted_instance1016_m=3_n=25_l=15_c=10_s=1_8.txt,0.054206,52,44
adapted_instance1016_m=3_n=25_l=15_c=10_s=1_9.txt,0.065118,51,44
adapted_instance1016_m=3_n=25_l=15_c=10_s=1_10.txt,0.062153,52,45
adapted_instance1018_m=3_n=25_l=15_c=10_s=0_1.txt,0.055317,64,56
adapted_instance1018_m=3_n=25_l=15_c=10_s=0_2.txt,0.054822,60,56
adapted_instance1018_m=3_n=25_l=15_c=10_s=0_3.txt,0.033384,61,57
adapted_instance1018_m=3_n=25_l=15_c=10_s=0_4.txt,0.054754,62,57
adapted_instance1018_m=3_n=25_l=15_c=10_s=0_5.txt,0.068485,63,56
adapted_instance1018_m=3_n=25_l=15_c=10_s=0_6.txt,0.057939,60,56
adapted_instance1018_m=3_n=25_l=15_c=10_s=0_7.txt,0.076012,64,56
adapted_instance1018_m=3_n=25_l=15_c=10_s=0_8.txt,0.055266,62,56
adapted_instance1018_m=3_n=25_l=15_c=10_s=0_9.txt,0.056924,64,56
adapted_instance1018_m=3_n=25_l=15_c=10_s=0_10.txt,0.062815,62,56
adapted_instance1020_m=3_n=25_l=15_c=10_s=2_1.txt,0.045745,60,56
adapted_instance1020_m=3_n=25_l=15_c=10_s=2_2.txt,0.043472,61,56
adapted_instance1020_m=3_n=25_l=15_c=10_s=2_3.txt,0.054617,60,56
adapted_instance1020_m=3_n=25_l=15_c=10_s=2_4.txt,0.053875,60,56
adapted_instance1020_m=3_n=25_l=15_c=10_s=2_5.txt,0.044057,61,57
adapted_instance1020_m=3_n=25_l=15_c=10_s=2_6.txt,0.043133,59,56
adapted_instance1020_m=3_n=25_l=15_c=10_s=2_7.txt,0.04277,61,57
adapted_instance1020_m=3_n=25_l=15_c=10_s=2_8.txt,0.03214,62,57
adapted_instance1020_m=3_n=25_l=15_c=10_s=2_9.txt,0.054417,61,57
adapted_instance1020_m=3_n=25_l=15_c=10_s=2_10.txt,0.042855,59,56
adapted_instance1022_m=3_n=25_l=15_c=10_s=1_1.txt,0.058025,69,63
adapted_instance1022_m=3_n=25_l=15_c=10_s=1_2.txt,0.067632,70,61
adapted_instance1022_m=3_n=25_l=15_c=10_s=1_3.txt,0.067106,67,61
adapted_instance1022_m=3_n=25_l=15_c=10_s=1_4.txt,0.055695,71,62
adapted_instance1022_m=3_n=25_l=15_c=10_s=1_5.txt,0.056511,66,61
adapted_instance1022_m=3_n=25_l=15_c=10_s=1_6.txt,0.066264,68,60
adapted_instance1022_m=3_n=25_l=15_c=10_s=1_7.txt,0.05705,67,62
adapted_instance1022_m=3_n=25_l=15_c=10_s=1_8.txt,0.055763,67,61
adapted_instance1022_m=3_n=25_l=15_c=10_s=1_9.txt,0.056156,66,61
adapted_instance1022_m=3_n=25_l=15_c=10_s=1_10.txt,0.05757,68,61
adapted_instance1024_m=3_n=25_l=15_c=10_s=0_1.txt,0.078603,67,61
adapted_instance1024_m=3_n=25_l=15_c=10_s=0_2.txt,0.053213,68,62
adapted_instance1024_m=3_n=25_l=15_c=10_s=0_3.txt,0.057875,68,61
adapted_instance1024_m=3_n=25_l=15_c=10_s=0_4.txt,0.067199,69,61
adapted_instance1024_m=3_n=25_l=15_c=10_s=0_5.txt,0.046416,68,60
adapted_instance1024_m=3_n=25_l=15_c=10_s=0_6.txt,0.054901,64,60
adapted_instance1024_m=3_n=25_l=15_c=10_s=0_7.txt,0.070353,67,60
adapted_instance1024_m=3_n=25_l=15_c=10_s=0_8.txt,0.057135,65,60
adapted_instance1024_m=3_n=25_l=15_c=10_s=0_9.txt,0.079848,70,60
adapted_instance1024_m=3_n=25_l=15_c=10_s=0_10.txt,0.056389,69,60
adapted_instance1026_m=3_n=25_l=15_c=10_s=2_1.txt,0.055121,67,59
adapted_instance1026_m=3_n=25_l=15_c=10_s=2_2.txt,0.079374,69,58
adapted_instance1026_m=3_n=25_l=15_c=10_s=2_3.txt,0.057304,65,58
adapted_instance1026_m=3_n=25_l=15_c=10_s=2_4.txt,0.066907,65,58
adapted_instance1026_m=3_n=25_l=15_c=10_s=2_5.txt,0.060401,66,58
adapted_instance1026_m=3_n=25_l=15_c=10_s=2_6.txt,0.047495,68,60
adapted_instance1026_m=3_n=25_l=15_c=10_s=2_7.txt,0.067066,65,58
adapted_instance1026_m=3_n=25_l=15_c=10_s=2_8.txt,0.04646,66,61
adapted_instance1026_m=3_n=25_l=15_c=10_s=2_9.txt,0.045544,66,59
adapted_instance1026_m=3_n=25_l=15_c=10_s=2_10.txt,0.05645,66,60
adapted_instance1030_m=3_n=25_l=15_c=10_s=0_1.txt,0.045031,60,55
adapted_instance1030_m=3_n=25_l=15_c=10_s=0_2.txt,0.043738,59,55
adapted_instance1030_m=3_n=25_l=15_c=10_s=0_3.txt,0.081187,63,55
adapted_instance1030_m=3_n=25_l=15_c=10_s=0_4.txt,0.041673,60,55
adapted_instance1030_m=3_n=25_l=15_c=10_s=0_5.txt,0.068276,63,55
adapted_instance1030_m=3_n=25_l=15_c=10_s=0_6.txt,0.054318,61,54
adapted_instance1030_m=3_n=25_l=15_c=10_s=0_7.txt,0.056875,63,56
adapted_instance1030_m=3_n=25_l=15_c=10_s=0_8.txt,0.04511,60,55
adapted_instance1030_m=3_n=25_l=15_c=10_s=0_9.txt,0.056963,58,54
adapted_instance1030_m=3_n=25_l=15_c=10_s=0_10.txt,0.050031,59,56
adapted_instance1032_m=3_n=25_l=15_c=10_s=2_1.txt,0.055,66,60
adapted_instance1032_m=3_n=25_l=15_c=10_s=2_2.txt,0.063952,65,59
adapted_instance1032_m=3_n=25_l=15_c=10_s=2_3.txt,0.06391,66,59
adapted_instance1032_m=3_n=25_l=15_c=10_s=2_4.txt,0.032659,61,60
adapted_instance1032_m=3_n=25_l=15_c=10_s=2_5.txt,0.068319,65,58
adapted_instance1032_m=3_n=25_l=15_c=10_s=2_6.txt,0.057467,63,59
adapted_instance1032_m=3_n=25_l=15_c=10_s=2_7.txt,0.068613,67,59
adapted_instance1032_m=3_n=25_l=15_c=10_s=2_8.txt,0.044479,65,60
adapted_instance1032_m=3_n=25_l=15_c=10_s=2_9.txt,0.056896,64,59
adapted_instance1032_m=3_n=25_l=15_c=10_s=2_10.txt,0.066348,66,58
adapted_instance1034_m=3_n=25_l=15_c=10_s=1_1.txt,0.077753,59,50
adapted_instance1034_m=3_n=25_l=15_c=10_s=1_2.txt,0.06004,59,49
adapted_instance1034_m=3_n=25_l=15_c=10_s=1_3.txt,0.079902,59,49
adapted_instance1034_m=3_n=25_l=15_c=10_s=1_4.txt,0.054509,54,51
adapted_instance1034_m=3_n=25_l=15_c=10_s=1_5.txt,0.077677,59,48
adapted_instance1034_m=3_n=25_l=15_c=10_s=1_6.txt,0.055764,56,49
adapted_instance1034_m=3_n=25_l=15_c=10_s=1_7.txt,0.068797,58,51
adapted_instance1034_m=3_n=25_l=15_c=10_s=1_8.txt,0.065708,58,50
adapted_instance1034_m=3_n=25_l=15_c=10_s=1_9.txt,0.056237,57,51
adapted_instance1034_m=3_n=25_l=15_c=10_s=1_10.txt,0.057984,56,51
adapted_instance1040_m=3_n=25_l=15_c=10_s=1_1.txt,0.057761,70,64
adapted_instance1040_m=3_n=25_l=15_c=10_s=1_2.txt,0.044529,68,64
adapted_instance1040_m=3_n=25_l=15_c=10_s=1_3.txt,0.054553,69,64
adapted_instance1040_m=3_n=25_l=15_c=10_s=1_4.txt,0.056519,70,63
adapted_instance1040_m=3_n=25_l=15_c=10_s=1_5.txt,0.054799,68,62
adapted_instance1040_m=3_n=25_l=15_c=10_s=1_6.txt,0.045785,67,63
adapted_instance1040_m=3_n=25_l=15_c=10_s=1_7.txt,0.044065,71,64
adapted_instance1040_m=3_n=25_l=15_c=10_s=1_8.txt,0.045356,71,64
adapted_instance1040_m=3_n=25_l=15_c=10_s=1_9.txt,0.05609,66,63
adapted_instance1040_m=3_n=25_l=15_c=10_s=1_10.txt,0.068932,71,63
adapted_instance1042_m=3_n=25_l=15_c=10_s=0_1.txt,0.067743,59,51
adapted_instance1042_m=3_n=25_l=15_c=10_s=0_2.txt,0.067555,59,51
adapted_instance1042_m=3_n=25_l=15_c=10_s=0_3.txt,0.057037,55,50
adapted_instance1042_m=3_n=25_l=15_c=10_s=0_4.txt,0.065426,58,50
adapted_instance1042_m=3_n=25_l=15_c=10_s=0_5.txt,0.042914,55,51
adapted_instance1042_m=3_n=25_l=15_c=10_s=0_6.txt,0.066019,56,51
adapted_instance1042_m=3_n=25_l=15_c=10_s=0_7.txt,0.066592,60,51
adapted_instance1042_m=3_n=25_l=15_c=10_s=0_8.txt,0.045143,58,51
adapted_instance1042_m=3_n=25_l=15_c=10_s=0_9.txt,0.077952,59,51
adapted_instance1042_m=3_n=25_l=15_c=10_s=0_10.txt,0.04336,58,51
adapted_instance1044_m=3_n=25_l=15_c=10_s=2_1.txt,0.065764,58,50
adapted_instance1044_m=3_n=25_l=15_c=10_s=2_2.txt,0.064275,60,50
adapted_instance1044_m=3_n=25_l=15_c=10_s=2_3.txt,0.066821,59,51
adapted_instance1044_m=3_n=25_l=15_c=10_s=2_4.txt,0.056349,57,52
adapted_instance1044_m=3_n=25_l=15_c=10_s=2_5.txt,0.079253,57,50
adapted_instance1044_m=3_n=25_l=15_c=10_s=2_6.txt,0.07786,60,50
adapted_instance1044_m=3_n=25_l=15_c=10_s=2_7.txt,0.064512,60,50
adapted_instance1044_m=3_n=25_l=15_c=10_s=2_8.txt,0.056289,58,51
adapted_instance1044_m=3_n=25_l=15_c=10_s=2_9.txt,0.074428,58,50
adapted_instance1044_m=3_n=25_l=15_c=10_s=2_10.txt,0.055571,59,50
adapted_instance1046_m=3_n=25_l=15_c=10_s=1_1.txt,0.077365,60,53
adapted_instance1046_m=3_n=25_l=15_c=10_s=1_2.txt,0.058197,58,52
adapted_instance1046_m=3_n=25_l=15_c=10_s=1_3.txt,0.066822,64,53
adapted_instance1046_m=3_n=25_l=15_c=10_s=1_4.txt,0.066757,61,53
adapted_instance1046_m=3_n=25_l=15_c=10_s=1_5.txt,0.090065,62,51
adapted_instance1046_m=3_n=25_l=15_c=10_s=1_6.txt,0.071464,62,53
adapted_instance1046_m=3_n=25_l=15_c=10_s=1_7.txt,0.043938,57,53
adapted_instance1046_m=3_n=25_l=15_c=10_s=1_8.txt,0.069366,63,52
adapted_instance1046_m=3_n=25_l=15_c=10_s=1_9.txt,0.069426,61,52
adapted_instance1046_m=3_n=25_l=15_c=10_s=1_10.txt,0.077938,62,50
adapted_instance1048_m=3_n=25_l=15_c=10_s=0_1.txt,0.066307,68,61
adapted_instance1048_m=3_n=25_l=15_c=10_s=0_2.txt,0.0676,72,62
adapted_instance1048_m=3_n=25_l=15_c=10_s=0_3.txt,0.057856,69,63
adapted_instance1048_m=3_n=25_l=15_c=10_s=0_4.txt,0.068361,69,62
adapted_instance1048_m=3_n=25_l=15_c=10_s=0_5.txt,0.057086,68,63
adapted_instance1048_m=3_n=25_l=15_c=10_s=0_6.txt,0.077125,71,62
adapted_instance1048_m=3_n=25_l=15_c=10_s=0_7.txt,0.056146,70,63
adapted_instance1048_m=3_n=25_l=15_c=10_s=0_8.txt,0.054864,69,62
adapted_instance1048_m=3_n=25_l=15_c=10_s=0_9.txt,0.06818,69,62
adapted_instance1048_m=3_n=25_l=15_c=10_s=0_10.txt,0.072724,70,60
adapted_instance1050_m=3_n=25_l=15_c=10_s=2_1.txt,0.065254,72,66
adapted_instance1050_m=3_n=25_l=15_c=10_s=2_2.txt,0.04367,71,67
adapted_instance1050_m=3_n=25_l=15_c=10_s=2_3.txt,0.070038,77,67
adapted_instance1050_m=3_n=25_l=15_c=10_s=2_4.txt,0.047749,73,67
adapted_instance1050_m=3_n=25_l=15_c=10_s=2_5.txt,0.068488,75,66
adapted_instance1050_m=3_n=25_l=15_c=10_s=2_6.txt,0.057596,72,66
adapted_instance1050_m=3_n=25_l=15_c=10_s=2_7.txt,0.04617,68,66
adapted_instance1050_m=3_n=25_l=15_c=10_s=2_8.txt,0.074906,75,66
adapted_instance1050_m=3_n=25_l=15_c=10_s=2_9.txt,0.079916,70,65
adapted_instance1050_m=3_n=25_l=15_c=10_s=2_10.txt,0.054352,72,66
adapted_instance1054_m=3_n=25_l=15_c=10_s=0_1.txt,0.065801,66,57
adapted_instance1054_m=3_n=25_l=15_c=10_s=0_2.txt,0.044476,62,59
adapted_instance1054_m=3_n=25_l=15_c=10_s=0_3.txt,0.041279,62,59
adapted_instance1054_m=3_n=25_l=15_c=10_s=0_4.txt,0.063461,63,57
adapted_instance1054_m=3_n=25_l=15_c=10_s=0_5.txt,0.056262,62,58
adapted_instance1054_m=3_n=25_l=15_c=10_s=0_6.txt,0.054454,62,58
adapted_instance1054_m=3_n=25_l=15_c=10_s=0_7.txt,0.064743,62,57
adapted_instance1054_m=3_n=25_l=15_c=10_s=0_8.txt,0.06299,65,59
adapted_instance1054_m=3_n=25_l=15_c=10_s=0_9.txt,0.057445,63,58
adapted_instance1054_m=3_n=25_l=15_c=10_s=0_10.txt,0.043883,65,59
adapted_instance1056_m=3_n=25_l=15_c=10_s=2_1.txt,0.075004,60,54
adapted_instance1056_m=3_n=25_l=15_c=10_s=2_2.txt,0.050766,60,55
adapted_instance1056_m=3_n=25_l=15_c=10_s=2_3.txt,0.062011,62,55
adapted_instance1056_m=3_n=25_l=15_c=10_s=2_4.txt,0.076597,66,55
adapted_instance1056_m=3_n=25_l=15_c=10_s=2_5.txt,0.065908,61,54
adapted_instance1056_m=3_n=25_l=15_c=10_s=2_6.txt,0.041833,58,54
adapted_instance1056_m=3_n=25_l=15_c=10_s=2_7.txt,0.053815,61,54
adapted_instance1056_m=3_n=25_l=15_c=10_s=2_8.txt,0.057507,61,55
adapted_instance1056_m=3_n=25_l=15_c=10_s=2_9.txt,0.051863,60,54
adapted_instance1056_m=3_n=25_l=15_c=10_s=2_10.txt,0.06486,59,54
adapted_instance1060_m=3_n=25_l=15_c=10_s=0_1.txt,0.052023,55,49
adapted_instance1060_m=3_n=25_l=15_c=10_s=0_2.txt,0.054083,56,49
adapted_instance1060_m=3_n=25_l=15_c=10_s=0_3.txt,0.05391,55,49
adapted_instance1060_m=3_n=25_l=15_c=10_s=0_4.txt,0.052052,54,50
adapted_instance1060_m=3_n=25_l=15_c=10_s=0_5.txt,0.042341,54,49
adapted_instance1060_m=3_n=25_l=15_c=10_s=0_6.txt,0.053455,58,49
adapted_instance1060_m=3_n=25_l=15_c=10_s=0_7.txt,0.064486,56,49
adapted_instance1060_m=3_n=25_l=15_c=10_s=0_8.txt,0.057451,57,49
adapted_instance1060_m=3_n=25_l=15_c=10_s=0_9.txt,0.056316,54,49
adapted_instance1060_m=3_n=25_l=15_c=10_s=0_10.txt,0.054304,54,50
adapted_instance1062_m=3_n=25_l=15_c=10_s=2_1.txt,0.041866,59,52
adapted_instance1062_m=3_n=25_l=15_c=10_s=2_2.txt,0.053683,57,52
adapted_instance1062_m=3_n=25_l=15_c=10_s=2_3.txt,0.05191,60,52
adapted_instance1062_m=3_n=25_l=15_c=10_s=2_4.txt,0.034056,55,52
adapted_instance1062_m=3_n=25_l=15_c=10_s=2_5.txt,0.042519,56,51
adapted_instance1062_m=3_n=25_l=15_c=10_s=2_6.txt,0.052903,56,51
adapted_instance1062_m=3_n=25_l=15_c=10_s=2_7.txt,0.054147,56,51
adapted_instance1062_m=3_n=25_l=15_c=10_s=2_8.txt,0.05368,58,52
adapted_instance1062_m=3_n=25_l=15_c=10_s=2_9.txt,0.053685,55,51
adapted_instance1062_m=3_n=25_l=15_c=10_s=2_10.txt,0.043215,56,53
adapted_instance1072_m=3_n=25_l=15_c=10_s=0_1.txt,0.042857,54,51
adapted_instance1072_m=3_n=25_l=15_c=10_s=0_2.txt,0.054633,58,52
adapted_instance1072_m=3_n=25_l=15_c=10_s=0_3.txt,0.06465,58,51
adapted_instance1072_m=3_n=25_l=15_c=10_s=0_4.txt,0.064008,58,50
adapted_instance1072_m=3_n=25_l=15_c=10_s=0_5.txt,0.065443,60,50
adapted_instance1072_m=3_n=25_l=15_c=10_s=0_6.txt,0.068368,56,51
adapted_instance1072_m=3_n=25_l=15_c=10_s=0_7.txt,0.065666,58,50
adapted_instance1072_m=3_n=25_l=15_c=10_s=0_8.txt,0.073716,59,50
adapted_instance1072_m=3_n=25_l=15_c=10_s=0_9.txt,0.052899,58,52
adapted_instance1072_m=3_n=25_l=15_c=10_s=0_10.txt,0.064928,60,51
adapted_instance1074_m=3_n=25_l=15_c=10_s=2_1.txt,0.066729,58,53
adapted_instance1074_m=3_n=25_l=15_c=10_s=2_2.txt,0.043255,57,53
adapted_instance1074_m=3_n=25_l=15_c=10_s=2_3.txt,0.032759,57,54
adapted_instance1074_m=3_n=25_l=15_c=10_s=2_4.txt,0.042657,58,55
adapted_instance1074_m=3_n=25_l=15_c=10_s=2_5.txt,0.045586,58,53
adapted_instance1074_m=3_n=25_l=15_c=10_s=2_6.txt,0.057477,59,53
adapted_instance1074_m=3_n=25_l=15_c=10_s=2_7.txt,0.041927,58,53
adapted_instance1074_m=3_n=25_l=15_c=10_s=2_8.txt,0.05403,58,53
adapted_instance1074_m=3_n=25_l=15_c=10_s=2_9.txt,0.043505,55,53
adapted_instance1074_m=3_n=25_l=15_c=10_s=2_10.txt,0.055436,61,54
adapted_instance1078_m=3_n=25_l=15_c=10_s=0_1.txt,0.075898,61,52
adapted_instance1078_m=3_n=25_l=15_c=10_s=0_2.txt,0.055066,57,53
adapted_instance1078_m=3_n=25_l=15_c=10_s=0_3.txt,0.043146,59,54
adapted_instance1078_m=3_n=25_l=15_c=10_s=0_4.txt,0.06499,61,53
adapted_instance1078_m=3_n=25_l=15_c=10_s=0_5.txt,0.054027,58,53
adapted_instance1078_m=3_n=25_l=15_c=10_s=0_6.txt,0.052708,60,53
adapted_instance1078_m=3_n=25_l=15_c=10_s=0_7.txt,0.042162,58,53
adapted_instance1078_m=3_n=25_l=15_c=10_s=0_8.txt,0.042311,59,53
adapted_instance1078_m=3_n=25_l=15_c=10_s=0_9.txt,0.032828,56,54
adapted_instance1078_m=3_n=25_l=15_c=10_s=0_10.txt,0.052389,59,53
adapted_instance1080_m=3_n=25_l=15_c=10_s=2_1.txt,0.041784,55,48
adapted_instance1080_m=3_n=25_l=15_c=10_s=2_2.txt,0.050876,53,48
adapted_instance1080_m=3_n=25_l=15_c=10_s=2_3.txt,0.066143,54,48
adapted_instance1080_m=3_n=25_l=15_c=10_s=2_4.txt,0.033069,53,50
adapted_instance1080_m=3_n=25_l=15_c=10_s=2_5.txt,0.071325,55,48
adapted_instance1080_m=3_n=25_l=15_c=10_s=2_6.txt,0.066475,56,49
adapted_instance1080_m=3_n=25_l=15_c=10_s=2_7.txt,0.044601,55,48
adapted_instance1080_m=3_n=25_l=15_c=10_s=2_8.txt,0.04162,52,49
adapted_instance1080_m=3_n=25_l=15_c=10_s=2_9.txt,0.046206,53,49
adapted_instance1080_m=3_n=25_l=15_c=10_s=2_10.txt,0.052883,56,49
adapted_instance1142_m=3_n=25_l=20_c=15_s=1_1.txt,0.101128,105,97
adapted_instance1142_m=3_n=25_l=20_c=15_s=1_2.txt,0.139112,108,95
adapted_instance1142_m=3_n=25_l=20_c=15_s=1_3.txt,0.062956,104,98
adapted_instance1142_m=3_n=25_l=20_c=15_s=1_4.txt,0.079182,106,98
adapted_instance1142_m=3_n=25_l=20_c=15_s=1_5.txt,0.113314,106,94
adapted_instance1142_m=3_n=25_l=20_c=15_s=1_6.txt,0.129004,107,94
adapted_instance1142_m=3_n=25_l=20_c=15_s=1_7.txt,0.097715,109,97
adapted_instance1142_m=3_n=25_l=20_c=15_s=1_8.txt,0.094464,108,97
adapted_instance1142_m=3_n=25_l=20_c=15_s=1_9.txt,0.100076,103,96
adapted_instance1142_m=3_n=25_l=20_c=15_s=1_10.txt,0.114901,105,97
adapted_instance1144_m=3_n=25_l=20_c=15_s=0_1.txt,0.116294,98,87
adapted_instance1144_m=3_n=25_l=20_c=15_s=0_2.txt,0.101947,94,87
adapted_instance1144_m=3_n=25_l=20_c=15_s=0_3.txt,0.079017,92,86
adapted_instance1144_m=3_n=25_l=20_c=15_s=0_4.txt,0.096169,98,85
adapted_instance1144_m=3_n=25_l=20_c=15_s=0_5.txt,0.102542,97,86
adapted_instance1144_m=3_n=25_l=20_c=15_s=0_6.txt,0.096531,95,85
adapted_instance1144_m=3_n=25_l=20_c=15_s=0_7.txt,0.081111,97,85
adapted_instance1144_m=3_n=25_l=20_c=15_s=0_8.txt,0.081925,94,89
adapted_instance1144_m=3_n=25_l=20_c=15_s=0_9.txt,0.099883,94,87
adapted_instance1144_m=3_n=25_l=20_c=15_s=0_10.txt,0.096724,99,88
adapted_instance1146_m=3_n=25_l=20_c=15_s=2_1.txt,0.124977,99,85
adapted_instance1146_m=3_n=25_l=20_c=15_s=2_2.txt,0.083174,96,86
adapted_instance1146_m=3_n=25_l=20_c=15_s=2_3.txt,0.110666,91,83
adapted_instance1146_m=3_n=25_l=20_c=15_s=2_4.txt,0.082582,94,85
adapted_instance1146_m=3_n=25_l=20_c=15_s=2_5.txt,0.098176,93,85
adapted_instance1146_m=3_n=25_l=20_c=15_s=2_6.txt,0.101156,96,86
adapted_instance1146_m=3_n=25_l=20_c=15_s=2_7.txt,0.114294,95,84
adapted_instance1146_m=3_n=25_l=20_c=15_s=2_8.txt,0.065889,88,86
adapted_instance1146_m=3_n=25_l=20_c=15_s=2_9.txt,0.127953,99,85
adapted_instance1146_m=3_n=25_l=20_c=15_s=2_10.txt,0.101309,94,85
adapted_instance1148_m=3_n=25_l=20_c=15_s=1_1.txt,0.137132,106,95
adapted_instance1148_m=3_n=25_l=20_c=15_s=1_2.txt,0.114979,107,95
adapted_instance1148_m=3_n=25_l=20_c=15_s=1_3.txt,0.100261,108,96
adapted_instance1148_m=3_n=25_l=20_c=15_s=1_4.txt,0.118058,110,95
adapted_instance1148_m=3_n=25_l=20_c=15_s=1_5.txt,0.115054,109,96
adapted_instance1148_m=3_n=25_l=20_c=15_s=1_6.txt,0.131416,102,95
adapted_instance1148_m=3_n=25_l=20_c=15_s=1_7.txt,0.083448,108,97
adapted_instance1148_m=3_n=25_l=20_c=15_s=1_8.txt,0.133251,110,94
adapted_instance1148_m=3_n=25_l=20_c=15_s=1_9.txt,0.08508,103,96
adapted_instance1148_m=3_n=25_l=20_c=15_s=1_10.txt,0.135993,108,96
adapted_instance1150_m=3_n=25_l=20_c=15_s=0_1.txt,0.101475,117,103
adapted_instance1150_m=3_n=25_l=20_c=15_s=0_2.txt,0.100647,117,103
adapted_instance1150_m=3_n=25_l=20_c=15_s=0_3.txt,0.100199,114,104
adapted_instance1150_m=3_n=25_l=20_c=15_s=0_4.txt,0.083685,110,104
adapted_instance1150_m=3_n=25_l=20_c=15_s=0_5.txt,0.113681,113,102
adapted_instance1150_m=3_n=25_l=20_c=15_s=0_6.txt,0.142809,119,102
adapted_instance1150_m=3_n=25_l=20_c=15_s=0_7.txt,0.130178,113,102
adapted_instance1150_m=3_n=25_l=20_c=15_s=0_8.txt,0.097768,112,105
adapted_instance1150_m=3_n=25_l=20_c=15_s=0_9.txt,0.098149,116,104
adapted_instance1150_m=3_n=25_l=20_c=15_s=0_10.txt,0.099108,115,105
adapted_instance1152_m=3_n=25_l=20_c=15_s=2_1.txt,0.131311,113,101
adapted_instance1152_m=3_n=25_l=20_c=15_s=2_2.txt,0.109513,111,106
adapted_instance1152_m=3_n=25_l=20_c=15_s=2_3.txt,0.098471,111,101
adapted_instance1152_m=3_n=25_l=20_c=15_s=2_4.txt,0.16825,114,101
adapted_instance1152_m=3_n=25_l=20_c=15_s=2_5.txt,0.118408,114,103
adapted_instance1152_m=3_n=25_l=20_c=15_s=2_6.txt,0.08496,113,102
adapted_instance1152_m=3_n=25_l=20_c=15_s=2_7.txt,0.147673,113,101
adapted_instance1152_m=3_n=25_l=20_c=15_s=2_8.txt,0.12413,113,101
adapted_instance1152_m=3_n=25_l=20_c=15_s=2_9.txt,0.098342,114,103
adapted_instance1152_m=3_n=25_l=20_c=15_s=2_10.txt,0.104979,111,103
adapted_instance1154_m=3_n=25_l=20_c=15_s=1_1.txt,0.134064,108,94
adapted_instance1154_m=3_n=25_l=20_c=15_s=1_2.txt,0.083273,104,96
adapted_instance1154_m=3_n=25_l=20_c=15_s=1_3.txt,0.066545,105,97
adapted_instance1154_m=3_n=25_l=20_c=15_s=1_4.txt,0.102839,104,95
adapted_instance1154_m=3_n=25_l=20_c=15_s=1_5.txt,0.098043,103,96
adapted_instance1154_m=3_n=25_l=20_c=15_s=1_6.txt,0.097204,106,96
adapted_instance1154_m=3_n=25_l=20_c=15_s=1_7.txt,0.115425,104,96
adapted_instance1154_m=3_n=25_l=20_c=15_s=1_8.txt,0.148091,108,94
adapted_instance1154_m=3_n=25_l=20_c=15_s=1_9.txt,0.095299,102,96
adapted_instance1154_m=3_n=25_l=20_c=15_s=1_10.txt,0.112191,107,96
adapted_instance1156_m=3_n=25_l=20_c=15_s=0_1.txt,0.095048,95,83
adapted_instance1156_m=3_n=25_l=20_c=15_s=0_2.txt,0.096725,95,84
adapted_instance1156_m=3_n=25_l=20_c=15_s=0_3.txt,0.113236,98,83
adapted_instance1156_m=3_n=25_l=20_c=15_s=0_4.txt,0.117181,92,84
adapted_instance1156_m=3_n=25_l=20_c=15_s=0_5.txt,0.110743,95,83
adapted_instance1156_m=3_n=25_l=20_c=15_s=0_6.txt,0.097929,95,86
adapted_instance1156_m=3_n=25_l=20_c=15_s=0_7.txt,0.130264,95,82
adapted_instance1156_m=3_n=25_l=20_c=15_s=0_8.txt,0.094733,96,83
adapted_instance1156_m=3_n=25_l=20_c=15_s=0_9.txt,0.094847,96,85
adapted_instance1156_m=3_n=25_l=20_c=15_s=0_10.txt,0.114076,90,82
adapted_instance1158_m=3_n=25_l=20_c=15_s=2_1.txt,0.075856,90,83
adapted_instance1158_m=3_n=25_l=20_c=15_s=2_2.txt,0.066327,96,86
adapted_instance1158_m=3_n=25_l=20_c=15_s=2_3.txt,0.065789,93,84
adapted_instance1158_m=3_n=25_l=20_c=15_s=2_4.txt,0.114154,93,83
adapted_instance1158_m=3_n=25_l=20_c=15_s=2_5.txt,0.063918,91,86
adapted_instance1158_m=3_n=25_l=20_c=15_s=2_6.txt,0.11622,93,83
adapted_instance1158_m=3_n=25_l=20_c=15_s=2_7.txt,0.133515,94,83
adapted_instance1158_m=3_n=25_l=20_c=15_s=2_8.txt,0.093768,94,83
adapted_instance1158_m=3_n=25_l=20_c=15_s=2_9.txt,0.112819,95,83
adapted_instance1158_m=3_n=25_l=20_c=15_s=2_10.txt,0.094036,95,85
adapted_instance1160_m=3_n=25_l=20_c=15_s=1_1.txt,0.080913,96,86
adapted_instance1160_m=3_n=25_l=20_c=15_s=1_2.txt,0.067477,93,86
adapted_instance1160_m=3_n=25_l=20_c=15_s=1_3.txt,0.126179,97,83
adapted_instance1160_m=3_n=25_l=20_c=15_s=1_4.txt,0.080078,90,84
adapted_instance1160_m=3_n=25_l=20_c=15_s=1_5.txt,0.095441,95,84
adapted_instance1160_m=3_n=25_l=20_c=15_s=1_6.txt,0.114884,98,84
adapted_instance1160_m=3_n=25_l=20_c=15_s=1_7.txt,0.050172,90,88
adapted_instance1160_m=3_n=25_l=20_c=15_s=1_8.txt,0.109401,97,83
adapted_instance1160_m=3_n=25_l=20_c=15_s=1_9.txt,0.114418,92,84
adapted_instance1160_m=3_n=25_l=20_c=15_s=1_10.txt,0.099074,91,83
adapted_instance1162_m=3_n=25_l=20_c=15_s=0_1.txt,0.115958,116,99
adapted_instance1162_m=3_n=25_l=20_c=15_s=0_2.txt,0.133555,105,97
adapted_instance1162_m=3_n=25_l=20_c=15_s=0_3.txt,0.079243,107,100
adapted_instance1162_m=3_n=25_l=20_c=15_s=0_4.txt,0.081858,107,99
adapted_instance1162_m=3_n=25_l=20_c=15_s=0_5.txt,0.114925,106,99
adapted_instance1162_m=3_n=25_l=20_c=15_s=0_6.txt,0.110539,108,98
adapted_instance1162_m=3_n=25_l=20_c=15_s=0_7.txt,0.125056,108,99
adapted_instance1162_m=3_n=25_l=20_c=15_s=0_8.txt,0.118488,108,98
adapted_instance1162_m=3_n=25_l=20_c=15_s=0_9.txt,0.065916,109,101
adapted_instance1162_m=3_n=25_l=20_c=15_s=0_10.txt,0.133287,109,98
adapted_instance1164_m=3_n=25_l=20_c=15_s=2_1.txt,0.113214,114,102
adapted_instance1164_m=3_n=25_l=20_c=15_s=2_2.txt,0.143007,112,99
adapted_instance1164_m=3_n=25_l=20_c=15_s=2_3.txt,0.111366,111,99
adapted_instance1164_m=3_n=25_l=20_c=15_s=2_4.txt,0.103974,109,100
adapted_instance1164_m=3_n=25_l=20_c=15_s=2_5.txt,0.087832,110,101
adapted_instance1164_m=3_n=25_l=20_c=15_s=2_6.txt,0.109771,113,100
adapted_instance1164_m=3_n=25_l=20_c=15_s=2_7.txt,0.103847,111,101
adapted_instance1164_m=3_n=25_l=20_c=15_s=2_8.txt,0.097051,109,101
adapted_instance1164_m=3_n=25_l=20_c=15_s=2_9.txt,0.098819,110,100
adapted_instance1164_m=3_n=25_l=20_c=15_s=2_10.txt,0.096717,111,100
adapted_instance1166_m=3_n=25_l=20_c=15_s=1_1.txt,0.114477,97,84
adapted_instance1166_m=3_n=25_l=20_c=15_s=1_2.txt,0.095007,93,84
adapted_instance1166_m=3_n=25_l=20_c=15_s=1_3.txt,0.082979,97,86
adapted_instance1166_m=3_n=25_l=20_c=15_s=1_4.txt,0.067013,101,89
adapted_instance1166_m=3_n=25_l=20_c=15_s=1_5.txt,0.095827,94,85
adapted_instance1166_m=3_n=25_l=20_c=15_s=1_6.txt,0.079588,99,88
adapted_instance1166_m=3_n=25_l=20_c=15_s=1_7.txt,0.114025,92,84
adapted_instance1166_m=3_n=25_l=20_c=15_s=1_8.txt,0.091313,93,86
adapted_instance1166_m=3_n=25_l=20_c=15_s=1_9.txt,0.117976,97,86
adapted_instance1166_m=3_n=25_l=20_c=15_s=1_10.txt,0.147826,97,84
adapted_instance1168_m=3_n=25_l=20_c=15_s=0_1.txt,0.144418,91,75
adapted_instance1168_m=3_n=25_l=20_c=15_s=0_2.txt,0.106818,89,76
adapted_instance1168_m=3_n=25_l=20_c=15_s=0_3.txt,0.127855,89,76
adapted_instance1168_m=3_n=25_l=20_c=15_s=0_4.txt,0.113979,90,77
adapted_instance1168_m=3_n=25_l=20_c=15_s=0_5.txt,0.129078,91,75
adapted_instance1168_m=3_n=25_l=20_c=15_s=0_6.txt,0.107178,86,76
adapted_instance1168_m=3_n=25_l=20_c=15_s=0_7.txt,0.112572,88,77
adapted_instance1168_m=3_n=25_l=20_c=15_s=0_8.txt,0.079503,87,78
adapted_instance1168_m=3_n=25_l=20_c=15_s=0_9.txt,0.079749,87,78
adapted_instance1168_m=3_n=25_l=20_c=15_s=0_10.txt,0.131646,95,75
adapted_instance1170_m=3_n=25_l=20_c=15_s=2_1.txt,0.131206,96,81
adapted_instance1170_m=3_n=25_l=20_c=15_s=2_2.txt,0.081833,93,85
adapted_instance1170_m=3_n=25_l=20_c=15_s=2_3.txt,0.114055,92,83
adapted_instance1170_m=3_n=25_l=20_c=15_s=2_4.txt,0.095649,93,81
adapted_instance1170_m=3_n=25_l=20_c=15_s=2_5.txt,0.19083,97,80
adapted_instance1170_m=3_n=25_l=20_c=15_s=2_6.txt,0.129637,96,82
adapted_instance1170_m=3_n=25_l=20_c=15_s=2_7.txt,0.110027,91,83
adapted_instance1170_m=3_n=25_l=20_c=15_s=2_8.txt,0.112277,91,83
adapted_instance1170_m=3_n=25_l=20_c=15_s=2_9.txt,0.152018,95,80
adapted_instance1170_m=3_n=25_l=20_c=15_s=2_10.txt,0.108127,91,80
adapted_instance1172_m=3_n=25_l=20_c=15_s=1_1.txt,0.08799,81,72
adapted_instance1172_m=3_n=25_l=20_c=15_s=1_2.txt,0.07798,77,72
adapted_instance1172_m=3_n=25_l=20_c=15_s=1_3.txt,0.09121,79,72
adapted_instance1172_m=3_n=25_l=20_c=15_s=1_4.txt,0.116593,82,71
adapted_instance1172_m=3_n=25_l=20_c=15_s=1_5.txt,0.092305,78,71
adapted_instance1172_m=3_n=25_l=20_c=15_s=1_6.txt,0.073513,79,72
adapted_instance1172_m=3_n=25_l=20_c=15_s=1_7.txt,0.089762,80,73
adapted_instance1172_m=3_n=25_l=20_c=15_s=1_8.txt,0.083666,81,72
adapted_instance1172_m=3_n=25_l=20_c=15_s=1_9.txt,0.103428,80,72
adapted_instance1172_m=3_n=25_l=20_c=15_s=1_10.txt,0.09069,76,71
adapted_instance1174_m=3_n=25_l=20_c=15_s=0_1.txt,0.1036,87,82
adapted_instance1174_m=3_n=25_l=20_c=15_s=0_2.txt,0.102297,92,80
adapted_instance1174_m=3_n=25_l=20_c=15_s=0_3.txt,0.103408,93,82
adapted_instance1174_m=3_n=25_l=20_c=15_s=0_4.txt,0.087676,90,80
adapted_instance1174_m=3_n=25_l=20_c=15_s=0_5.txt,0.106284,94,82
adapted_instance1174_m=3_n=25_l=20_c=15_s=0_6.txt,0.102273,88,82
adapted_instance1174_m=3_n=25_l=20_c=15_s=0_7.txt,0.183583,97,79
adapted_instance1174_m=3_n=25_l=20_c=15_s=0_8.txt,0.127358,92,80
adapted_instance1174_m=3_n=25_l=20_c=15_s=0_9.txt,0.106849,94,82
adapted_instance1174_m=3_n=25_l=20_c=15_s=0_10.txt,0.104227,91,81
adapted_instance1176_m=3_n=25_l=20_c=15_s=2_1.txt,0.106226,89,81
adapted_instance1176_m=3_n=25_l=20_c=15_s=2_2.txt,0.104394,92,82
adapted_instance1176_m=3_n=25_l=20_c=15_s=2_3.txt,0.075598,87,81
adapted_instance1176_m=3_n=25_l=20_c=15_s=2_4.txt,0.120703,91,81
adapted_instance1176_m=3_n=25_l=20_c=15_s=2_5.txt,0.122662,92,79
adapted_instance1176_m=3_n=25_l=20_c=15_s=2_6.txt,0.091756,87,80
adapted_instance1176_m=3_n=25_l=20_c=15_s=2_7.txt,0.080316,88,83
adapted_instance1176_m=3_n=25_l=20_c=15_s=2_8.txt,0.085515,90,81
adapted_instance1176_m=3_n=25_l=20_c=15_s=2_9.txt,0.090636,90,82
adapted_instance1176_m=3_n=25_l=20_c=15_s=2_10.txt,0.116008,89,79
adapted_instance1178_m=3_n=25_l=20_c=15_s=1_1.txt,0.100489,80,73
adapted_instance1178_m=3_n=25_l=20_c=15_s=1_2.txt,0.087773,78,73
adapted_instance1178_m=3_n=25_l=20_c=15_s=1_3.txt,0.072251,80,75
adapted_instance1178_m=3_n=25_l=20_c=15_s=1_4.txt,0.085644,82,73
adapted_instance1178_m=3_n=25_l=20_c=15_s=1_5.txt,0.059752,80,74
adapted_instance1178_m=3_n=25_l=20_c=15_s=1_6.txt,0.08413,83,74
adapted_instance1178_m=3_n=25_l=20_c=15_s=1_7.txt,0.075915,76,73
adapted_instance1178_m=3_n=25_l=20_c=15_s=1_8.txt,0.091926,82,74
adapted_instance1178_m=3_n=25_l=20_c=15_s=1_9.txt,0.109852,82,73
adapted_instance1178_m=3_n=25_l=20_c=15_s=1_10.txt,0.085776,85,74
adapted_instance1180_m=3_n=25_l=20_c=15_s=0_1.txt,0.087139,94,83
adapted_instance1180_m=3_n=25_l=20_c=15_s=0_2.txt,0.089276,93,84
adapted_instance1180_m=3_n=25_l=20_c=15_s=0_3.txt,0.115659,92,83
adapted_instance1180_m=3_n=25_l=20_c=15_s=0_4.txt,0.090029,92,84
adapted_instance1180_m=3_n=25_l=20_c=15_s=0_5.txt,0.089422,92,84
adapted_instance1180_m=3_n=25_l=20_c=15_s=0_6.txt,0.057218,92,85
adapted_instance1180_m=3_n=25_l=20_c=15_s=0_7.txt,0.062099,88,84
adapted_instance1180_m=3_n=25_l=20_c=15_s=0_8.txt,0.104953,92,83
adapted_instance1180_m=3_n=25_l=20_c=15_s=0_9.txt,0.058833,89,84
adapted_instance1180_m=3_n=25_l=20_c=15_s=0_10.txt,0.071812,93,84
adapted_instance1182_m=3_n=25_l=20_c=15_s=2_1.txt,0.082475,93,81
adapted_instance1182_m=3_n=25_l=20_c=15_s=2_2.txt,0.074573,86,81
adapted_instance1182_m=3_n=25_l=20_c=15_s=2_3.txt,0.075032,89,82
adapted_instance1182_m=3_n=25_l=20_c=15_s=2_4.txt,0.088287,88,79
adapted_instance1182_m=3_n=25_l=20_c=15_s=2_5.txt,0.087056,91,80
adapted_instance1182_m=3_n=25_l=20_c=15_s=2_6.txt,0.101205,88,79
adapted_instance1182_m=3_n=25_l=20_c=15_s=2_7.txt,0.106957,88,80
adapted_instance1182_m=3_n=25_l=20_c=15_s=2_8.txt,0.103611,89,79
adapted_instance1182_m=3_n=25_l=20_c=15_s=2_9.txt,0.115225,89,79
adapted_instance1182_m=3_n=25_l=20_c=15_s=2_10.txt,0.088284,89,80
adapted_instance1184_m=3_n=25_l=20_c=15_s=1_1.txt,0.071854,71,68
adapted_instance1184_m=3_n=25_l=20_c=15_s=1_2.txt,0.105847,78,67
adapted_instance1184_m=3_n=25_l=20_c=15_s=1_3.txt,0.056504,71,68
adapted_instance1184_m=3_n=25_l=20_c=15_s=1_4.txt,0.08986,76,69
adapted_instance1184_m=3_n=25_l=20_c=15_s=1_5.txt,0.055569,74,70
adapted_instance1184_m=3_n=25_l=20_c=15_s=1_6.txt,0.073542,77,69
adapted_instance1184_m=3_n=25_l=20_c=15_s=1_7.txt,0.115207,79,68
adapted_instance1184_m=3_n=25_l=20_c=15_s=1_8.txt,0.085871,79,68
adapted_instance1184_m=3_n=25_l=20_c=15_s=1_9.txt,0.059911,77,70
adapted_instance1184_m=3_n=25_l=20_c=15_s=1_10.txt,0.086719,73,67
adapted_instance1186_m=3_n=25_l=20_c=15_s=0_1.txt,0.074697,81,74
adapted_instance1186_m=3_n=25_l=20_c=15_s=0_2.txt,0.105778,85,74
adapted_instance1186_m=3_n=25_l=20_c=15_s=0_3.txt,0.107192,85,77
adapted_instance1186_m=3_n=25_l=20_c=15_s=0_4.txt,0.105088,86,75
adapted_instance1186_m=3_n=25_l=20_c=15_s=0_5.txt,0.073368,84,75
adapted_instance1186_m=3_n=25_l=20_c=15_s=0_6.txt,0.087763,80,73
adapted_instance1186_m=3_n=25_l=20_c=15_s=0_7.txt,0.105058,79,72
adapted_instance1186_m=3_n=25_l=20_c=15_s=0_8.txt,0.103361,84,73
adapted_instance1186_m=3_n=25_l=20_c=15_s=0_9.txt,0.077722,85,75
adapted_instance1186_m=3_n=25_l=20_c=15_s=0_10.txt,0.118881,85,75
adapted_instance1188_m=3_n=25_l=20_c=15_s=2_1.txt,0.07448,84,75
adapted_instance1188_m=3_n=25_l=20_c=15_s=2_2.txt,0.102164,85,74
adapted_instance1188_m=3_n=25_l=20_c=15_s=2_3.txt,0.075542,86,76
adapted_instance1188_m=3_n=25_l=20_c=15_s=2_4.txt,0.132179,87,74
adapted_instance1188_m=3_n=25_l=20_c=15_s=2_5.txt,0.061023,81,77
adapted_instance1188_m=3_n=25_l=20_c=15_s=2_6.txt,0.103939,87,75
adapted_instance1188_m=3_n=25_l=20_c=15_s=2_7.txt,0.084829,83,76
adapted_instance1188_m=3_n=25_l=20_c=15_s=2_8.txt,0.118215,84,75
adapted_instance1188_m=3_n=25_l=20_c=15_s=2_9.txt,0.102465,85,75
adapted_instance1188_m=3_n=25_l=20_c=15_s=2_10.txt,0.104568,82,75
adapted_instance1190_m=3_n=25_l=20_c=15_s=1_1.txt,0.047213,77,74
adapted_instance1190_m=3_n=25_l=20_c=15_s=1_2.txt,0.072643,82,74
adapted_instance1190_m=3_n=25_l=20_c=15_s=1_3.txt,0.090256,80,72
adapted_instance1190_m=3_n=25_l=20_c=15_s=1_4.txt,0.091392,81,72
adapted_instance1190_m=3_n=25_l=20_c=15_s=1_5.txt,0.087894,78,72
adapted_instance1190_m=3_n=25_l=20_c=15_s=1_6.txt,0.062037,80,75
adapted_instance1190_m=3_n=25_l=20_c=15_s=1_7.txt,0.074321,85,72
adapted_instance1190_m=3_n=25_l=20_c=15_s=1_8.txt,0.09003,79,72
adapted_instance1190_m=3_n=25_l=20_c=15_s=1_9.txt,0.087084,79,72
adapted_instance1190_m=3_n=25_l=20_c=15_s=1_10.txt,0.073269,79,72
adapted_instance1202_m=4_n=25_l=15_c=10_s=1_1.txt,0.044464,64,60
adapted_instance1202_m=4_n=25_l=15_c=10_s=1_2.txt,0.045143,67,62
adapted_instance1202_m=4_n=25_l=15_c=10_s=1_3.txt,0.044643,63,60
adapted_instance1202_m=4_n=25_l=15_c=10_s=1_4.txt,0.043907,64,60
adapted_instance1202_m=4_n=25_l=15_c=10_s=1_5.txt,0.043666,63,60
adapted_instance1202_m=4_n=25_l=15_c=10_s=1_6.txt,0.05307,65,60
adapted_instance1202_m=4_n=25_l=15_c=10_s=1_7.txt,0.068776,68,60
adapted_instance1202_m=4_n=25_l=15_c=10_s=1_8.txt,0.058078,65,61
adapted_instance1202_m=4_n=25_l=15_c=10_s=1_9.txt,0.04521,66,61
adapted_instance1202_m=4_n=25_l=15_c=10_s=1_10.txt,0.055132,67,60
adapted_instance1204_m=4_n=25_l=15_c=10_s=0_1.txt,0.045483,58,52
adapted_instance1204_m=4_n=25_l=15_c=10_s=0_2.txt,0.05745,55,50
adapted_instance1204_m=4_n=25_l=15_c=10_s=0_3.txt,0.056898,58,51
adapted_instance1204_m=4_n=25_l=15_c=10_s=0_4.txt,0.059912,58,51
adapted_instance1204_m=4_n=25_l=15_c=10_s=0_5.txt,0.068433,60,50
adapted_instance1204_m=4_n=25_l=15_c=10_s=0_6.txt,0.05448,58,51
adapted_instance1204_m=4_n=25_l=15_c=10_s=0_7.txt,0.058539,55,49
adapted_instance1204_m=4_n=25_l=15_c=10_s=0_8.txt,0.054884,57,52
adapted_instance1204_m=4_n=25_l=15_c=10_s=0_9.txt,0.079609,58,49
adapted_instance1204_m=4_n=25_l=15_c=10_s=0_10.txt,0.064605,57,50
adapted_instance1206_m=4_n=25_l=15_c=10_s=2_1.txt,0.057303,56,50
adapted_instance1206_m=4_n=25_l=15_c=10_s=2_2.txt,0.054717,58,51
adapted_instance1206_m=4_n=25_l=15_c=10_s=2_3.txt,0.044137,54,51
adapted_instance1206_m=4_n=25_l=15_c=10_s=2_4.txt,0.043729,53,50
adapted_instance1206_m=4_n=25_l=15_c=10_s=2_5.txt,0.043593,56,51
adapted_instance1206_m=4_n=25_l=15_c=10_s=2_6.txt,0.06426,58,50
adapted_instance1206_m=4_n=25_l=15_c=10_s=2_7.txt,0.054374,55,50
adapted_instance1206_m=4_n=25_l=15_c=10_s=2_8.txt,0.036931,52,50
adapted_instance1206_m=4_n=25_l=15_c=10_s=2_9.txt,0.066241,57,50
adapted_instance1206_m=4_n=25_l=15_c=10_s=2_10.txt,0.066627,59,50
adapted_instance1208_m=4_n=25_l=15_c=10_s=1_1.txt,0.086803,59,50
adapted_instance1208_m=4_n=25_l=15_c=10_s=1_2.txt,0.057984,58,52
adapted_instance1208_m=4_n=25_l=15_c=10_s=1_3.txt,0.064509,57,50
adapted_instance1208_m=4_n=25_l=15_c=10_s=1_4.txt,0.063174,57,50
adapted_instance1208_m=4_n=25_l=15_c=10_s=1_5.txt,0.065634,56,50
adapted_instance1208_m=4_n=25_l=15_c=10_s=1_6.txt,0.056954,57,51
adapted_instance1208_m=4_n=25_l=15_c=10_s=1_7.txt,0.032408,56,52
adapted_instance1208_m=4_n=25_l=15_c=10_s=1_8.txt,0.056168,54,51
adapted_instance1208_m=4_n=25_l=15_c=10_s=1_9.txt,0.056985,60,52
adapted_instance1208_m=4_n=25_l=15_c=10_s=1_10.txt,0.052231,57,51
adapted_instance1210_m=4_n=25_l=15_c=10_s=0_1.txt,0.057105,65,59
adapted_instance1210_m=4_n=25_l=15_c=10_s=0_2.txt,0.043434,64,58
adapted_instance1210_m=4_n=25_l=15_c=10_s=0_3.txt,0.054186,66,58
adapted_instance1210_m=4_n=25_l=15_c=10_s=0_4.txt,0.057187,66,58
adapted_instance1210_m=4_n=25_l=15_c=10_s=0_5.txt,0.066071,64,58
adapted_instance1210_m=4_n=25_l=15_c=10_s=0_6.txt,0.05565,65,58
adapted_instance1210_m=4_n=25_l=15_c=10_s=0_7.txt,0.067767,64,58
adapted_instance1210_m=4_n=25_l=15_c=10_s=0_8.txt,0.055725,62,58
adapted_instance1210_m=4_n=25_l=15_c=10_s=0_9.txt,0.05613,62,58
adapted_instance1210_m=4_n=25_l=15_c=10_s=0_10.txt,0.067983,68,58
adapted_instance1212_m=4_n=25_l=15_c=10_s=2_1.txt,0.068552,70,62
adapted_instance1212_m=4_n=25_l=15_c=10_s=2_2.txt,0.046222,70,63
adapted_instance1212_m=4_n=25_l=15_c=10_s=2_3.txt,0.065973,73,62
adapted_instance1212_m=4_n=25_l=15_c=10_s=2_4.txt,0.034925,64,63
adapted_instance1212_m=4_n=25_l=15_c=10_s=2_5.txt,0.056309,72,63
adapted_instance1212_m=4_n=25_l=15_c=10_s=2_6.txt,0.059354,69,63
adapted_instance1212_m=4_n=25_l=15_c=10_s=2_7.txt,0.044751,66,62
adapted_instance1212_m=4_n=25_l=15_c=10_s=2_8.txt,0.044384,68,62
adapted_instance1212_m=4_n=25_l=15_c=10_s=2_9.txt,0.056142,68,62
adapted_instance1212_m=4_n=25_l=15_c=10_s=2_10.txt,0.076352,71,62
adapted_instance1214_m=4_n=25_l=15_c=10_s=1_1.txt,0.067033,60,53
adapted_instance1214_m=4_n=25_l=15_c=10_s=1_2.txt,0.043004,56,53
adapted_instance1214_m=4_n=25_l=15_c=10_s=1_3.txt,0.056356,58,53
adapted_instance1214_m=4_n=25_l=15_c=10_s=1_4.txt,0.052954,59,53
adapted_instance1214_m=4_n=25_l=15_c=10_s=1_5.txt,0.043478,58,53
adapted_instance1214_m=4_n=25_l=15_c=10_s=1_6.txt,0.053556,57,54
adapted_instance1214_m=4_n=25_l=15_c=10_s=1_7.txt,0.057227,61,53
adapted_instance1214_m=4_n=25_l=15_c=10_s=1_8.txt,0.056783,59,54
adapted_instance1214_m=4_n=25_l=15_c=10_s=1_9.txt,0.043075,58,54
adapted_instance1214_m=4_n=25_l=15_c=10_s=1_10.txt,0.053831,59,53
adapted_instance1216_m=4_n=25_l=15_c=10_s=0_1.txt,0.064497,55,47
adapted_instance1216_m=4_n=25_l=15_c=10_s=0_2.txt,0.053773,53,47
adapted_instance1216_m=4_n=25_l=15_c=10_s=0_3.txt,0.074597,55,47
adapted_instance1216_m=4_n=25_l=15_c=10_s=0_4.txt,0.042578,54,50
adapted_instance1216_m=4_n=25_l=15_c=10_s=0_5.txt,0.073472,54,47
adapted_instance1216_m=4_n=25_l=15_c=10_s=0_6.txt,0.063554,56,49
adapted_instance1216_m=4_n=25_l=15_c=10_s=0_7.txt,0.07707,56,48
adapted_instance1216_m=4_n=25_l=15_c=10_s=0_8.txt,0.055857,53,49
adapted_instance1216_m=4_n=25_l=15_c=10_s=0_9.txt,0.076983,57,48
adapted_instance1216_m=4_n=25_l=15_c=10_s=0_10.txt,0.064031,56,49
adapted_instance1218_m=4_n=25_l=15_c=10_s=2_1.txt,0.053222,54,48
adapted_instance1218_m=4_n=25_l=15_c=10_s=2_2.txt,0.033903,53,50
adapted_instance1218_m=4_n=25_l=15_c=10_s=2_3.txt,0.04544,51,48
adapted_instance1218_m=4_n=25_l=15_c=10_s=2_4.txt,0.065108,57,47
adapted_instance1218_m=4_n=25_l=15_c=10_s=2_5.txt,0.055027,56,47
adapted_instance1218_m=4_n=25_l=15_c=10_s=2_6.txt,0.065547,56,47
adapted_instance1218_m=4_n=25_l=15_c=10_s=2_7.txt,0.053428,53,47
adapted_instance1218_m=4_n=25_l=15_c=10_s=2_8.txt,0.064224,53,47
adapted_instance1218_m=4_n=25_l=15_c=10_s=2_9.txt,0.05585,55,48
adapted_instance1218_m=4_n=25_l=15_c=10_s=2_10.txt,0.073697,55,47
adapted_instance1220_m=4_n=25_l=15_c=10_s=1_1.txt,0.043909,56,50
adapted_instance1220_m=4_n=25_l=15_c=10_s=1_2.txt,0.053832,55,49
adapted_instance1220_m=4_n=25_l=15_c=10_s=1_3.txt,0.065009,55,49
adapted_instance1220_m=4_n=25_l=15_c=10_s=1_4.txt,0.053374,55,50
adapted_instance1220_m=4_n=25_l=15_c=10_s=1_5.txt,0.064902,58,49
adapted_instance1220_m=4_n=25_l=15_c=10_s=1_6.txt,0.032367,54,51
adapted_instance1220_m=4_n=25_l=15_c=10_s=1_7.txt,0.065943,57,49
adapted_instance1220_m=4_n=25_l=15_c=10_s=1_8.txt,0.052828,56,51
adapted_instance1220_m=4_n=25_l=15_c=10_s=1_9.txt,0.043305,52,49
adapted_instance1220_m=4_n=25_l=15_c=10_s=1_10.txt,0.054371,57,51
adapted_instance1222_m=4_n=25_l=15_c=10_s=0_1.txt,0.066267,56,48
adapted_instance1222_m=4_n=25_l=15_c=10_s=0_2.txt,0.064726,59,49
adapted_instance1222_m=4_n=25_l=15_c=10_s=0_3.txt,0.063375,58,49
adapted_instance1222_m=4_n=25_l=15_c=10_s=0_4.txt,0.064843,59,48
adapted_instance1222_m=4_n=25_l=15_c=10_s=0_5.txt,0.065088,57,48
adapted_instance1222_m=4_n=25_l=15_c=10_s=0_6.txt,0.076576,58,48
adapted_instance1222_m=4_n=25_l=15_c=10_s=0_7.txt,0.061719,57,48
adapted_instance1222_m=4_n=25_l=15_c=10_s=0_8.txt,0.07575,57,48
adapted_instance1222_m=4_n=25_l=15_c=10_s=0_9.txt,0.043516,54,48
adapted_instance1222_m=4_n=25_l=15_c=10_s=0_10.txt,0.056088,55,49
adapted_instance1224_m=4_n=25_l=15_c=10_s=2_1.txt,0.054665,51,46
adapted_instance1224_m=4_n=25_l=15_c=10_s=2_2.txt,0.066761,54,47
adapted_instance1224_m=4_n=25_l=15_c=10_s=2_3.txt,0.053993,54,47
adapted_instance1224_m=4_n=25_l=15_c=10_s=2_4.txt,0.032981,50,46
adapted_instance1224_m=4_n=25_l=15_c=10_s=2_5.txt,0.044903,53,48
adapted_instance1224_m=4_n=25_l=15_c=10_s=2_6.txt,0.066026,54,46
adapted_instance1224_m=4_n=25_l=15_c=10_s=2_7.txt,0.053716,54,46
adapted_instance1224_m=4_n=25_l=15_c=10_s=2_8.txt,0.064123,52,46
adapted_instance1224_m=4_n=25_l=15_c=10_s=2_9.txt,0.053165,51,46
adapted_instance1224_m=4_n=25_l=15_c=10_s=2_10.txt,0.053125,55,46
adapted_instance1226_m=4_n=25_l=15_c=10_s=1_1.txt,0.065434,52,46
adapted_instance1226_m=4_n=25_l=15_c=10_s=1_2.txt,0.075667,56,46
adapted_instance1226_m=4_n=25_l=15_c=10_s=1_3.txt,0.0635,54,46
adapted_instance1226_m=4_n=25_l=15_c=10_s=1_4.txt,0.055183,52,46
adapted_instance1226_m=4_n=25_l=15_c=10_s=1_5.txt,0.062601,52,46
adapted_instance1226_m=4_n=25_l=15_c=10_s=1_6.txt,0.066622,54,46
adapted_instance1226_m=4_n=25_l=15_c=10_s=1_7.txt,0.065259,52,46
adapted_instance1226_m=4_n=25_l=15_c=10_s=1_8.txt,0.057203,53,47
adapted_instance1226_m=4_n=25_l=15_c=10_s=1_9.txt,0.066014,54,46
adapted_instance1226_m=4_n=25_l=15_c=10_s=1_10.txt,0.056025,54,47
adapted_instance1228_m=4_n=25_l=15_c=10_s=0_1.txt,0.042563,57,54
adapted_instance1228_m=4_n=25_l=15_c=10_s=0_2.txt,0.044145,61,55
adapted_instance1228_m=4_n=25_l=15_c=10_s=0_3.txt,0.05446,61,55
adapted_instance1228_m=4_n=25_l=15_c=10_s=0_4.txt,0.059536,62,55
adapted_instance1228_m=4_n=25_l=15_c=10_s=0_5.txt,0.046519,56,54
adapted_instance1228_m=4_n=25_l=15_c=10_s=0_6.txt,0.045756,61,56
adapted_instance1228_m=4_n=25_l=15_c=10_s=0_7.txt,0.053903,59,54
adapted_instance1228_m=4_n=25_l=15_c=10_s=0_8.txt,0.053129,58,54
adapted_instance1228_m=4_n=25_l=15_c=10_s=0_9.txt,0.05263,58,54
adapted_instance1228_m=4_n=25_l=15_c=10_s=0_10.txt,0.05517,60,54
adapted_instance1230_m=4_n=25_l=15_c=10_s=2_1.txt,0.044129,55,51
adapted_instance1230_m=4_n=25_l=15_c=10_s=2_2.txt,0.057917,58,50
adapted_instance1230_m=4_n=25_l=15_c=10_s=2_3.txt,0.054066,56,51
adapted_instance1230_m=4_n=25_l=15_c=10_s=2_4.txt,0.041528,55,51
adapted_instance1230_m=4_n=25_l=15_c=10_s=2_5.txt,0.081743,58,50
adapted_instance1230_m=4_n=25_l=15_c=10_s=2_6.txt,0.044352,56,51
adapted_instance1230_m=4_n=25_l=15_c=10_s=2_7.txt,0.045015,58,51
adapted_instance1230_m=4_n=25_l=15_c=10_s=2_8.txt,0.061488,58,50
adapted_instance1230_m=4_n=25_l=15_c=10_s=2_9.txt,0.042989,55,50
adapted_instance1230_m=4_n=25_l=15_c=10_s=2_10.txt,0.043948,54,51
adapted_instance1232_m=4_n=25_l=15_c=10_s=1_1.txt,0.065252,54,44
adapted_instance1232_m=4_n=25_l=15_c=10_s=1_2.txt,0.04215,49,44
adapted_instance1232_m=4_n=25_l=15_c=10_s=1_3.txt,0.042867,49,45
adapted_instance1232_m=4_n=25_l=15_c=10_s=1_4.txt,0.052703,48,44
adapted_instance1232_m=4_n=25_l=15_c=10_s=1_5.txt,0.042209,50,44
adapted_instance1232_m=4_n=25_l=15_c=10_s=1_6.txt,0.041521,49,44
adapted_instance1232_m=4_n=25_l=15_c=10_s=1_7.txt,0.043095,49,45
adapted_instance1232_m=4_n=25_l=15_c=10_s=1_8.txt,0.051359,50,44
adapted_instance1232_m=4_n=25_l=15_c=10_s=1_9.txt,0.052739,48,44
adapted_instance1232_m=4_n=25_l=15_c=10_s=1_10.txt,0.04369,51,44
adapted_instance1234_m=4_n=25_l=15_c=10_s=0_1.txt,0.053737,57,52
adapted_instance1234_m=4_n=25_l=15_c=10_s=0_2.txt,0.041865,55,53
adapted_instance1234_m=4_n=25_l=15_c=10_s=0_3.txt,0.041804,58,53
adapted_instance1234_m=4_n=25_l=15_c=10_s=0_4.txt,0.053497,58,52
adapted_instance1234_m=4_n=25_l=15_c=10_s=0_5.txt,0.052849,60,52
adapted_instance1234_m=4_n=25_l=15_c=10_s=0_6.txt,0.040121,57,53
adapted_instance1234_m=4_n=25_l=15_c=10_s=0_7.txt,0.065858,58,53
adapted_instance1234_m=4_n=25_l=15_c=10_s=0_8.txt,0.054474,57,53
adapted_instance1234_m=4_n=25_l=15_c=10_s=0_9.txt,0.061841,57,52
adapted_instance1234_m=4_n=25_l=15_c=10_s=0_10.txt,0.044284,59,54
adapted_instance1236_m=4_n=25_l=15_c=10_s=2_1.txt,0.041892,53,49
adapted_instance1236_m=4_n=25_l=15_c=10_s=2_2.txt,0.065262,55,49
adapted_instance1236_m=4_n=25_l=15_c=10_s=2_3.txt,0.043522,52,49
adapted_instance1236_m=4_n=25_l=15_c=10_s=2_4.txt,0.052269,54,50
adapted_instance1236_m=4_n=25_l=15_c=10_s=2_5.txt,0.054539,56,50
adapted_instance1236_m=4_n=25_l=15_c=10_s=2_6.txt,0.053474,53,49
adapted_instance1236_m=4_n=25_l=15_c=10_s=2_7.txt,0.065984,53,49
adapted_instance1236_m=4_n=25_l=15_c=10_s=2_8.txt,0.062997,54,49
adapted_instance1236_m=4_n=25_l=15_c=10_s=2_9.txt,0.052468,55,50
adapted_instance1236_m=4_n=25_l=15_c=10_s=2_10.txt,0.053362,55,49
adapted_instance1238_m=4_n=25_l=15_c=10_s=1_1.txt,0.052424,56,50
adapted_instance1238_m=4_n=25_l=15_c=10_s=1_2.txt,0.052632,55,50
adapted_instance1238_m=4_n=25_l=15_c=10_s=1_3.txt,0.042162,56,51
adapted_instance1238_m=4_n=25_l=15_c=10_s=1_4.txt,0.054481,56,50
adapted_instance1238_m=4_n=25_l=15_c=10_s=1_5.txt,0.053557,55,50
adapted_instance1238_m=4_n=25_l=15_c=10_s=1_6.txt,0.046174,56,50
adapted_instance1238_m=4_n=25_l=15_c=10_s=1_7.txt,0.063191,57,50
adapted_instance1238_m=4_n=25_l=15_c=10_s=1_8.txt,0.04268,55,50
adapted_instance1238_m=4_n=25_l=15_c=10_s=1_9.txt,0.042901,55,50
adapted_instance1238_m=4_n=25_l=15_c=10_s=1_10.txt,0.042293,53,50
adapted_instance1284_m=4_n=25_l=15_c=10_s=2_1.txt,0.055815,72,65
adapted_instance1284_m=4_n=25_l=15_c=10_s=2_2.txt,0.055461,70,65
adapted_instance1284_m=4_n=25_l=15_c=10_s=2_3.txt,0.057079,69,65
adapted_instance1284_m=4_n=25_l=15_c=10_s=2_4.txt,0.056823,72,66
adapted_instance1284_m=4_n=25_l=15_c=10_s=2_5.txt,0.045525,72,66
adapted_instance1284_m=4_n=25_l=15_c=10_s=2_6.txt,0.068807,70,65
adapted_instance1284_m=4_n=25_l=15_c=10_s=2_7.txt,0.055613,70,66
adapted_instance1284_m=4_n=25_l=15_c=10_s=2_8.txt,0.05713,71,65
adapted_instance1284_m=4_n=25_l=15_c=10_s=2_9.txt,0.059442,71,65
adapted_instance1284_m=4_n=25_l=15_c=10_s=2_10.txt,0.056253,73,65
adapted_instance1286_m=4_n=25_l=15_c=10_s=1_1.txt,0.033769,67,66
adapted_instance1286_m=4_n=25_l=15_c=10_s=1_2.txt,0.055871,70,66
adapted_instance1286_m=4_n=25_l=15_c=10_s=1_3.txt,0.043404,68,66
adapted_instance1286_m=4_n=25_l=15_c=10_s=1_4.txt,0.044026,72,67
adapted_instance1286_m=4_n=25_l=15_c=10_s=1_5.txt,0.056517,71,66
adapted_instance1286_m=4_n=25_l=15_c=10_s=1_6.txt,0.056153,71,66
adapted_instance1286_m=4_n=25_l=15_c=10_s=1_7.txt,0.044564,70,66
adapted_instance1286_m=4_n=25_l=15_c=10_s=1_8.txt,0.04309,69,66
adapted_instance1286_m=4_n=25_l=15_c=10_s=1_9.txt,0.069307,70,66
adapted_instance1286_m=4_n=25_l=15_c=10_s=1_10.txt,0.033496,70,66
adapted_instance1288_m=4_n=25_l=15_c=10_s=0_1.txt,0.042913,63,58
adapted_instance1288_m=4_n=25_l=15_c=10_s=0_2.txt,0.045265,63,58
adapted_instance1288_m=4_n=25_l=15_c=10_s=0_3.txt,0.044934,65,57
adapted_instance1288_m=4_n=25_l=15_c=10_s=0_4.txt,0.043234,63,58
adapted_instance1288_m=4_n=25_l=15_c=10_s=0_5.txt,0.034132,61,57
adapted_instance1288_m=4_n=25_l=15_c=10_s=0_6.txt,0.045141,63,58
adapted_instance1288_m=4_n=25_l=15_c=10_s=0_7.txt,0.045436,64,58
adapted_instance1288_m=4_n=25_l=15_c=10_s=0_8.txt,0.045843,60,57
adapted_instance1288_m=4_n=25_l=15_c=10_s=0_9.txt,0.052398,61,57
adapted_instance1288_m=4_n=25_l=15_c=10_s=0_10.txt,0.043583,61,58
adapted_instance1290_m=4_n=25_l=15_c=10_s=2_1.txt,0.056751,64,57
adapted_instance1290_m=4_n=25_l=15_c=10_s=2_2.txt,0.06916,66,58
adapted_instance1290_m=4_n=25_l=15_c=10_s=2_3.txt,0.055189,64,57
adapted_instance1290_m=4_n=25_l=15_c=10_s=2_4.txt,0.032364,61,59
adapted_instance1290_m=4_n=25_l=15_c=10_s=2_5.txt,0.057045,64,58
adapted_instance1290_m=4_n=25_l=15_c=10_s=2_6.txt,0.055549,64,58
adapted_instance1290_m=4_n=25_l=15_c=10_s=2_7.txt,0.056174,64,57
adapted_instance1290_m=4_n=25_l=15_c=10_s=2_8.txt,0.055573,64,58
adapted_instance1290_m=4_n=25_l=15_c=10_s=2_9.txt,0.045632,62,58
adapted_instance1290_m=4_n=25_l=15_c=10_s=2_10.txt,0.055674,66,58
adapted_instance1294_m=4_n=25_l=15_c=10_s=0_1.txt,0.042424,52,47
adapted_instance1294_m=4_n=25_l=15_c=10_s=0_2.txt,0.06457,56,46
adapted_instance1294_m=4_n=25_l=15_c=10_s=0_3.txt,0.06328,52,46
adapted_instance1294_m=4_n=25_l=15_c=10_s=0_4.txt,0.053674,53,47
adapted_instance1294_m=4_n=25_l=15_c=10_s=0_5.txt,0.066949,52,46
adapted_instance1294_m=4_n=25_l=15_c=10_s=0_6.txt,0.04142,49,46
adapted_instance1294_m=4_n=25_l=15_c=10_s=0_7.txt,0.05223,50,46
adapted_instance1294_m=4_n=25_l=15_c=10_s=0_8.txt,0.053026,53,46
adapted_instance1294_m=4_n=25_l=15_c=10_s=0_9.txt,0.042042,49,46
adapted_instance1294_m=4_n=25_l=15_c=10_s=0_10.txt,0.052377,52,46
adapted_instance1296_m=4_n=25_l=15_c=10_s=2_1.txt,0.044717,52,48
adapted_instance1296_m=4_n=25_l=15_c=10_s=2_2.txt,0.030915,51,46
adapted_instance1296_m=4_n=25_l=15_c=10_s=2_3.txt,0.052667,51,45
adapted_instance1296_m=4_n=25_l=15_c=10_s=2_4.txt,0.061925,51,45
adapted_instance1296_m=4_n=25_l=15_c=10_s=2_5.txt,0.07519,54,45
adapted_instance1296_m=4_n=25_l=15_c=10_s=2_6.txt,0.041433,51,47
adapted_instance1296_m=4_n=25_l=15_c=10_s=2_7.txt,0.042587,50,47
adapted_instance1296_m=4_n=25_l=15_c=10_s=2_8.txt,0.053367,52,46
adapted_instance1296_m=4_n=25_l=15_c=10_s=2_9.txt,0.052922,51,46
adapted_instance1296_m=4_n=25_l=15_c=10_s=2_10.txt,0.041556,53,45
adapted_instance1302_m=4_n=25_l=15_c=10_s=2_1.txt,0.051471,52,45
adapted_instance1302_m=4_n=25_l=15_c=10_s=2_2.txt,0.051791,52,45
adapted_instance1302_m=4_n=25_l=15_c=10_s=2_3.txt,0.072847,51,45
adapted_instance1302_m=4_n=25_l=15_c=10_s=2_4.txt,0.041553,50,46
adapted_instance1302_m=4_n=25_l=15_c=10_s=2_5.txt,0.042488,49,46
adapted_instance1302_m=4_n=25_l=15_c=10_s=2_6.txt,0.043156,52,47
adapted_instance1302_m=4_n=25_l=15_c=10_s=2_7.txt,0.053088,54,46
adapted_instance1302_m=4_n=25_l=15_c=10_s=2_8.txt,0.076281,54,45
adapted_instance1302_m=4_n=25_l=15_c=10_s=2_9.txt,0.053437,51,46
adapted_instance1302_m=4_n=25_l=15_c=10_s=2_10.txt,0.052256,52,46
adapted_instance1304_m=4_n=25_l=15_c=10_s=1_1.txt,0.052461,59,53
adapted_instance1304_m=4_n=25_l=15_c=10_s=1_2.txt,0.05453,59,53
adapted_instance1304_m=4_n=25_l=15_c=10_s=1_3.txt,0.052866,56,52
adapted_instance1304_m=4_n=25_l=15_c=10_s=1_4.txt,0.031065,56,53
adapted_instance1304_m=4_n=25_l=15_c=10_s=1_5.txt,0.040984,57,53
adapted_instance1304_m=4_n=25_l=15_c=10_s=1_6.txt,0.063557,57,52
adapted_instance1304_m=4_n=25_l=15_c=10_s=1_7.txt,0.051884,59,52
adapted_instance1304_m=4_n=25_l=15_c=10_s=1_8.txt,0.043366,58,54
adapted_instance1304_m=4_n=25_l=15_c=10_s=1_9.txt,0.053822,58,53
adapted_instance1304_m=4_n=25_l=15_c=10_s=1_10.txt,0.053568,60,52
adapted_instance1310_m=4_n=25_l=15_c=10_s=1_1.txt,0.050784,53,48
adapted_instance1310_m=4_n=25_l=15_c=10_s=1_2.txt,0.042704,55,50
adapted_instance1310_m=4_n=25_l=15_c=10_s=1_3.txt,0.05159,56,48
adapted_instance1310_m=4_n=25_l=15_c=10_s=1_4.txt,0.052674,57,49
adapted_instance1310_m=4_n=25_l=15_c=10_s=1_5.txt,0.042526,54,48
adapted_instance1310_m=4_n=25_l=15_c=10_s=1_6.txt,0.051657,55,49
adapted_instance1310_m=4_n=25_l=15_c=10_s=1_7.txt,0.062224,56,49
adapted_instance1310_m=4_n=25_l=15_c=10_s=1_8.txt,0.051426,56,48
adapted_instance1310_m=4_n=25_l=15_c=10_s=1_9.txt,0.051989,56,49
adapted_instance1310_m=4_n=25_l=15_c=10_s=1_10.txt,0.051113,54,49
adapted_instance1324_m=4_n=25_l=20_c=10_s=0_1.txt,0.080887,66,61
adapted_instance1324_m=4_n=25_l=20_c=10_s=0_2.txt,0.047608,62,61
adapted_instance1324_m=4_n=25_l=20_c=10_s=0_3.txt,0.078846,66,61
adapted_instance1324_m=4_n=25_l=20_c=10_s=0_4.txt,0.046312,63,62
adapted_instance1324_m=4_n=25_l=20_c=10_s=0_5.txt,0.064803,65,61
adapted_instance1324_m=4_n=25_l=20_c=10_s=0_6.txt,0.079058,66,61
adapted_instance1324_m=4_n=25_l=20_c=10_s=0_7.txt,0.079024,67,61
adapted_instance1324_m=4_n=25_l=20_c=10_s=0_8.txt,0.063737,66,61
adapted_instance1324_m=4_n=25_l=20_c=10_s=0_9.txt,0.065105,66,61
adapted_instance1324_m=4_n=25_l=20_c=10_s=0_10.txt,0.079006,66,61
adapted_instance1326_m=4_n=25_l=20_c=10_s=2_1.txt,0.078239,63,57
adapted_instance1326_m=4_n=25_l=20_c=10_s=2_2.txt,0.077409,62,58
adapted_instance1326_m=4_n=25_l=20_c=10_s=2_3.txt,0.078783,62,58
adapted_instance1326_m=4_n=25_l=20_c=10_s=2_4.txt,0.093489,62,57
adapted_instance1326_m=4_n=25_l=20_c=10_s=2_5.txt,0.078335,63,58
adapted_instance1326_m=4_n=25_l=20_c=10_s=2_6.txt,0.06136,64,59
adapted_instance1326_m=4_n=25_l=20_c=10_s=2_7.txt,0.08088,62,58
adapted_instance1326_m=4_n=25_l=20_c=10_s=2_8.txt,0.077579,64,58
adapted_instance1326_m=4_n=25_l=20_c=10_s=2_9.txt,0.07766,62,57
adapted_instance1326_m=4_n=25_l=20_c=10_s=2_10.txt,0.078147,62,57
adapted_instance1328_m=4_n=25_l=20_c=10_s=1_1.txt,0.076723,66,56
adapted_instance1328_m=4_n=25_l=20_c=10_s=1_2.txt,0.060026,59,56
adapted_instance1328_m=4_n=25_l=20_c=10_s=1_3.txt,0.076891,62,56
adapted_instance1328_m=4_n=25_l=20_c=10_s=1_4.txt,0.076153,62,57
adapted_instance1328_m=4_n=25_l=20_c=10_s=1_5.txt,0.062444,60,56
adapted_instance1328_m=4_n=25_l=20_c=10_s=1_6.txt,0.062979,59,56
adapted_instance1328_m=4_n=25_l=20_c=10_s=1_7.txt,0.078431,61,56
adapted_instance1328_m=4_n=25_l=20_c=10_s=1_8.txt,0.080671,63,55
adapted_instance1328_m=4_n=25_l=20_c=10_s=1_9.txt,0.07925,59,55
adapted_instance1328_m=4_n=25_l=20_c=10_s=1_10.txt,0.078764,61,56
adapted_instance1334_m=4_n=25_l=20_c=10_s=1_1.txt,0.046099,65,63
adapted_instance1334_m=4_n=25_l=20_c=10_s=1_2.txt,0.047092,64,63
adapted_instance1334_m=4_n=25_l=20_c=10_s=1_3.txt,0.046846,66,63
adapted_instance1334_m=4_n=25_l=20_c=10_s=1_4.txt,0.06415,66,63
adapted_instance1334_m=4_n=25_l=20_c=10_s=1_5.txt,0.047913,65,63
adapted_instance1334_m=4_n=25_l=20_c=10_s=1_6.txt,0.045692,64,63
adapted_instance1334_m=4_n=25_l=20_c=10_s=1_7.txt,0.047135,65,63
adapted_instance1334_m=4_n=25_l=20_c=10_s=1_8.txt,0.063556,67,63
adapted_instance1334_m=4_n=25_l=20_c=10_s=1_9.txt,0.061872,66,63
adapted_instance1334_m=4_n=25_l=20_c=10_s=1_10.txt,0.047371,65,63
adapted_instance1338_m=4_n=25_l=20_c=10_s=2_1.txt,0.076675,58,53
adapted_instance1338_m=4_n=25_l=20_c=10_s=2_2.txt,0.062055,58,53
adapted_instance1338_m=4_n=25_l=20_c=10_s=2_3.txt,0.08169,56,51
adapted_instance1338_m=4_n=25_l=20_c=10_s=2_4.txt,0.062121,59,53
adapted_instance1338_m=4_n=25_l=20_c=10_s=2_5.txt,0.091779,56,52
adapted_instance1338_m=4_n=25_l=20_c=10_s=2_6.txt,0.063211,56,52
adapted_instance1338_m=4_n=25_l=20_c=10_s=2_7.txt,0.108344,58,51
adapted_instance1338_m=4_n=25_l=20_c=10_s=2_8.txt,0.07779,57,52
adapted_instance1338_m=4_n=25_l=20_c=10_s=2_9.txt,0.076769,61,52
adapted_instance1338_m=4_n=25_l=20_c=10_s=2_10.txt,0.062022,55,51
adapted_instance1340_m=4_n=25_l=20_c=10_s=1_1.txt,0.062578,60,55
adapted_instance1340_m=4_n=25_l=20_c=10_s=1_2.txt,0.079237,61,55
adapted_instance1340_m=4_n=25_l=20_c=10_s=1_3.txt,0.089088,61,54
adapted_instance1340_m=4_n=25_l=20_c=10_s=1_4.txt,0.113704,61,54
adapted_instance1340_m=4_n=25_l=20_c=10_s=1_5.txt,0.091385,62,54
adapted_instance1340_m=4_n=25_l=20_c=10_s=1_6.txt,0.077864,60,54
adapted_instance1340_m=4_n=25_l=20_c=10_s=1_7.txt,0.112641,64,54
adapted_instance1340_m=4_n=25_l=20_c=10_s=1_8.txt,0.091916,60,54
adapted_instance1340_m=4_n=25_l=20_c=10_s=1_9.txt,0.047722,56,55
adapted_instance1340_m=4_n=25_l=20_c=10_s=1_10.txt,0.076679,61,54
adapted_instance1342_m=4_n=25_l=20_c=10_s=0_1.txt,0.062863,58,53
adapted_instance1342_m=4_n=25_l=20_c=10_s=0_2.txt,0.063006,58,53
adapted_instance1342_m=4_n=25_l=20_c=10_s=0_3.txt,0.075497,58,52
adapted_instance1342_m=4_n=25_l=20_c=10_s=0_4.txt,0.062423,59,52
adapted_instance1342_m=4_n=25_l=20_c=10_s=0_5.txt,0.063629,61,53
adapted_instance1342_m=4_n=25_l=20_c=10_s=0_6.txt,0.06171,57,53
adapted_instance1342_m=4_n=25_l=20_c=10_s=0_7.txt,0.076789,58,52
adapted_instance1342_m=4_n=25_l=20_c=10_s=0_8.txt,0.062452,58,53
adapted_instance1342_m=4_n=25_l=20_c=10_s=0_9.txt,0.046069,56,52
adapted_instance1342_m=4_n=25_l=20_c=10_s=0_10.txt,0.061222,57,52
adapted_instance1344_m=4_n=25_l=20_c=10_s=2_1.txt,0.06111,57,54
adapted_instance1344_m=4_n=25_l=20_c=10_s=2_2.txt,0.060591,60,54
adapted_instance1344_m=4_n=25_l=20_c=10_s=2_3.txt,0.062975,62,55
adapted_instance1344_m=4_n=25_l=20_c=10_s=2_4.txt,0.064292,61,54
adapted_instance1344_m=4_n=25_l=20_c=10_s=2_5.txt,0.061683,57,54
adapted_instance1344_m=4_n=25_l=20_c=10_s=2_6.txt,0.062508,56,54
adapted_instance1344_m=4_n=25_l=20_c=10_s=2_7.txt,0.076752,62,54
adapted_instance1344_m=4_n=25_l=20_c=10_s=2_8.txt,0.078895,59,54
adapted_instance1344_m=4_n=25_l=20_c=10_s=2_9.txt,0.092386,62,54
adapted_instance1344_m=4_n=25_l=20_c=10_s=2_10.txt,0.061123,59,54
adapted_instance1346_m=4_n=25_l=20_c=10_s=1_1.txt,0.06013,58,51
adapted_instance1346_m=4_n=25_l=20_c=10_s=1_2.txt,0.091305,58,50
adapted_instance1346_m=4_n=25_l=20_c=10_s=1_3.txt,0.076992,63,50
adapted_instance1346_m=4_n=25_l=20_c=10_s=1_4.txt,0.080514,57,50
adapted_instance1346_m=4_n=25_l=20_c=10_s=1_5.txt,0.08852,59,50
adapted_instance1346_m=4_n=25_l=20_c=10_s=1_6.txt,0.076372,59,50
adapted_instance1346_m=4_n=25_l=20_c=10_s=1_7.txt,0.059184,54,50
adapted_instance1346_m=4_n=25_l=20_c=10_s=1_8.txt,0.077829,59,51
adapted_instance1346_m=4_n=25_l=20_c=10_s=1_9.txt,0.091191,58,51
adapted_instance1346_m=4_n=25_l=20_c=10_s=1_10.txt,0.095032,58,51
adapted_instance1348_m=4_n=25_l=20_c=10_s=0_1.txt,0.080033,69,63
adapted_instance1348_m=4_n=25_l=20_c=10_s=0_2.txt,0.064425,65,62
adapted_instance1348_m=4_n=25_l=20_c=10_s=0_3.txt,0.061576,65,62
adapted_instance1348_m=4_n=25_l=20_c=10_s=0_4.txt,0.077994,67,62
adapted_instance1348_m=4_n=25_l=20_c=10_s=0_5.txt,0.065485,67,62
adapted_instance1348_m=4_n=25_l=20_c=10_s=0_6.txt,0.068725,65,62
adapted_instance1348_m=4_n=25_l=20_c=10_s=0_7.txt,0.080427,68,62
adapted_instance1348_m=4_n=25_l=20_c=10_s=0_8.txt,0.110046,71,62
adapted_instance1348_m=4_n=25_l=20_c=10_s=0_9.txt,0.049517,66,62
adapted_instance1348_m=4_n=25_l=20_c=10_s=0_10.txt,0.061603,67,62
adapted_instance1350_m=4_n=25_l=20_c=10_s=2_1.txt,0.062925,64,62
adapted_instance1350_m=4_n=25_l=20_c=10_s=2_2.txt,0.061342,66,62
adapted_instance1350_m=4_n=25_l=20_c=10_s=2_3.txt,0.060509,67,62
adapted_instance1350_m=4_n=25_l=20_c=10_s=2_4.txt,0.076253,67,62
adapted_instance1350_m=4_n=25_l=20_c=10_s=2_5.txt,0.061702,68,62
adapted_instance1350_m=4_n=25_l=20_c=10_s=2_6.txt,0.108861,71,62
adapted_instance1350_m=4_n=25_l=20_c=10_s=2_7.txt,0.092425,67,62
adapted_instance1350_m=4_n=25_l=20_c=10_s=2_8.txt,0.081345,66,62
adapted_instance1350_m=4_n=25_l=20_c=10_s=2_9.txt,0.062333,67,62
adapted_instance1350_m=4_n=25_l=20_c=10_s=2_10.txt,0.061859,67,62
adapted_instance1354_m=4_n=25_l=20_c=10_s=0_1.txt,0.097253,76,65
adapted_instance1354_m=4_n=25_l=20_c=10_s=0_2.txt,0.096579,74,65
adapted_instance1354_m=4_n=25_l=20_c=10_s=0_3.txt,0.096779,75,66
adapted_instance1354_m=4_n=25_l=20_c=10_s=0_4.txt,0.080867,70,66
adapted_instance1354_m=4_n=25_l=20_c=10_s=0_5.txt,0.080856,73,66
adapted_instance1354_m=4_n=25_l=20_c=10_s=0_6.txt,0.065302,72,66
adapted_instance1354_m=4_n=25_l=20_c=10_s=0_7.txt,0.091776,71,65
adapted_instance1354_m=4_n=25_l=20_c=10_s=0_8.txt,0.09566,74,65
adapted_instance1354_m=4_n=25_l=20_c=10_s=0_9.txt,0.078532,71,65
adapted_instance1354_m=4_n=25_l=20_c=10_s=0_10.txt,0.09366,72,65
adapted_instance1356_m=4_n=25_l=20_c=10_s=2_1.txt,0.094393,72,64
adapted_instance1356_m=4_n=25_l=20_c=10_s=2_2.txt,0.078923,69,64
adapted_instance1356_m=4_n=25_l=20_c=10_s=2_3.txt,0.109509,72,64
adapted_instance1356_m=4_n=25_l=20_c=10_s=2_4.txt,0.065407,71,66
adapted_instance1356_m=4_n=25_l=20_c=10_s=2_5.txt,0.080024,71,65
adapted_instance1356_m=4_n=25_l=20_c=10_s=2_6.txt,0.064231,71,65
adapted_instance1356_m=4_n=25_l=20_c=10_s=2_7.txt,0.078872,69,64
adapted_instance1356_m=4_n=25_l=20_c=10_s=2_8.txt,0.080384,69,65
adapted_instance1356_m=4_n=25_l=20_c=10_s=2_9.txt,0.095182,78,64
adapted_instance1356_m=4_n=25_l=20_c=10_s=2_10.txt,0.080559,68,64
adapted_instance1362_m=4_n=25_l=20_c=10_s=2_1.txt,0.10984,65,54
adapted_instance1362_m=4_n=25_l=20_c=10_s=2_2.txt,0.09351,64,54
adapted_instance1362_m=4_n=25_l=20_c=10_s=2_3.txt,0.096517,64,55
adapted_instance1362_m=4_n=25_l=20_c=10_s=2_4.txt,0.095018,65,54
adapted_instance1362_m=4_n=25_l=20_c=10_s=2_5.txt,0.109815,60,54
adapted_instance1362_m=4_n=25_l=20_c=10_s=2_6.txt,0.113753,66,54
adapted_instance1362_m=4_n=25_l=20_c=10_s=2_7.txt,0.095903,63,57
adapted_instance1362_m=4_n=25_l=20_c=10_s=2_8.txt,0.096559,63,54
adapted_instance1362_m=4_n=25_l=20_c=10_s=2_9.txt,0.127315,66,55
adapted_instance1362_m=4_n=25_l=20_c=10_s=2_10.txt,0.109564,64,55
adapted_instance1364_m=4_n=25_l=20_c=10_s=1_1.txt,0.077734,77,73
adapted_instance1364_m=4_n=25_l=20_c=10_s=1_2.txt,0.081484,78,73
adapted_instance1364_m=4_n=25_l=20_c=10_s=1_3.txt,0.081196,76,73
adapted_instance1364_m=4_n=25_l=20_c=10_s=1_4.txt,0.080072,77,72
adapted_instance1364_m=4_n=25_l=20_c=10_s=1_5.txt,0.09683,76,72
adapted_instance1364_m=4_n=25_l=20_c=10_s=1_6.txt,0.09703,78,72
adapted_instance1364_m=4_n=25_l=20_c=10_s=1_7.txt,0.066462,79,72
adapted_instance1364_m=4_n=25_l=20_c=10_s=1_8.txt,0.076521,78,73
adapted_instance1364_m=4_n=25_l=20_c=10_s=1_9.txt,0.077181,76,72
adapted_instance1364_m=4_n=25_l=20_c=10_s=1_10.txt,0.097002,79,72
adapted_instance1366_m=4_n=25_l=20_c=10_s=0_1.txt,0.094137,60,53
adapted_instance1366_m=4_n=25_l=20_c=10_s=0_2.txt,0.091213,62,53
adapted_instance1366_m=4_n=25_l=20_c=10_s=0_3.txt,0.09312,62,54
adapted_instance1366_m=4_n=25_l=20_c=10_s=0_4.txt,0.079707,60,55
adapted_instance1366_m=4_n=25_l=20_c=10_s=0_5.txt,0.064045,62,54
adapted_instance1366_m=4_n=25_l=20_c=10_s=0_6.txt,0.079144,62,56
adapted_instance1366_m=4_n=25_l=20_c=10_s=0_7.txt,0.077645,61,55
adapted_instance1366_m=4_n=25_l=20_c=10_s=0_8.txt,0.080234,64,56
adapted_instance1366_m=4_n=25_l=20_c=10_s=0_9.txt,0.109088,61,53
adapted_instance1366_m=4_n=25_l=20_c=10_s=0_10.txt,0.078819,60,55
